,Unnamed: 0_x,Name,Keywords (10),Top Keywords List,Top Keywords,shop_rating,r_num,Category_x,Location_x,region,Price_range,nickname,user_rating,lun_di,times,review,save,Category_1_x,min_점심,max_점심,avg_점심,min_저녁,max_저녁,avg_저녁,Location_1_x,Location_2_x,Unnamed: 0_y,Category_y,Category_1_y,Location_y,Location_1_y,Label,Rating,Review,avg_lunch,avg_dinner,min_lunch,max_lunch,min_dinner,max_dinner,Location_2_y
0,0,207다이닝,"파스타, 음식, 아이스크림, 스테이크, 메뉴, 생일, 분위기, 요리, 좋은, 트러플","['특별한 날', '분위기 좋은']","특별한 날, 분위기 좋은",4.9,279,다이닝바,서울숲,서울특별시 성동구 성수일로1길 12-12,점심 1 - 3만원 · 저녁 2 - 4만원,최고의 식객_42511,5.0,저녁,2024.06.08,애인과 4주년 기념일이라 방문했습니다 ㅎㅎ 사장님이 바쁘시게 요리하시는 모습이 인상적이었어요 와인도 향이 넘 좋았고 모든 요리가 정성이 담겨있었습니다 재료 한가지 한가지가 다 신선했고 관자는 입에서 녹더라고요..ㅎ  스테이크가 기가막혔는데 너무 부드러워서 기절쌈바리.!! 사실 지독한 감기가 걸려서 뭘 먹어도 소화도 안되고 요며칠 제대로 음식도 못먹었는데 207다이닝에서 먹은 식사는 속이 편안하네요 히히  아 기념일인걸 눈치채셨는지 트러플 마스카포네 아이스크림을 쥰비해주셔서 너무 감동이었습니다   덕분에 기억에 남는 기념일이 되었어요 ㅎㅎ  감사합니다~ 기분좋으다!!  ,"2,839",다이닝바,10000.0,30000.0,20000.0,20000.0,40000.0,30000.0,성동구,서울숲,2482,양식,양식,서울숲,성동구,예약,4.9,277,20000.0,30000.0,10000.0,30000.0,20000.0,40000.0,서울숲
1,1,37.5 시그니처 성수점,"분위기, 브런치, 음식, 직원, 맛집, 성수, 좋았어요, 파스타, 좋고, 좋아요","['친절한', '음식이 맛있는', '분위기 좋은']","친절한, 음식이 맛있는, 분위기 좋은",4.7,72,브런치,성수,서울특별시 성동구 연무장길 41-19 37.5 시그니처 성수,점심 저녁 동일가 2 - 4만원,빛나는 맛사냥꾼_52961,5.0,점심,2024.04.07,청모했어요 사진 한 장 빠졌는데 다 너무 맛있게 잘 먹었습니다☺👍🏻  ,671,양식,20000.0,40000.0,30000.0,20000.0,40000.0,30000.0,성동구,성수,327,브런치,양식,성수,성동구,웨이팅,4.7,72,30000.0,30000.0,20000.0,40000.0,20000.0,40000.0,성수
2,2,Bar Postscript 바피에스,"와인, 분위기, 음식, 코스, 생일, 서비스, 메뉴, 요리, 가격, 맛있고","['서비스 좋은', '특별한 날', '분위기 좋은', '주류', '음식이 맛있는']","서비스 좋은, 특별한 날, 분위기 좋은, 주류, 음식이 맛있는",4.7,270,다이닝바,성수,서울특별시 성동구 연무장17길 10 4층,점심 영업안함 · 저녁 1 - 3만원,훈레사,5.0,저녁,2024.06.21,기념일에 스페셜코스로 식사겸으로  갔는데 너무너무 서비스 좋고 맛있게 먹고왔습니다 남자들은 양이 좀 부족할수있는데 술이랑 천천히 먹으면서 즐기면 나름 괜찮을거 같습니다! 단체로도 오고 대관도 가능하다는데 추천~ 지림!  ,"4,222",다이닝바,,,영업안함,10000.0,30000.0,20000.0,성동구,성수,1102,양식,양식,성수,성동구,예약,4.7,271,영업안함,20000.0,,,10000.0,30000.0,성수
3,3,ERN 이알앤,"파스타, 메뉴, 음식, 분위기, 소스, 뇨끼, 라자냐, 맛있고, 좋고, 맛있어서","['음식이 맛있는', '분위기 좋은']","음식이 맛있는, 분위기 좋은",4.8,335,파스타,서울숲,서울특별시 성동구 서울숲2길 8-7,점심 저녁 동일가 1 - 4만원,초콜릿웨하스,5.0,점심,2024.05.10,"어린이날에 성수동에서 어린이 뮤지컬 보고, 주변에 괜찮은 식당 없나 찾던 중 점심엔 웰컴키즈존이길래 남편, 아이랑 다녀왔어요! (아이 식기나 의자는 요청시 주신다고 하네요. 17시 이후는 노키즈존이구요) 가게는 넓진 않지만 아늑하고 아기자기한 느낌으로 예쁘구요,  저희는 창가 쪽에 앉았는데 테이블 간격도 좁지 않아서 아이랑 편하게 먹기 좋았어요.  포르치니 크림 뇨끼, 라구 라자냐, 버터치킨 파스타, 엔다이브 샐러드 피자 주문했는데 음식이 하나하나 다 훌륭했어요.   너무 맛있게 먹었습니다! 아이도 맛있다고 잘 먹었어요. 다음에는 친구랑 가봐야겠어요^^  ","4,645",양식,10000.0,40000.0,25000.0,10000.0,40000.0,25000.0,성동구,서울숲,1778,파스타,양식,서울숲,성동구,예약,4.8,334,25000.0,25000.0,10000.0,40000.0,10000.0,40000.0,서울숲
4,6,TOOG 투그,"음식, 메뉴, 핫도그, 와인, 주문, 파스타, 맛있었어요, 소스, 로우, 분위기","['주류', '음식이 맛있는', '분위기 좋은']","주류, 음식이 맛있는, 분위기 좋은",4.7,598,다이닝바,성수,서울특별시 성동구 성수이로14길 5 1층,점심 저녁 동일가 1 - 4만원,아름다운 식도락가_7623,5.0,저녁,2024.06.07,"힙한 다이닝 레스토랑들 음식 맛이 빈맛이라 아쉬운 경우가 많은데, 투그는 힙하면서도 음식들도 풍미 있고 캐릭터 진해서 맛있게 먹었습니다! 창가 자리가 제일 운치 좋은데 운좋게 워크인에 자리가 있어서 좋았어요. 핫도그 특색있고 맛있었고 음식 설명도 자세히 잘 해주셨어요!  ","4,725",다이닝바,10000.0,40000.0,25000.0,10000.0,40000.0,25000.0,성동구,성수,1628,양식,양식,성수,성동구,예약,4.7,598,25000.0,25000.0,10000.0,40000.0,10000.0,40000.0,성수
5,7,TWG Tea 성수낙낙점,"분위기, 좋고, 기분, 시간, 디저트, 예약, 음식, 좋은, 맛있어요, 좋아요","['음식이 맛있는', '분위기 좋은']","음식이 맛있는, 분위기 좋은",4.7,79,"카페,디저트",성수,서울특별시 성동구 아차산로17길 48 성수 SK V1 CENTER I 성수낙낙 1층,점심 저녁 동일가 1 - 4만원,Angela-Park,4.8,저녁,2024.05.12,생일이라 예약하고  방문했는데~ 주차도 좋고 5월 예약자에게 주는 선물로 올가닉구미도 받아 더 기분이 좋았습니다.  메뉴구성 너무나 좋고 가성비 말해 뭐하나요?!🥰 맛은 어느하나 부족함 없이 밸런스가 최고👍 마지막 디저트와 차로 입안이 깔끔허게 정리되고  TWG블랙티와 티웨어가 더해지니 대접받는 느낌💕 내돈내산 아깝지 않은 곳. 다이닝도 추천합니다.  ,"1,104",카페,10000.0,40000.0,25000.0,10000.0,40000.0,25000.0,성동구,성수,1787,"카페,디저트",카페,성수,성동구,예약,4.7,78,25000.0,25000.0,10000.0,40000.0,10000.0,40000.0,성수
6,9,Wip seongsu (윕 성수),"분위기, 메뉴, 와인, 음식, 좋았어요, 스테이크, 파스타, 뇨끼, 연말, 맛있고","['주류', '음식이 맛있는', '분위기 좋은', '특별한 날']","주류, 음식이 맛있는, 분위기 좋은, 특별한 날",4.5,923,다이닝바,성수,서울특별시 성동구 광나루로4가길 5 1층,점심 저녁 동일가 1 - 4만원,환영이 歡領,5.0,저녁,2024.06.14,"취한채로 적게돼서 음슴체로 적겠음.  친구들이 간다고 해서 눈치 안챙기고 껴서 또 왔음. 와인도 사준대서 감사합니다 하고 포트와인 레드 화이트로 두병이나 마셨음.(단 19도짜리 밋있는 와인)  오늘은 사람이 많아서 다양하게, 그리고 신메뉴인 초당옥수수 뇨끼도 먹었음.(제일 핫했음)  솔직히 초당옥수수 별로 안좋아하고, 통조림옥수수도 좋아하지는 않아서 그냥 한숟갈만 뜨자 했는데, 2숟갈 뜨는 순간 이미 동나있어서 아쉬웠음.(남자 5명이라 맛있다고 다 먹어버림.... ㅇㅅㅇ)  다른건 이미 업로드 했으니 초당옥수수 뇨끼를 말하자면,딱 어 단가? 다네? 할 정도의 적당한 단맛에, 과하지않은 스치듯 지나가는 옥수수의 향, 폭신쫄깃(폭쫄)한 뇨끼가 상상 할 수 있는 맛을 뛰어 넘어 '어?' 하는 순간에 다음 뇨끼를 먹고 있는 자신을 볼 수 있는 맛이었음.  이상 와인 반병에 알딸딸 해져버려서 이만 줄이겠음. ㅅㄱ  ","9,999+",다이닝바,10000.0,40000.0,25000.0,10000.0,40000.0,25000.0,성동구,성수,1617,양식,양식,성수,성동구,예약,4.5,921,25000.0,25000.0,10000.0,40000.0,10000.0,40000.0,성수
7,10,dooop,"분위기, 음식, 와인, 좋은, 기분, 좋았어요, 맛있었어요, 메뉴, 서비스, 좋고","['서비스 좋은', '주류', '음식이 맛있는', '분위기 좋은']","서비스 좋은, 주류, 음식이 맛있는, 분위기 좋은",4.7,582,다이닝바,서울숲,서울특별시 성동구 서울숲2길 16-8,점심 저녁 동일가 1 - 3만원,Lynnnnnnn,5.0,점심,2024.06.24,정말 맛있게 잘 먹었습니다.  기념일에 예약하고 방문했는데 원하는 자리에 앉을 수 있어 좋았어요. 평일이라 한산했는데 주말이면 인기 많을 것 같습니다. 음식 맛도 너무 훌륭합니다. 뇨끼가 너무 맛있어서 놀랐는데요 아주 쫀득하고 소스와 궁합이 최고입니다. 직원 분들의 서비스나 애티튜드가 친절하셔서 더 기분이 좋았네요. 와인은 따로 들고가서 콜키지 신청하여 마셨습니다. 깔끔하게 와인 오픈하여 첫 잔 따라주셔서 대접 받는 기분이 들었습니다. 아주 추천합니다 !   ,"9,999+",다이닝바,10000.0,30000.0,20000.0,10000.0,30000.0,20000.0,성동구,서울숲,1097,양식,양식,서울숲,성동구,예약,4.7,579,20000.0,20000.0,10000.0,30000.0,10000.0,30000.0,서울숲
8,11,oiljang,"와인, 음식, 메뉴, 추천, 리스트, 맛있게, 맛집, 소스, 오일장, 주문","['주류', '음식이 맛있는', '추천하는']","주류, 음식이 맛있는, 추천하는",4.8,256,다이닝바,서울숲,서울특별시 성동구 서울숲2길 20-8 2층,점심 영업안함 · 저녁 1 - 3만원,꿈꾸는 개척가_50798,5.0,저녁,2024.07.01,"추천해주신 와인, 음식 너무너무 맛있었습니다! 다음주에 또 예약했습니다🫢  ","5,560",다이닝바,,,영업안함,10000.0,30000.0,20000.0,성동구,서울숲,1134,양식,양식,서울숲,성동구,예약,4.8,252,영업안함,20000.0,,,10000.0,30000.0,서울숲
9,13,갈비집 본,"고기, 분위기, 갈비, 서비스, 식사, 찌개, 맛있게, 맛있고, 목살, 건대","['서비스 좋은', '음식이 맛있는', '분위기 좋은']","서비스 좋은, 음식이 맛있는, 분위기 좋은",4.9,292,돼지고기구이,건대,서울특별시 광진구 아차산로31길 23 2층,점심 영업안함 · 저녁 1 - 2만원,kjw132,5.0,저녁,2024.06.07,"5월 14일 방문했는데 바로 리뷰 쓴다는 걸 깜빡하고 지금에야 씁니다. 애매한 시간에 주변에 들를 일이 있어 4시반에 여는 식당을 찾다가 엄마와 방문하게 되었습니다. 식당 내부가 바석이나 테이블석 모두 자리 간격이 넓고 식탁의 크기도 커서 매우 쾌적하게 식사할 수 있습니다. 그리고 고기가 구워서 나오기 때문에 가장 맛있는 상태로 구워주셔서 너무 편하고 맛있게 식사할 수 있습니다. 평소 인원수 대로 시키면 양이 부족하고 나눠서 시키면 번거로우실까봐 갈빗살 2인분, 목살 1인분을 한번에 주문했는데 일단 양도 많고 맛이 섞이지 않게 그리고 먹는 속도에 맞추어 준비해주십니다. 그리고 면이 있으면 꼭 먹어 봐야 되는 성격이라 비빔메밀도 주문했는데 역시 맛있습니다. 주류/음료 필수라 저희는 술을 안먹어서 딸기에이드, 석류에이드를 먹었는데 원래 음료 안드시는 엄마가 너무 맛있다고 이 정도면 음료필수 안해도 시켜먹고 싶다고 하십니다. 사장님, 직원분들도 너무 친절하셔서 대접받는 느낌입니다. 정말 추천하고 싶은 맛집입니다.  결론 : 내부 쾌적함. 편리함. 친절함. 맛있음. 양이 많음.  ","1,530",한식,,,영업안함,10000.0,20000.0,15000.0,광진구,건대,845,돼지고기구이,한식,건대,광진구,예약,4.9,291,영업안함,15000.0,,,10000.0,20000.0,건대
10,14,감도 성수점,"아이스크림, 디저트, 예약, 가격, 레터, 맛있어요, 바질, 분위기, 서비스, 조약돌","['서비스 좋은', '음식이 맛있는', '분위기 좋은']","서비스 좋은, 음식이 맛있는, 분위기 좋은",4.3,67,"카페,디저트",서울숲,서울특별시 성동구 왕십리로 83-21 아크로 서울포레스트 지하1층 b115,점심 저녁 동일가 1 - 2만원,착한 식도락가_59511,4.3,저녁,2024.04.15,뭔가 생각한 맛이랑은 다르지만 계속 먹다보니 맛있엇어요 색다른 맛입니당 비싸긴 하지만 또 방문할 거 같아오  ,"3,181",카페,10000.0,20000.0,15000.0,10000.0,20000.0,15000.0,성동구,서울숲,806,"카페,디저트",카페,서울숲,성동구,예약,4.3,67,15000.0,15000.0,10000.0,20000.0,10000.0,20000.0,서울숲
11,16,경주이씨,"메뉴, 음식, 안주, 가격, 분위기, 맛있고, 최고, 좋은, 주문, 맛집","['음식이 맛있는', '분위기 좋은', '추천하는']","음식이 맛있는, 분위기 좋은, 추천하는",4.5,80,전통주,성수,서울특별시 성동구 왕십리로8길 19-6,점심 영업안함 · 저녁 1 - 2만원,먹고사랑하고먹고,5.0,저녁,2024.05.20, 성인이 된 내 애기링 온 내 최애 경주이씨. 모든게 좋은 나만 알고 싶지만 널리 또 알리고 싶은 굿플레이스👍👍👍  ,779,주류,,,영업안함,10000.0,20000.0,15000.0,성동구,성수,903,전통주,주류,성수,성동구,예약,4.5,79,영업안함,15000.0,,,10000.0,20000.0,성수
12,18,고로고로 성수,"오차즈케, 음식, 장어, 로고, 맛있었어요, 요청, 테이블, 해산물, 도미, 분위기","['음식이 맛있는', '분위기 좋은']","음식이 맛있는, 분위기 좋은",4.6,232,일식,성수,서울특별시 성동구 아차산로13길 16 성수동램킨중흥S클래스오피스텔,점심 저녁 동일가 1 - 3만원,_SUN,5.0,저녁,2024.05.11,3종류 카이센동 다 맛있었고 직원들도 친절해요~참치랑 문어 등등  다져있는 고로고로 진짜 실하고 1/3정도 남았을 때 오차즈케 꼭 해드세요!!  ,"4,325",일식,10000.0,30000.0,20000.0,10000.0,30000.0,20000.0,성동구,성수,1349,일식,일식,성수,성동구,예약,4.6,230,20000.0,20000.0,10000.0,30000.0,10000.0,30000.0,성수
13,20,곤스 gon`s,"분위기, 하이, 음식, 맛집, 안주, 좋아요, 곤스, 구이, 데이트, 미소","['음식이 맛있는', '분위기 좋은', '데이트/연인과 함께']","음식이 맛있는, 분위기 좋은, 데이트/연인과 함께",4.6,101,다이닝바,왕십리,"서울특별시 성동구 고산자로14길 26 지웰홈스 왕십리 1층 105호, 106호, 107호",점심 영업안함 · 저녁 1 - 3만원,화용쓰,5.0,저녁,2024.05.15,식전주도 주시고 음식도 다 맛있어서 둘이 갔는데 세개나 시켜먹게 되었어요 술한잔 하기 딱 좋은거 같습니다 왕십리역에서 가까워서 찾아가기더 좋았습니다 재방문하고 싶은 맛집이었습니다~!!  ,501,다이닝바,,,영업안함,10000.0,30000.0,20000.0,성동구,왕십리,1173,한식,한식,왕십리,성동구,예약,4.6,101,영업안함,20000.0,,,10000.0,30000.0,왕십리/상왕십리
14,21,골든센트리,"음식, 분위기, 메뉴, 좋은, 요리, 중식, 코스, 어향가, 소스, 좋고",['분위기 좋은'],분위기 좋은,4.8,225,중식,성수,서울특별시 성동구 연무장9길 8-1 2층,점심 저녁 동일가 5 - 10만원,호두밤빵,5.0,점심,2024.06.23,"친한형을데리고 다시방문했습니다!  저희는 코스a 2인을시켰고 코스요리는 방어사시미, 방방지, 가지, 도미찜, 볶음밥, 아이스크림 순서로 음식이나왔고 일행이 너무맛있게먹어서 기분좋은 한끼식사가됬네요! 코스요리가나오는 템포도좋았고 남자둘이서 먹어도 둘다배터질정도의 양이였습니다! 맛은 정말 보장된 골든센트리입니다. 성수에서 중식 다이닝을찾으시면 무조건 골든센트리로 오시면됩니다!  ","2,154",중식,50000.0,100000.0,75000.0,50000.0,100000.0,75000.0,성동구,성수,2725,중식,중식,성수,성동구,예약,4.8,219,50000.0,50000.0,20000.0,80000.0,20000.0,80000.0,성수
15,24,금남방,"와인, 음식, 분위기, 최고, 추천, 한식, 금호동, 고추, 맛있고, 음악","['주류', '음식이 맛있는', '분위기 좋은', '추천하는']","주류, 음식이 맛있는, 분위기 좋은, 추천하는",4.8,56,다이닝바,금호,서울특별시 성동구 독서당로 285 1층,점심 영업안함 · 저녁 1 - 4만원,써니혀니지니,5.0,저녁,2024.05.18,추천해주시는 와인 실패확률제로!  한식과 어울리 않을듯한 고정관념 파괴 환상 콜라보!  이조합 또 방문 합니다! 깨끗 청결 좋아요 !!  ,"1,125",다이닝바,,,영업안함,10000.0,40000.0,25000.0,성동구,금호,1687,양식,양식,금호,성동구,예약,4.8,55,영업안함,25000.0,,,10000.0,40000.0,금호
16,25,금남정,"음식, 분위기, 좋아요, 갈치, 전통주, 추천, 파스타, 다양한, 맛있어요, 안주","['주류', '음식이 맛있는', '분위기 좋은', '추천하는']","주류, 음식이 맛있는, 분위기 좋은, 추천하는",4.8,173,전통주,금호,서울특별시 성동구 금호산2길 18 1층,점심 영업안함 · 저녁 1 - 3만원,호기심 많은 맛사냥꾼_46720,5.0,저녁,2024.06.03,남자친구 추천으로 갔는데 안주가 너무맛있어서 좋았습니다. 술은 몇개 시켜봤는데 증류주를 좋아하는 저는 가무치가 제일 잘맞았습니다.  다만 화장실을 시장화장실을 사용하는 단점이있는데 시장화장실이 더러운편은 아니여서 괜찮았어요 재방문 의사 있습니다.  ,"1,273",주류,,,영업안함,10000.0,30000.0,20000.0,성동구,금호,1110,전통주,주류,금호,성동구,예약,4.8,173,영업안함,20000.0,,,10000.0,30000.0,금호
17,26,금호 온,"파스타, 분위기, 음식, 좋은, 메뉴, 금호동, 와인, 좋고, 데이트, 디저트","['주류', '분위기 좋은', '데이트/연인과 함께']","주류, 분위기 좋은, 데이트/연인과 함께",4.7,110,이탈리아음식,금호,서울특별시 성동구 무수막길 94 성동한의원 2층,점심 저녁 동일가 1 - 3만원,앨프녀,5.0,점심,2024.05.09,"분위기도 너무 좋고 맛도 굉장히 좋습니다! 특별한 날, 일상 모두 방문하기 좋고 어른들 모시고 가기도 좋을 것 같아요! 물론 데이트 장소로도 엄청 훌륭합니다! 쉐프님의 아름다운 컬렉션도 엿보는? 재미가 있어요!  ",723,양식,10000.0,30000.0,20000.0,10000.0,30000.0,20000.0,성동구,금호,1202,이탈리아음식,양식,금호,성동구,예약,4.7,110,20000.0,20000.0,10000.0,30000.0,10000.0,30000.0,금호
18,28,기후,"음식, 분위기, 마카, 식사, 메뉴, 서비스, 구성, 데이트, 기분, 좋았어요","['서비스 좋은', '분위기 좋은', '데이트/연인과 함께']","서비스 좋은, 분위기 좋은, 데이트/연인과 함께",4.6,402,스시오마카세,성수,서울특별시 성동구 성수이로 66 서울숲 드림타워 1층,점심 저녁 동일가 8.8만원,쏘쿠,5.0,저녁,2024.06.29,"여자친구와의 기념일로 방문한 성수 ‘기후’ 입문하기 좋고, 다양한 메뉴를 통해 시각의 즐거움과 미각의 즐거움 모두 느낄 수 있었습니다. 사장님 및 직원분들의 친절함은 이뤄 말 할 수 없었습니다. 요청사항 기억해주시고 깜짝이벤트 해주셔서 감사합니다! 오래오래 하셔야 합니다. 또 방문할께요🙂 덕분에 좋은 추억 만들고 갑니다!  ","8,226",일식,88000.0,88000.0,88000.0,88000.0,88000.0,88000.0,성동구,성수,3011,스시오마카세,일식,성수,성동구,예약,4.6,397,88000.0,88000.0,88000.0,88000.0,88000.0,88000.0,성수
19,29,까까를로,"뇨끼, 메뉴, 분위기, 음식, 파스타, 맛있게, 예약, 맛있어서, 맛있었어요, 맛집","['음식이 맛있는', '분위기 좋은']","음식이 맛있는, 분위기 좋은",4.8,354,이탈리아음식,성수,서울특별시 성동구 왕십리로8길 21 1.5층,점심 저녁 동일가 1 - 4만원,활기찬 셀럽_22514,5.0,저녁,2024.06.23,"흑...워크인에 이은 두번째 방문 저번 방문이 워크인이라 좀 오래기다렸어서 예약하고 방문했어요 ㅎㅎ 당일 예약이 가능해서 다행,,,♡  역시나 맛있는 까까를로 저번에 관자를 먹어서 가지를 먹고 싶었는데 7시 타임이라 품절.. 부라타 치즈와  토마토, 바질은 역시 맛없없   모짜렐라 뇨끼도 역시.. 치즈 듬뿍에 고소한 뇨끼 ㅜㅜ 느끼하지도 않고 부드러운 뇨끼... 너어무 맛있네요  다른 메뉴가 조오금 느끼할까봐 매콤한 파스타로 시켰어요 살시치아 피칸테 ... 어머나 너무 잘 어울리는 조합 완성..ㅎㅎ  여럿이 와서 다양한 메뉴 먹고 싶네요.. 다음에 또 올게요  친절하고 맛있는...서울숲 맛집 ㅠㅠ 너무 유명해지지 말아요...  ","3,350",양식,10000.0,40000.0,25000.0,10000.0,40000.0,25000.0,성동구,성수,1686,이탈리아음식,양식,성수,성동구,예약,4.8,351,25000.0,25000.0,10000.0,40000.0,10000.0,40000.0,성수
20,32,뉴웨이브서울,"분위기, 음식, 파스타, 들기름, 맛있고, 피자, 건대, 좋은, 직원, 뇨끼","['친절한', '음식이 맛있는', '분위기 좋은']","친절한, 음식이 맛있는, 분위기 좋은",4.8,417,파스타,건대,서울특별시 광진구 아차산로33길 28-10 1층,점심 저녁 동일가 1 - 3만원,천쏭이잉,5.0,점심,2024.05.11,피자가 너무 맛있었고 가게가 깔끔하고 좋았네용 ㅎㅎ 직원분들도 친절하고 좋았습니당  ,"6,563",양식,10000.0,30000.0,20000.0,10000.0,30000.0,20000.0,광진구,건대,1156,파스타,양식,건대,광진구,예약,4.8,418,20000.0,20000.0,10000.0,30000.0,10000.0,30000.0,건대
21,33,다로베,"피자, 로베, 화덕, 파스타, 메뉴, 청담, 주문, 맛있는, 셰프, 역시",['음식이 맛있는'],음식이 맛있는,4.7,225,피자,서울숲,서울특별시 성동구 왕십리로11길 7 1층,점심 저녁 동일가 1 - 3만원,bob.eat,5.0,점심,2020.06.17,"서울에서 가장 사랑하는 나폴리 피자집 '다로베', 쫀득하고 고소한 도우와 신선한 토핑이 듬뿍올라가 맛있게 화덕에서 구워져 나오는 맛있는 이태리 피자를 즐길수 있는 곳입니다. 작년가을 청담동에 2호점을 오픈하여 강남에서도 맛있는 다로베 피자를 즐길수 있게 되었습니다. 아시아에 나폴리 피자를 전파한 대부 격인 살바토레 쿠오모 셰프의 제자이며, 도산공원 더 키친 살바토레 쿠오모의 오픈 멤버로 참여해 6년간 경력을 쌓고 동경과 나폴리에서 제대로 피자를 배워오신 강우석 셰프님이 운영하고 계신곳 입니다. 다로베 레스토랑의 피자를 구워내는 큰화덕, 이탈리아를 방문하여 나폴리의 화덕 장인에게 주문 제작한 화덕이 성수동 본점에 이어 청담동에도 멋지게 설비되어 있습니다. 입구의 초록색 차양 위에 그려진 다로베의 로고는 강 셰프가 직접 그린 아들의 얼굴이며, 다로베는 '로베의 집'(강우석셰프님의 이탈리아 이름이 로베르토를 따서 만든 공간)이라는 뜻. 레스토랑 구석 구석 강우석 셰프의 열정과 정성이 많은 곳에서 묻어나는 곳입니다.  이 곳의 피자를 추천드린다면 다로베의 시그니처인 '비스마르크'는 꼭 필수로 시켜보시길, 고소하면서도 쫀득하고 풍미가 좋은 반죽과 그위에 부팔라 치즈, 볼로네치즈 가 아낌없이 들어가고 밸런스를 잘잡아 올려낸 맛좋은 프로슈토와 바질잎, 달걀 노른자까지 모든게 혼연일체되어 한입을 배어물면 기분좋은 맛을 느낄수 있습니다.- 주소: 서울 강남구 논현동 94-9 전화: 02-3445-3666 영업: 월-토 12:00~23:00, 브레이크타임 15:00~17:30, 일요일 휴무  #다로베 #darobe #강우석셰프 ","2,667",양식,10000.0,30000.0,20000.0,10000.0,30000.0,20000.0,성동구,서울숲,1069,피자,양식,서울숲,성동구,예약,4.7,223,20000.0,20000.0,10000.0,30000.0,10000.0,30000.0,서울숲
22,34,다반,"음식, 메뉴, 다반, 한식, 직원, 구성, 반상, 추천, 감태, 김밥","['친절한', '추천하는']","친절한, 추천하는",4.5,108,한식,서울숲,서울특별시 성동구 서울숲4길 18-10 1층,점심 저녁 동일가 1 - 4만원,yoonsungs,4.8,점심,2024.04.20,한식과 해물 좋아하시는 분들은 적극 추천드려요!! 특히 성게 메밀 국수는 어디서도 먹어본 적 없는 정말 특별한 맛이고 양도 많아서 배부르게 잘 먹었습니다 강추 ♡ 분위기도 따뜻하고 좋아서 꽤 오랜 시간 머물다 갔습니다 종종 올 것 같아요…🫶🏻  ,686,한식,10000.0,40000.0,25000.0,10000.0,40000.0,25000.0,성동구,서울숲,1845,한식,한식,서울숲,성동구,예약,4.5,107,25000.0,25000.0,10000.0,40000.0,10000.0,40000.0,서울숲
23,35,다원식당,"와인, 메뉴, 음식, 파스타, 새우, 맛있는, 맛있어요, 맛있고, 분위기, 좋아요","['주류', '음식이 맛있는', '분위기 좋은']","주류, 음식이 맛있는, 분위기 좋은",4.9,127,다이닝바,건대,서울특별시 광진구 아차산로31길 28,점심 영업안함 · 저녁 1~3만원,히카루,4.7,저녁,2024.07.01,"지인 추천으로 알게 되어 급하게 예약 하고 방문 했습니다~!  건대에 이런 맛집이 숨어 있다니요!! 4층이여서 자주 지나는 길이였음에도 한번도 못보고 지나쳤었나봐요ㅜㅜ 분위기도 좋고, 파스타가 정말 맛있었습니다! 감튀는 손이 멈추질 않는,,,,ㅎㅎ 1인 1음료 해야 하는데 저는 화이트 와인을 마셨고, 산미도 있으면서 가볍게 마시기 좋은 와인이였습니다~  장사를 오래 하신것 같은데 홍보만 좀 더 되면 장사 더 장되실것 같아요~ 맛은 이미 검증 받으신것 같습니다!!  잘 먹 었습니다 :)  ","1,056",다이닝바,,,영업안함,10000.0,30000.0,20000.0,광진구,건대,2249,양식,양식,건대,광진구,예약,4.9,126,영업안함,20000.0,,,10000.0,30000.0,건대
24,36,다이닝 목로 성수점,"분위기, 메뉴, 음식, 안주, 친구, 여기, 좋고, 튀김, 가지, 맛있고","['음식이 맛있는', '분위기 좋은']","음식이 맛있는, 분위기 좋은",4.7,104,다이닝바,성수,서울특별시 성동구 연무장7가길 1 1층,점심 영업안함 · 저녁 2 - 4만원,옷젖는건괜찮아,5.0,저녁,2024.06.15,"전골, 가지튀김, 연어 세트 양도 많고 맛도 좋았습니다 🥰 생일케이크가 있었는데 서비스로 미역국도 주셨어요♥️  저녁에 사람들 꽉 차니까 엄청 시끄럽긴 했는데.. 한몫한 것 같아서 할말은 없습니다 ㅎ.ㅎ 깔끔한 매장, 친절한 직원분들까지 완전 만족했습니다!!!   ",828,다이닝바,,,영업안함,20000.0,40000.0,30000.0,성동구,성수,603,한식,한식,성수,성동구,웨이팅,4.7,104,영업안함,30000.0,,,20000.0,40000.0,성수
25,37,더블해피니스,"맛있어요, 분위기, 음식, 메뉴, 추천, 마라샹궈, 성수, 좋은, 친구, 국수","['음식이 맛있는', '분위기 좋은', '추천하는']","음식이 맛있는, 분위기 좋은, 추천하는",4.5,55,중식,성수,서울특별시 성동구 연무장길 39-25 1층,점심 저녁 동일가 1 - 4만원,지혜로운 개척가_13326,5.0,저녁,2024.01.05,네번째 방문입니다 친구들이랑 성수에서 밥술로 만나기에 더블해피만한 곳이 없습니다  분위기 극상. 힙함 그자체.  음식 진짜  다 맛있어요 특히 스페어립마라샹궈 메모 성수에서 이렇게 자리넓은 곳 잘 없습니다 술종류 다양합니다 중국술 하이볼 카스 후레쉬까지있어요 일하시는 분들 친절하시고 재방문이라고 서비스 슬쩍 주시는 센스! 숨어있어서 다행이지만 갈때마다 사람들 많아지는것 같아서 긴장돼여   ,"1,087",중식,10000.0,40000.0,25000.0,10000.0,40000.0,25000.0,성동구,성수,1726,중식,중식,성수,성동구,예약,4.5,55,25000.0,25000.0,10000.0,40000.0,10000.0,40000.0,성수
26,39,데이릿,"육회, 묵은지, 메뉴, 음식, 마키, 맛있었어요, 크림, 맛있어서, 잠봉, 족발",['음식이 맛있는'],음식이 맛있는,4.6,167,아시아음식,성수,서울특별시 성동구 상원1길 39 지하1층,점심 1 - 2만원 · 저녁 1 - 4만원,judy0010,5.0,점심,2024.05.15,"생각보다 장소가 협소해서 사알~짝쿵 당황스러웠지만 깔끔한 인테리어덕에 차분히 음식을 느낄 수 있었고 가게 내부가 시원했어요 \(°▽° )/ 무엇보다도 서빙 보시는 분덕에 로테이션이 잘 이루어지는 것같아 좋더라구요!??   페퍼로니치즈감자전은 감자채전을 기본 베이스로 깔아 식감에 신경썼고 그 위에 치즈와 페퍼로니, 소스가 단짠을 이루어 진짜 도른 맛이였어요.. 감자채전 좋아해서 여기저기 다녀봤지만 여기가 제일 맛도리에요 😭😭  두번 째로 맛있게 먹은 묵은지육회마키는 와.. 진짜 육회와 참기름이 입안에서 고소~하고 씹히는 식감이 조화를 이루면서 마지막엔 은은하게 깻잎향으로 마무리 되는 음식이였어요 손이 저도 모르게 계속 가더라구요..?  마지막으로 도삭면이 들어간 직화족발누들!!! 사실 도삭면을 처음 먹어보는 입장에서 제일 기대되는 메뉴였지만 처음에는 불향이 입안에 맴돌아 맛있었지만 세 입 먹어보니 조금 질리는 맛이였어요,, 계속 먹다보니 어디서 먹어본 맛이다? 이런 생각이 들었고 중화요리 중 ’고추잡채‘와 맛이 비슷하다고 느껴지더라구요 암튼 제 취향은 아니였어서 다음엔 누들류는 다른 메뉴로 도전해보려구 합니당!!!  ","1,701",아시아음식,10000.0,20000.0,15000.0,10000.0,40000.0,25000.0,성동구,성수,473,아시아음식,아시아음식,성수,성동구,웨이팅,4.7,163,15000.0,25000.0,10000.0,20000.0,10000.0,40000.0,성수
27,39,데이릿,"육회, 묵은지, 메뉴, 음식, 마키, 맛있었어요, 크림, 맛있어서, 잠봉, 족발",['음식이 맛있는'],음식이 맛있는,4.6,167,아시아음식,성수,서울특별시 성동구 상원1길 39 지하1층,점심 1 - 2만원 · 저녁 1 - 4만원,judy0010,5.0,점심,2024.05.15,"생각보다 장소가 협소해서 사알~짝쿵 당황스러웠지만 깔끔한 인테리어덕에 차분히 음식을 느낄 수 있었고 가게 내부가 시원했어요 \(°▽° )/ 무엇보다도 서빙 보시는 분덕에 로테이션이 잘 이루어지는 것같아 좋더라구요!??   페퍼로니치즈감자전은 감자채전을 기본 베이스로 깔아 식감에 신경썼고 그 위에 치즈와 페퍼로니, 소스가 단짠을 이루어 진짜 도른 맛이였어요.. 감자채전 좋아해서 여기저기 다녀봤지만 여기가 제일 맛도리에요 😭😭  두번 째로 맛있게 먹은 묵은지육회마키는 와.. 진짜 육회와 참기름이 입안에서 고소~하고 씹히는 식감이 조화를 이루면서 마지막엔 은은하게 깻잎향으로 마무리 되는 음식이였어요 손이 저도 모르게 계속 가더라구요..?  마지막으로 도삭면이 들어간 직화족발누들!!! 사실 도삭면을 처음 먹어보는 입장에서 제일 기대되는 메뉴였지만 처음에는 불향이 입안에 맴돌아 맛있었지만 세 입 먹어보니 조금 질리는 맛이였어요,, 계속 먹다보니 어디서 먹어본 맛이다? 이런 생각이 들었고 중화요리 중 ’고추잡채‘와 맛이 비슷하다고 느껴지더라구요 암튼 제 취향은 아니였어서 다음엔 누들류는 다른 메뉴로 도전해보려구 합니당!!!  ","1,701",아시아음식,10000.0,20000.0,15000.0,10000.0,40000.0,25000.0,성동구,성수,1824,아시아음식,아시아음식,성수,성동구,예약,4.7,163,15000.0,25000.0,10000.0,20000.0,10000.0,40000.0,성수
28,39,데이릿,"육회, 묵은지, 메뉴, 음식, 마키, 맛있었어요, 크림, 맛있어서, 잠봉, 족발",['음식이 맛있는'],음식이 맛있는,4.6,167,아시아음식,성수,서울특별시 성동구 상원1길 39 지하1층,점심 1 - 2만원 · 저녁 1 - 4만원,judy0010,5.0,점심,2024.05.15,"생각보다 장소가 협소해서 사알~짝쿵 당황스러웠지만 깔끔한 인테리어덕에 차분히 음식을 느낄 수 있었고 가게 내부가 시원했어요 \(°▽° )/ 무엇보다도 서빙 보시는 분덕에 로테이션이 잘 이루어지는 것같아 좋더라구요!??   페퍼로니치즈감자전은 감자채전을 기본 베이스로 깔아 식감에 신경썼고 그 위에 치즈와 페퍼로니, 소스가 단짠을 이루어 진짜 도른 맛이였어요.. 감자채전 좋아해서 여기저기 다녀봤지만 여기가 제일 맛도리에요 😭😭  두번 째로 맛있게 먹은 묵은지육회마키는 와.. 진짜 육회와 참기름이 입안에서 고소~하고 씹히는 식감이 조화를 이루면서 마지막엔 은은하게 깻잎향으로 마무리 되는 음식이였어요 손이 저도 모르게 계속 가더라구요..?  마지막으로 도삭면이 들어간 직화족발누들!!! 사실 도삭면을 처음 먹어보는 입장에서 제일 기대되는 메뉴였지만 처음에는 불향이 입안에 맴돌아 맛있었지만 세 입 먹어보니 조금 질리는 맛이였어요,, 계속 먹다보니 어디서 먹어본 맛이다? 이런 생각이 들었고 중화요리 중 ’고추잡채‘와 맛이 비슷하다고 느껴지더라구요 암튼 제 취향은 아니였어서 다음엔 누들류는 다른 메뉴로 도전해보려구 합니당!!!  ","1,701",아시아음식,10000.0,20000.0,15000.0,10000.0,40000.0,25000.0,성동구,성수,3326,아시아음식,아시아음식,성수,성동구,예약-웨이팅,4.7,163,15000.0,25000.0,10000.0,20000.0,10000.0,40000.0,성수
29,40,도르리,"분위기, 안주, 음식, 추천, 맛있고, 예약, 친구, 시간, 전통주, 좋고","['주류', '음식이 맛있는', '분위기 좋은', '추천하는']","주류, 음식이 맛있는, 분위기 좋은, 추천하는",4.6,220,다이닝바,군자,서울특별시 광진구 천호대로109길 7 1층 101호,점심 영업안함 · 저녁 1 - 4만원,기분좋은 맛사냥꾼_36326,5.0,저녁,2024.03.11,"우연히 알게된 도르리 🍶 전통주를 파는 술집은 처음이라 낯선 맘에 경계했었지만 사장님의 친절하고 디테일한 술알못 맞춤형 알잘딱깔센 술 설명과 끝장나는 분위기 그리고 맛도리 안주, 친절한 알바분들에 반해서 그냥 바로 단골되버렸어유🥰 안주도 지인짜 맛있고 (묵은지오일파스타 추천! 배부르면 양배추구이도 추천!) 사장님이 술과 음식 자체에 진짜 애정을 쏟으시는구나가 가게 분위기와 플레이팅에서 느껴집니다😋 분위기에 취해 두명이서 와인 세병 달렸고요?🙃 덕분에 생일을 행복하게 보냈어요 !! 원래 재방문이었지만 재재방문도 할겁니다!!  ","1,565",다이닝바,,,영업안함,10000.0,40000.0,25000.0,광진구,군자,1636,양식,양식,군자,광진구,예약,4.6,220,영업안함,25000.0,,,10000.0,40000.0,군자
30,41,도우 소사이어티,"피자, 와인, 도우, 파스타, 분위기, 메뉴, 맛있어요, 좋고, 음식, 맛있게","['주류', '음식이 맛있는', '분위기 좋은']","주류, 음식이 맛있는, 분위기 좋은",4.6,192,피자,성수,서울특별시 성동구 아차산로13길 2 2층,점심 저녁 동일가 2 - 3만원,Soyoung Jun,5.0,저녁,2024.07.03,피자 도우 진짜 맛이썽요  ,"2,655",양식,20000.0,30000.0,25000.0,20000.0,30000.0,25000.0,성동구,성수,2338,피자,양식,성수,성동구,예약,4.6,190,25000.0,25000.0,20000.0,30000.0,20000.0,30000.0,성수
31,45,뚜쿠소무야,"메뉴, 음식, 좋은, 분위기, 금태, 맛있었어요, 오뎅, 느낌, 다른, 맛있어요","['음식이 맛있는', '분위기 좋은']","음식이 맛있는, 분위기 좋은",4.8,54,이자카야,성수,서울특별시 성동구 성수이로3길 10-1,점심 영업안함 · 저녁 1 - 3만원,임채린,5.0,저녁,2024.04.05,"메뉴 하나하나 너무 정성스레 준비해주시고,  맛또한 너무 맛있었던 집입니다. 최고였어요! 새로운 저희만의 장소를 찾은 느낌이라 너무 좋았습니다. 메뉴는 하나같이 다 맛있었지만 금태는 꼭 시켜야할것 같고, 떡도 너무 맛있었고 유부네기토로 너무맛있었어요... 사케랑 다 너무 찰떡이요.. 다음에가서 나머지 메뉴 다 먹어볼겁니다❤️ 분위기도 좋고 아기자기 조용조용 교토같고 좋았어요🩵  ",927,일식,,,영업안함,10000.0,30000.0,20000.0,성동구,성수,1347,이자카야,일식,성수,성동구,예약,4.8,54,영업안함,20000.0,,,10000.0,30000.0,성수
32,46,뚝 다이닝,"안주, 음식, 맛집, 메뉴, 전통주, 피순대, 성수, 전골, 구이, 막창","['주류', '음식이 맛있는']","주류, 음식이 맛있는",4.6,122,한식,성수,서울특별시 성동구 연무장9길 8-1,점심 저녁 동일가 1 - 3만원,게으른이슈,5.0,저녁,2024.06.13,메뉴도 너무 좋앗고 전통주도 다양해요👍  ,"2,280",한식,10000.0,30000.0,20000.0,10000.0,30000.0,20000.0,성동구,성수,1334,한식,한식,성수,성동구,예약,4.6,121,20000.0,20000.0,10000.0,30000.0,10000.0,30000.0,성수
33,47,뚝방길 홍차가게,"세트, 스콘, 디저트, 분위기, 애프터눈티, 예약, 좋았어요, 좋은, 홍차, 메뉴",['분위기 좋은'],분위기 좋은,4.8,500,"카페,디저트",뚝섬,서울특별시 광진구 자양강변길 277 1층,점심 저녁 동일가 1 - 3만원,BBonobonno,4.7,점심,2024.05.28,전체적으로 정말 좋았어요 분위기도 적당히 수다떨기 좋은 느낌이고 창밖도 보이면서 운치있더라고요 그리고 차 메뉴들이 다 훌륭했어요 두 명이서 4메뉴의 차를 맛봤는데 모든 차가 입체적인 향과 맛을 가지고 있어서 차 맛을 즐길 수 있었어요 애프터눈 티 세티도 생각보다 든든하고 맛있었어요 다만 스콘 이후부터는 아무래도 버터를 이미 많이 먹은 탓인지 위에 디저트들이 느끼해서 한 입씩밖에 못먹었네요 ㅋ큐ㅠ 아쉬웠지만 맛은 훌륭했습니다 디저트 칸만 좀 더 상큼하게 버터 적은 디저트로 해주면 좋을 것 같아요  ,"3,785",카페,10000.0,30000.0,20000.0,10000.0,30000.0,20000.0,광진구,뚝섬,1092,"카페,디저트",카페,뚝섬,광진구,예약,4.8,500,20000.0,20000.0,10000.0,30000.0,10000.0,30000.0,뚝섬
34,48,레타주,"음식, 와인, 메뉴, 분위기, 추천, 레타주, 버터, 서비스, 좋은, 맛있어요","['서비스 좋은', '추천하는', '분위기 좋은', '주류', '음식이 맛있는']","서비스 좋은, 추천하는, 분위기 좋은, 주류, 음식이 맛있는",4.7,100,요리주점,성수,서울특별시 성동구 왕십리로10길 19-2,점심 영업안함 · 저녁 1 - 3만원,냥이쵼사,5.0,저녁,2024.05.11,술이 징짜 절로 넘어가용! 사시미 부터  차돌미나리 까지  장르를 넘나드는  온갖 음식이  조화롭고 너무 맛있어가지궁  사장님 징짜 쵝오 쵝오!!  먼 평점들이 이래 좋나 생각했었는데 다들 그럴만한 이유가 있엇군여 추천해주신 화이트와인두 넘 맛낫구여 이탈리아 양식만 나오는 이뿐집은 많은데 한식 양식 일식 다되는 맛집은 정말 없잖아용 강추입니당 (일반 양식에 질린 1 인) 저 리코타치즈 올리브 어쩌고 저거  두번이나 주문해서 먹고 포장 되냐여쭤밧더니 안댄다하셔서  다담날 집 에서  흉내 한번 내밧어요 ㅋ ㅋ ㅋ( 맨  마지막 사진 ㅋ ㅋ ㅋ)   역시 그맛은 안나지만 ;;; 조만간 또  갈께염  ,"2,891",주류,,,영업안함,10000.0,30000.0,20000.0,성동구,성수,1100,요리주점,주류,성수,성동구,예약,4.7,99,영업안함,20000.0,,,10000.0,30000.0,성수
35,49,로컬릿,"비건, 메뉴, 음식, 느낌, 맛있어요, 맛있게, 맛있고, 재료, 직원, 맛있었어요","['친절한', '음식이 맛있는', '분위기 좋은']","친절한, 음식이 맛있는, 분위기 좋은",4.5,133,베지테리안/비건,옥수,서울특별시 성동구 한림말길 33 청훈빌딩 2층,점심 저녁 동일가 1 - 3만원,썬키502,4.7,저녁,2024.03.25,재방문이에요 너무 맛있어요 시금치 뇨끼 호박 까넬로니 라구파스타 세개 다 완존 추천합니다  또갈거에요 ㅋㅋ  ,"2,616",양식,10000.0,30000.0,20000.0,10000.0,30000.0,20000.0,성동구,옥수,1084,베지테리안/비건,양식,옥수,성동구,예약,4.5,133,20000.0,20000.0,10000.0,30000.0,10000.0,30000.0,옥수
36,53,리파인 건대점,"분위기, 음식, 서비스, 주류, 직원, 건대, 맛있어요, 식사, 전통주, 좋고","['서비스 좋은', '분위기 좋은', '친절한', '주류', '음식이 맛있는']","서비스 좋은, 분위기 좋은, 친절한, 주류, 음식이 맛있는",4.8,86,전통주,건대,서울특별시 광진구 능동로13길 36 2층,점심 영업안함 · 저녁 1 - 4만원,우나g,5.0,저녁,2024.05.06,건대에 이런 곳이 있다니!라며 예약하고 친구 넷이서 방문했습니다.  카페같고 세련된 분위기의 요리 주점입니다.  술마시면서 잔잔한 대화가 가능해서 너무 좋았어요. 요리 하나하나 맛있고 주류도 만족스러웠어요. 직원분들도 친절하시고 화장실도 잘 되어있습니다! 또오고싶네요 ㅎㅎ  ,968,주류,,,영업안함,10000.0,40000.0,25000.0,광진구,건대,1777,전통주,주류,건대,광진구,예약,4.8,86,영업안함,25000.0,,,10000.0,40000.0,건대
37,54,리파인 성수점,"음식, 분위기, 맛있고, 좋았어요, 메뉴, 주류, 전통주, 데이트, 리파, 맛있어서","['주류', '음식이 맛있는', '분위기 좋은', '데이트/연인과 함께']","주류, 음식이 맛있는, 분위기 좋은, 데이트/연인과 함께",4.8,339,다이닝바,성수,"서울특별시 성동구 연무장5가길 25 성수역 SK V1 Tower 1층 105호, 106호",점심 저녁 동일가 1 - 4만원,비건러버,5.0,저녁,2024.05.13,"다양한 한국의 전통주류와 한국식 창의요리가 있고, 주류는 시음해보고 선택할 수 있어서 좋았고, 음식도 맛있어서 대만 친구과 즐거운 저녁식사였습니다^^.   ","4,843",다이닝바,10000.0,40000.0,25000.0,10000.0,40000.0,25000.0,성동구,성수,1792,한식,한식,성수,성동구,예약,4.8,337,25000.0,25000.0,10000.0,40000.0,10000.0,40000.0,성수
38,55,리호,"와인, 메뉴, 분위기, 파스타, 음식, 좋은, 테라스, 추천, 데이트, 소스","['주류', '분위기 좋은', '추천하는', '데이트/연인과 함께']","주류, 분위기 좋은, 추천하는, 데이트/연인과 함께",4.9,147,다이닝바,성수,서울특별시 성동구 연무장길 37-18 3층,점심 저녁 동일가 2 - 4만원,사랑짱누나,5.0,저녁,2024.05.31,성수에 조용하고 분위기 좋은 와인바였습니다. 특히나 음식들이  비주얼도 좋고 맛이 다 좋았어요! 2차로 가기 딱 좋은 와인바였습니다.   ,"2,785",다이닝바,20000.0,40000.0,30000.0,20000.0,40000.0,30000.0,성동구,성수,2476,양식,양식,성수,성동구,예약,4.8,143,30000.0,30000.0,20000.0,40000.0,20000.0,40000.0,성수
39,56,마마리와 뱅글,"와인, 음식, 메뉴, 분위기, 좋고, 좋아요, 파스타, 리스트, 마마, 뱅글","['주류', '분위기 좋은']","주류, 분위기 좋은",4.5,379,다이닝바,성수,서울특별시 성동구 연무장18길 16 2층,점심 저녁 동일가 1 - 4만원,리이뷰우어,5.0,점심,2024.05.27,"컨셉이 엄청 독특한 성수 맛집 마마리마켓이에요. 1층은 반찬과 빵을 판매하고 (제가 간 날은 휴무여서 1층 구경은 못함) 2층에선 브런치 메뉴와 연근 치킨과 하이볼, 와인 등을 판매해요. 저흰 식사로 2층 올라왔는데, 오? 성수에 이런 곳이 있다니 역시 성수동 맛집 클라스는 다르다 싶었네요. 연근 닭강정은 바삭한 연근에 허니 치킨 같은 느낌의 커다란 닭강정이 정말 좋았고요. 샌드위치는 빵이 수제여서 담백하고 고소하며 건강한 맛이 좋더라고요. 화이트라구는 트러플 향 살짝 돌면서 감칠맛이 일품이었습니다. 성수 핫플 거리에서는 조금 멀다 싶을 수 있지만 막상 걸으면 가까우니 한 번 와보시기 바래요. 2층 가게 상호는 마마리와 뱅글입니다.  ","7,039",다이닝바,10000.0,40000.0,25000.0,10000.0,40000.0,25000.0,성동구,성수,1659,한식,한식,성수,성동구,예약,4.5,379,25000.0,25000.0,10000.0,40000.0,10000.0,40000.0,성수
40,57,마블상회,"고기, 소고기, 갈비살, 맛집, 라면, 성수동, 차돌, 마블, 서비스, 창살","['음식이 맛있는', '서비스 좋은']","음식이 맛있는, 서비스 좋은",5.0,64,소고기구이,성수,서울특별시 성동구 광나루로8길 11 1층 (매장 앞 주차 가능합니다.),점심 영업안함 · 저녁 2 - 5만원,크런키초코초코,5.0,저녁,2024.06.09,"성수에서 가본 곳 중에 소고기 가장 맛있는 곳이에요. 고기 퀄리티 제대로 뽑아내는 곳이라 만족도가 워낙 높으니 가성비 좋다고 느껴졌어요. 시그니처 메뉴인 진갈비살 2인분 주문했는데 한 떨기 붉은 꽃처럼 나오는 비주얼도 좋았고 맛은 더 좋았어요. 갈비살이라 다른 부위보다 육향 진하게 전달되고 부드럽게 입에서 살살 녹았어요. 육즙 가득한 한 점 먹고 진짜 너무 맛있어서 메뉴판 다시 보니 호주산 청정 와규더라구요. 어쩐지... 고기 퀄리티가 남달랐어요.  사장님이 매장 한 켠에서 소고기 손질하시는데 자부심 가득 느껴져서 좋았구요. 맛과 양, 그리고 친절도까지 별 꽉 채워 드리고 싶은 맛집이에요.   ",87,한식,,,영업안함,20000.0,50000.0,35000.0,성동구,성수,2615,소고기구이,한식,성수,성동구,예약,5.0,59,영업안함,35000.0,,,20000.0,50000.0,성수
41,61,매치스 성수,"와인, 음식, 분위기, 메뉴, 추천, 성수, 매치, 시간, 기분, 스팅","['주류', '분위기 좋은', '추천하는']","주류, 분위기 좋은, 추천하는",4.8,190,와인,성수,서울특별시 성동구 뚝섬로13길 36,점심 영업안함 · 저녁 1 - 3만원,노란조명이좋아,5.0,저녁,2024.06.21,"오픈을 알게 되고부터 꼭 가보고 싶은 곳였는데 이제야 와보았어요. 테이블, 식기, 인테리어 디테일에 신경쓴 것이 느껴지고 제일 중요한 조도도 와인 마시기에 딱이에요.   음 와인과 어울리는 메뉴가 너무 많아서 선택이 어려운 것이... 흠이에요.  여러 번 와서 모든 메뉴를 맛보고 싶어졌어요! ⭐️⭐️⭐️⭐️⭐️⭐️  ","2,835",주류,,,영업안함,10000.0,30000.0,20000.0,성동구,성수,1443,와인,주류,성수,성동구,예약,4.8,178,영업안함,20000.0,,,10000.0,30000.0,성수
42,63,맷돌,"타코, 예약, 좋은, 메뉴, 분위기, 음식, 코스, 가격, 맛있는, 맛있어서","['음식이 맛있는', '분위기 좋은']","음식이 맛있는, 분위기 좋은",4.8,205,멕시코음식,성수,서울특별시 성동구 성덕정길 63 선출빌딩 1층 3호,점심 저녁 동일가 3.9만원,matalmott,5.0,저녁,2024.06.12,"성수동 맷돌.  2024년 미쉐린 가이드 서울 빕 구르망에 새롭게 선정된 레스토랑 6곳 중 하나로 이창윤 셰프님의 수제 토르티야와 함께 세련된 멕시칸 퀴진을 경험할 수 있는 곳입니다.  토르티야는 적당히 바삭한 식감은 물론이고 다른 살사를 곁들이지 않아도 될 것 같은 풍미는 다른 식당과의 차별이 느껴질 만큼 상당히 인상적이었습니다.  재방문하고 싶을 정도로 테이스팅 코스 가성비도 상당히 좋고 분위기도 괜찮아서 앞으로 맛있는 타코를 먹을 수 있는 식당이라고 하면 맷돌이 가장 먼저 생각날 것 같네요👍  📌 메뉴 - 테이스팅 코스 - 과카몰레 딥, 수제 또르띠아 칩(단품 추가) - 펜넬 포크 까르니따스 타코(단품 추가)  ","3,295",양식,39000.0,39000.0,39000.0,39000.0,39000.0,39000.0,성동구,성수,2800,멕시코음식,양식,성수,성동구,예약,4.8,208,39000.0,39000.0,39000.0,39000.0,39000.0,39000.0,성수
43,64,메종 파이프그라운드,"피자, 옥수수, 맛있어요, 맛있었어요, 음식, 테이블, 화이트, 예약, 파스타, 메뉴",['음식이 맛있는'],음식이 맛있는,4.5,325,브런치,서울숲,서울특별시 성동구 왕십리로 83-21 아크로 서울포레스트 지하 1층,점심 저녁 동일가 1 - 3만원,재능있는 식객_29803,4.7,점심,2024.06.08,"너무나도 좋아하는 맛집이라 서울 올라가는 것을 그닥 좋아하는 사람이 아닌데도 찾아가는 곳입니다. 이번에는 약간 아쉬운 점이 하나 있었는데, 웨이팅을 1시간이나 하고 순서가 되어 들어갔는데 테이블정리가 되지 않아 매장 안 벤치에 앉아서 메뉴를 고르고 있으라 하시더군요. 긴 웨이팅에 지친상태에서 테이블정리도 안하시고 부르니 솔직히 유쾌하지 않더라구요. 어떤 테이블에서 나가시고 나서 부랴부랴 이리오세요 하셨는데, 테이블 정리나 셋팅이 되고 호출을 하시는게 좋지 않을까 싶습니다. 없어진지는 오래된거같은데 올리브도 다시 메뉴에 넣어주시면 좋겠어요. 잘 먹고 갑니다.  ","4,108",양식,10000.0,30000.0,20000.0,10000.0,30000.0,20000.0,성동구,서울숲,1111,브런치,양식,서울숲,성동구,예약,4.5,323,20000.0,20000.0,10000.0,30000.0,10000.0,30000.0,서울숲
44,65,메종성수돈,"고기, 토마토, 라면, 분위기, 서비스, 직원, 목살, 음식, 고깃집, 조합","['친절한', '서비스 좋은', '분위기 좋은']","친절한, 서비스 좋은, 분위기 좋은",4.9,771,돼지고기구이,성수,서울특별시 성동구 연무장7가길 5 2층,점심 저녁 동일가 1 - 4만원,ahnsj92,5.0,저녁,2024.05.10,"청첩장 모임을 위해 예약하고 찾은 곳입니다☺️ 우선 들어갔을 때 예약자 이름을 정성스런 글씨로 테이블에 적어주셔서 대접받는 느낌을 받았습니다🥹❤️‍🔥 특히 꽃목살, 삼겹살이 얼룩돼지라고 해서 신기해 시켜봤는데 너무 맛있었습니다🥰 토마토라면도 후쿠오카에서 먹던 맛 그대로라 감동😋 고기도 구워주셔서 너무 편히 즐겁게 잘 먹고 왔습니다👏👏👏 다른 사람들에게도 추천하고 싶어요👍  ","6,847",한식,10000.0,40000.0,25000.0,10000.0,40000.0,25000.0,성동구,성수,1637,돼지고기구이,한식,성수,성동구,예약,4.9,768,25000.0,25000.0,10000.0,40000.0,10000.0,40000.0,성수
45,66,모르므로,"분위기, 음식, 좋고, 파스타, 화장실, 메뉴, 예약, 맛있고, 맛있어서, 맛있어요","['음식이 맛있는', '분위기 좋은']","음식이 맛있는, 분위기 좋은",4.8,87,다이닝바,성수,서울특별시 성동구 연무장길 17 2층,점심 영업안함 · 저녁 2 - 3만원,멋진 식도락가_26341,4.8,저녁,2024.06.01,예쁘고 맛있고 좋은거 혼자 다하는 모르므로  후식먹으러 카페가지말고  모르므로 인절미 아이스크림먹어주세요 제발 너무맛있으니까...   ,"1,787",다이닝바,,,영업안함,20000.0,30000.0,25000.0,성동구,성수,165,양식,양식,성수,성동구,웨이팅,4.8,87,영업안함,25000.0,,,20000.0,30000.0,성수
46,66,모르므로,"분위기, 음식, 좋고, 파스타, 화장실, 메뉴, 예약, 맛있고, 맛있어서, 맛있어요","['음식이 맛있는', '분위기 좋은']","음식이 맛있는, 분위기 좋은",4.8,87,다이닝바,성수,서울특별시 성동구 연무장길 17 2층,점심 영업안함 · 저녁 2 - 3만원,멋진 식도락가_26341,4.8,저녁,2024.06.01,예쁘고 맛있고 좋은거 혼자 다하는 모르므로  후식먹으러 카페가지말고  모르므로 인절미 아이스크림먹어주세요 제발 너무맛있으니까...   ,"1,787",다이닝바,,,영업안함,20000.0,30000.0,25000.0,성동구,성수,2342,양식,양식,성수,성동구,예약,4.8,87,영업안함,25000.0,,,20000.0,30000.0,성수
47,66,모르므로,"분위기, 음식, 좋고, 파스타, 화장실, 메뉴, 예약, 맛있고, 맛있어서, 맛있어요","['음식이 맛있는', '분위기 좋은']","음식이 맛있는, 분위기 좋은",4.8,87,다이닝바,성수,서울특별시 성동구 연무장길 17 2층,점심 영업안함 · 저녁 2 - 3만원,멋진 식도락가_26341,4.8,저녁,2024.06.01,예쁘고 맛있고 좋은거 혼자 다하는 모르므로  후식먹으러 카페가지말고  모르므로 인절미 아이스크림먹어주세요 제발 너무맛있으니까...   ,"1,787",다이닝바,,,영업안함,20000.0,30000.0,25000.0,성동구,성수,3369,양식,양식,성수,성동구,예약-웨이팅,4.8,87,영업안함,25000.0,,,20000.0,30000.0,성수
48,69,무색 MUSAEK,"메뉴, 서비스, 음식, 최고, 분위기, 맛있어요, 사시미, 숙성, 좋은, 기념일","['서비스 좋은', '추천하는', '특별한 날', '분위기 좋은', '음식이 맛있는']","서비스 좋은, 추천하는, 특별한 날, 분위기 좋은, 음식이 맛있는",4.8,552,일식,성수,서울특별시 성동구 상원2길 1-10 2층,점심 2.9만원 · 저녁 9천원 ~ 5만원,다먹어라이언,5.0,점심,2024.06.10,생활의달인 939회 일식의달인으로 출연한 성수동 무색에 방문해서 오늘 첫 개시하는 키레이나 스시를 주문해서 먹어봤어요. ​ 드라이에이징으로 숙성한 생선회는  처음 먹어보는데 쫄깃하면서도 부드럽고 이 곳에서 특제로 만든 소스에 찍어 김에 싸 먹으니 별미네요. ​  12석 다찌석으로 구성되어 있어 셰프님들의 조리모습을 가까이서 볼 수 있고 이야기 나누기에도 좋아 캐치테이블 리뷰에서도 만족도가 높아요. ​ 점심에 방문했는데 다음엔 남편이랑 저녁 이자카야 즐기러 방문해야겠어요. ​ 아직 못 먹어본 메뉴가 많거든요.   ,"6,722",일식,29000.0,29000.0,29000.0,9000.0,50000.0,29500.0,성동구,성수,2034,일식,일식,성수,성동구,예약,4.8,537,29000.0,29500.0,29000.0,29000.0,9000.0,50000.0,성수
49,72,문츠바베큐,"바베큐, 고기, 메뉴, 느낌, 버섯, 직원, 문츠, 식사, 좋았어요, 텍사스","['친절한', '분위기 좋은']","친절한, 분위기 좋은",4.3,1693,다이닝바,구의,서울특별시 성동구 상원1길 22 굿타워 1층 101호,점심 영업안함 · 저녁 1 - 4만원,아 쿠 아 맨,5.0,저녁,2024.06.30,언제 오픈하나 기다리다 드디어 다녀왔습니다. 메뉴는 좀더 정리가 된 느낌이고 맛은 변함 없어요. 인테리어와 분위기는 훨씬 고급스럽게 변했습니다. 멀리 갈까봐 걱정했는데 가까워 다행이네요.   ,"9,999+",다이닝바,,,영업안함,10000.0,40000.0,25000.0,광진구,구의,2630,바베큐,양식,성수,성동구,예약,4.3,1688,40000.0,40000.0,20000.0,60000.0,20000.0,60000.0,성수
50,73,문화식당 성수점,"분위기, 음식, 좋은, 직원, 맛있어요, 서비스, 좋고, 맛있었어요, 친절하시고, 가족","['친절한', '서비스 좋은', '음식이 맛있는', '분위기 좋은']","친절한, 서비스 좋은, 음식이 맛있는, 분위기 좋은",4.7,65,파스타,성수,서울특별시 성동구 성수일로4길 45 2층 문화식당,점심 저녁 동일가 1 - 5만원,조용한 맛사냥꾼_70425,5.0,점심,2024.05.17,아이 둘 어른들 4인가족 캐치테이블로 다녀왔어요. 가족단위로 성수동은 처음이었는데 맛집이었네요. 남편과 이런곳 온 적 진짜 오랜만이라며 맛있게 먹었어요. 저랑 남편은 맛있게 먹고 입맛 까다로운 저희 아이들은 맛있다고 먹긴했지만 양껏 먹지는 않았어요. 덕분에 어른 둘이 배 빵빵하게 먹다 왔네요.  직원분께서 4인 테이블로 잡아주셔서 조용히 잘 먹을 수 있었고 분위기 좋은 곳이예요. 성수동 입문자 가족단위 추천입니다.  삼합파스타 정말 맛있어요!  ,456,양식,10000.0,50000.0,30000.0,10000.0,50000.0,30000.0,성동구,성수,215,파스타,양식,성수,성동구,웨이팅,4.7,65,30000.0,30000.0,10000.0,50000.0,10000.0,50000.0,성수
51,73,문화식당 성수점,"분위기, 음식, 좋은, 직원, 맛있어요, 서비스, 좋고, 맛있었어요, 친절하시고, 가족","['친절한', '서비스 좋은', '음식이 맛있는', '분위기 좋은']","친절한, 서비스 좋은, 음식이 맛있는, 분위기 좋은",4.7,65,파스타,성수,서울특별시 성동구 성수일로4길 45 2층 문화식당,점심 저녁 동일가 1 - 5만원,조용한 맛사냥꾼_70425,5.0,점심,2024.05.17,아이 둘 어른들 4인가족 캐치테이블로 다녀왔어요. 가족단위로 성수동은 처음이었는데 맛집이었네요. 남편과 이런곳 온 적 진짜 오랜만이라며 맛있게 먹었어요. 저랑 남편은 맛있게 먹고 입맛 까다로운 저희 아이들은 맛있다고 먹긴했지만 양껏 먹지는 않았어요. 덕분에 어른 둘이 배 빵빵하게 먹다 왔네요.  직원분께서 4인 테이블로 잡아주셔서 조용히 잘 먹을 수 있었고 분위기 좋은 곳이예요. 성수동 입문자 가족단위 추천입니다.  삼합파스타 정말 맛있어요!  ,456,양식,10000.0,50000.0,30000.0,10000.0,50000.0,30000.0,성동구,성수,2054,파스타,양식,성수,성동구,예약,4.7,65,30000.0,30000.0,10000.0,50000.0,10000.0,50000.0,성수
52,73,문화식당 성수점,"분위기, 음식, 좋은, 직원, 맛있어요, 서비스, 좋고, 맛있었어요, 친절하시고, 가족","['친절한', '서비스 좋은', '음식이 맛있는', '분위기 좋은']","친절한, 서비스 좋은, 음식이 맛있는, 분위기 좋은",4.7,65,파스타,성수,서울특별시 성동구 성수일로4길 45 2층 문화식당,점심 저녁 동일가 1 - 5만원,조용한 맛사냥꾼_70425,5.0,점심,2024.05.17,아이 둘 어른들 4인가족 캐치테이블로 다녀왔어요. 가족단위로 성수동은 처음이었는데 맛집이었네요. 남편과 이런곳 온 적 진짜 오랜만이라며 맛있게 먹었어요. 저랑 남편은 맛있게 먹고 입맛 까다로운 저희 아이들은 맛있다고 먹긴했지만 양껏 먹지는 않았어요. 덕분에 어른 둘이 배 빵빵하게 먹다 왔네요.  직원분께서 4인 테이블로 잡아주셔서 조용히 잘 먹을 수 있었고 분위기 좋은 곳이예요. 성수동 입문자 가족단위 추천입니다.  삼합파스타 정말 맛있어요!  ,456,양식,10000.0,50000.0,30000.0,10000.0,50000.0,30000.0,성동구,성수,3345,파스타,양식,성수,성동구,예약-웨이팅,4.7,65,30000.0,30000.0,10000.0,50000.0,10000.0,50000.0,성수
53,74,바위파스타바,"요리, 예약, 메뉴, 와인, 음식, 파스타, 바위, 식사, 서비스, 마음","['주류', '서비스 좋은']","주류, 서비스 좋은",4.8,354,파스타,성수,서울특별시 성동구 뚝섬로15길 27 1층,점심 영업안함 · 저녁 12.5만원,까망색,5.0,저녁,2024.05.11,"두번째 방문입니다. 첫방문때도 너무 만족스러웠으나 깜빡하고 리뷰를 남기지 못했어서 이번에는 잊지않고 리뷰를 남기러 왔습니다.  이번에도 역시 만족스럽습니다. 메뉴 구성, 속도 등등  저와 동행인에게는 너무나도 안성맞춤인가 싶을 정도의 만족감이었습니다.  음식의 간 - 주류가 필수인 가게에 어울리는 정도의 적당한 간.  구성 - 가벼운, 상큼한, 눈과 입이 즐거운, 주류로 취기가 올라올 즈음 한번 속풀이, 속이 풀린 뒤 피니쉬, 달달함으로 마무리 글로 풀이를 하자면 이런 느낌이겠네요  음식의 속도 - 적당한 대화를 할 수 있으면서도, 음식에 대한 흐름이 끊기지않게, 집중도가 떨어지지 않는 속도.  접객 - 작년 11월 즈음 방문했을 때와 똑같이  변함없이 친절, 다정 그리고 차분. 그 외에 식기 교체나 음료 리필에 대한 부분도 전혀 거슬리지 않을정도로 차분하고 조용하여서 너무 좋았습니다.  다음 방문은 아마 8월에서 10월 사이가 되지 않을까 싶네요.    아 참, 그리고 다른 리뷰에는 날벌레에 대한 이야기가 있던데 요즈음 한강 주변이 날벌레가 날씨를 떠나서도 너무 심각할 정도로 많습니다. 오히려 바위는 어두운 분위기와 최소한의 조명이 있기에 날벌레가 덜 꼬이고 덜 들어오는 편이더라구요. 주변에 불이 환하게 켜진 가게들은 진짜 무서울정도로 심각했어요. 그래서 저는 오히려 바깥에 비해 안에서는 벌레를 신경쓰지 않아도되서 다행이다 싶었던..  ","7,424",양식,,,영업안함,125000.0,125000.0,125000.0,성동구,성수,3115,파스타,양식,성수,성동구,예약,4.8,352,영업안함,125000.0,,,125000.0,125000.0,성수
54,77,버블리,"분위기, 샴페인, 와인, 추천, 파스타, 음식, 메뉴, 좋은, 소믈리에, 버블","['주류', '분위기 좋은', '추천하는']","주류, 분위기 좋은, 추천하는",4.9,120,다이닝바,자양,서울특별시 광진구 자양번영로 69 5층,점심 저녁 동일가 1 - 4만원,DOCHELIN GUIDE,5.0,점심,2023.08.05,"조용히 낮샴도 가능한 숨은 다이닝 맛집, 자양동 버블리. 호텔 라운지에 방문한 듯 깔끔한 내부와 바로 이어지는 루프탑까지 함께 즐길 수 있는 곳. 요즘 하늘이 너무 이쁜데 6시쯤 방문해 노을 지는 거 실시간으로 보면 너무 좋을 거 같은 곳이었어요🌇  디너에 방문하면 파스타밖에 못 먹을 가격으로 런치 팝업 코스를 진행한다고 하셔서 방문했습니다. 저는 커피를 스파클링 와인으로 변경🥂  🦀소프트쉘크랩파스타  소프트쉘 크랩, 고수,  파파야, 토마토로 맛을 낸 동남아 스타일 파스타. 이게 무슨 맛이지??? 아보카도 빠진 과카몰리 맛이다~ 하면서 먹었는데 스파클링 와인과 조합이 좋더라구요(?) 저 최근에 베트남 갔었는데 아직 안 돌아온 줄 알았자나요🤣🤣  🍄트러플버섯오일파스타  세 가지 버섯과 트러플로 맛을 내 향이 풍부했던 오일 파스타. 사실 트러플 버섯 조합은 크림으로 많이 먹었는데 오일도 맛도리🤤  건대에서도 너무 번화가에 위치한 게 아니라 오히려 시끄럽지 않고 한적하면서도 차분한 분위기여서 더 추천드리고 싶어요👍 자양동 속 한남동이랄까요✨  상주하시는 전문 소믈리에님이 픽하신 40여 종의 스파클링 와인, 깔끔한 매장에 분위기도 좋아서 기념일이나 연말 파티에 방문하기에도 너무 좋을 거 같아요🤍  한 번 방문하면 꼭 재방문한다는 샴페인 바 버블리 추천드려요😊  ✔ 8월 31일까지 4인 이상 예약 시 스파클링 와인 증정 ✔ 네이버, 캐치 테이블 예약 가능 ✔ 금, 토 2시간 30분 이용 시간제한 ✔ YES KIDS, 애견 동반 가능 ✔ 콜키지 테이블당 최대 1병 ( 5만원 ) ✔ 매장 앞 주차 불가  - @bubbly.seoul -  🧭 서울 광진구 자양번영로 69 5층 ⏰ 월-수 17:00-새벽 01:00 목-토 12:00-24:00 ( 매주 일요일 정기휴무 ) 📞 0507-1386-0250 🪄 런치 코스 팝업 ( 예약필수 ) ₩25,000 + 스파클링와인 변경 ₩5,000  ","1,858",다이닝바,10000.0,40000.0,25000.0,10000.0,40000.0,25000.0,광진구,자양,1705,양식,양식,자양,광진구,예약,4.9,120,25000.0,25000.0,10000.0,40000.0,10000.0,40000.0,자양
55,79,부우이,"음식, 분위기, 맛있어요, 감자, 리조또, 맛있게, 문어, 스테이크, 식사, 루프","['음식이 맛있는', '분위기 좋은']","음식이 맛있는, 분위기 좋은",4.5,103,이탈리아음식,서울숲,"서울특별시 성동구 서울숲2길 16-12 2층,루프탑",점심 저녁 동일가 1 - 4만원,지혜로운 식도락가_38693,5.0,저녁,2024.04.02,음식 다 맛있고 서비스 친절하십니다 ✨ 내부 인테리어도 예쁘고 테라스 분위기도 좋아요 다음에 또 방문하고 싶어요~!  ,"2,540",양식,10000.0,40000.0,25000.0,10000.0,40000.0,25000.0,성동구,서울숲,1753,이탈리아음식,양식,서울숲,성동구,예약,4.5,103,25000.0,25000.0,10000.0,40000.0,10000.0,40000.0,서울숲
56,80,브네 VENEZ  Wine bar,"음식, 파스타, 와인, 삼치, 메뉴, 기념일, 맛있게, 맛있어요, 추천, 가지","['주류', '음식이 맛있는', '추천하는', '특별한 날']","주류, 음식이 맛있는, 추천하는, 특별한 날",4.7,426,다이닝바,성수,서울특별시 광진구 군자로 70 동일흥업주식회사 1층,점심 영업안함 · 저녁 1 - 3만원,먹짱연습생 문,5.0,저녁,2024.03.14,"엄마 생신을 기념해 가족과 방문했습니다. 결과적으로 엄마가 정말정말 좋아하셨어요!  시킨 메뉴에 맞춰서 와인 추천도 잘 해주시고, 인당 조각 수 맞춰서 빵도 주셨는데(다른 리뷰들 보니 와인 바틀로 시키면 주시는 것 같기도 하더라구요. 저희도 바틀 시켰습니다.) 맛있어서 기분 좋게 식사 시작했네요.  무엇보다 시킨 메뉴 하나하나가 정말 다 맛있었고, 어디에서나 먹을 수 있는 흔한 맛 정도가 아니라 좋았어요. 개인적으로 비슷한 느낌의 요즘 유명한 타 레스토랑들과 비교했을 때도 맛이 더 훌륭한 편이었던 것 같아요. 엄마는 특히 삼치 파스타를 좋아하셨는데 트러플 향과 허브 생선이 정말 향긋하게 잘 어울려서 맛있게 먹었습니다. 파스타 면도 맛있더라구요. 삼치 파스타와 가성비가 좋았던 가지튀김은 재방문시에도 꼭 또 먹을 것 같아요. 마지막으로 예약 후 메세지로 레터링 신청했더니, 셔벗 서비스로 주셨는데 이것도 정말 상큼하고 맛있어서 식사 마무리로 먹기 좋았어요. 정확히는 모르겠지만 다른 리뷰 봤을 때 단독 메뉴로 시키는 것과는 조금 다른 점이 있긴 한 것 같아요. 저희가 받은 건 미리 예약하면 주시는 기념일 서비스 같은데, 그냥 메뉴로 시켜드시면 리뷰 보니까 양도 더 많고 안에 복숭아 푸레 같는 것도 들어있는 것 같더라구요. 이건 사장님께 여쭤보면 더 정확할 것 같습니다.  ","6,059",다이닝바,,,영업안함,10000.0,30000.0,20000.0,성동구,성수,1090,양식,양식,군자,광진구,예약,4.7,425,영업안함,20000.0,,,10000.0,30000.0,군자
57,83,사델스 서울 / Sadelle's at Kith Seoul,"테라스, 서비스, 분위기, 음식, 메뉴, 직원, 좋고, 사델스, 샐러드, 식사","['친절한', '서비스 좋은', '분위기 좋은']","친절한, 서비스 좋은, 분위기 좋은",4.3,159,브런치,성수,서울특별시 성동구 연무장길 70 3층,점심 저녁 동일가 3 - 5만원,Uptou,5.0,저녁,2024.07.01,타워는 꼭 시켜드세요🫶 신선하고 맛있어요👏👏👏 구성을 원하는 걸루 선택할 수 있어요  ,"3,127",양식,30000.0,50000.0,40000.0,30000.0,50000.0,40000.0,성동구,성수,2833,브런치,양식,성수,성동구,예약,4.3,116,40000.0,40000.0,30000.0,50000.0,30000.0,50000.0,성수
58,84,산도스 성수 (SANDOS),"산도, 소스, 카츠, 치아바타, 고기, 샌드위치, 음식, 감자, 세트, 인테리어",[],,4.9,173,브런치,서울숲,서울특별시 성동구 서울숲2길 6 지하 1층,점심 저녁 동일가 1 - 2만원,유뎡잉,5.0,점심,2024.03.09,"성수데이트는 산도스에서 💕 날 좋은 봄, 간단하지만 맛있는 산도가츠샌드위치 먹고 남자친구와 서울숲 걷는 코스로 최고👍🏻 성수까지 와서 줄 서서 웨이팅하기 싫은데 캐치테이블로 예약되는 분위기 맛집이에요!  사장님의 센스가 드러나는 인테리어&소품 덕분에 사진찍는 맛까지 덤으로! (특히, 아늑하게 꾸며놓은 화장실 거울은 프로필 건지기 대박😎) 여자들이 먹기에 딱 싱글세트 중에 약간 매콤 로제 보드카소스 시판으로 나왔으면 좋겠어요… 양도 적당하고 감튀 이거 진짜 마요소스 취저 ♥️ 안그래도 요새 인기인 당근라페 먹어보고 싶었는데 유자향에 상콤해서 다 비움…  ",770,양식,10000.0,20000.0,15000.0,10000.0,20000.0,15000.0,성동구,서울숲,933,브런치,양식,서울숲,성동구,예약,4.9,173,15000.0,15000.0,10000.0,20000.0,10000.0,20000.0,서울숲
59,85,살라댕템플,"음식, 분위기, 태국, 직원, 좋은, 팟타이, 기분, 예약, 주문, 국적","['친절한', '분위기 좋은']","친절한, 분위기 좋은",4.3,2019,이탈리아음식,성수,서울특별시 성동구 성수이로16길 32 (주)MG전자,점심 저녁 동일가 2 - 5만원,창문갱스터,5.0,저녁,2024.06.12,저 원래 귀찮아서 리뷰 잘 안 쓰는데  여기는 써야할거같아서 씁니당!  일단 분위기가 너무 좋아요! ㅎㅎ 그냥 물만 바라봐듀 힐링되구  태국 4월에 다녀왔는데 태국보다 좋습니다…  전 친구랑 왔는데 기념일에 연인이랑 오면 더 좋을거같아요!! 여자친구 데려오면 여자친구한테 이쁨 많이 받으실거같습니다!! 그리고 음식도 진하고 풍미가 좋아요!  팟타이가 진짜 핵존맛..태국 여행갔을때 1일 1팟타이했는데  태국보다 더 맛있어요!! 진짜 핵핵 추천입니당!!!  ,"9,999+",양식,20000.0,50000.0,35000.0,20000.0,50000.0,35000.0,성동구,성수,23,퓨전음식,퓨전,성수,성동구,웨이팅,4.3,1991,50000.0,50000.0,20000.0,80000.0,20000.0,80000.0,성수
60,86,샌드페블스,"음식, 메뉴, 분위기, 서비스, 공간, 맛있고, 와인, 좋았어요, 기분, 맛있게","['서비스 좋은', '주류', '음식이 맛있는', '분위기 좋은']","서비스 좋은, 주류, 음식이 맛있는, 분위기 좋은",4.6,63,와인,금호,서울특별시 성동구 금호산길 16 상아탑학원 2층,점심 저녁 동일가 1 - 3만원,멋진 마스터_18420,5.0,저녁,2024.05.08,너무 맛있게 잘 먹었습니다!!😋😋 메뉴 다양하게 시켜먹었는데 모든 메뉴가 실패없이 맛있었어요!   ,889,주류,10000.0,30000.0,20000.0,10000.0,30000.0,20000.0,성동구,금호,1284,와인,주류,금호,성동구,예약,4.6,62,20000.0,20000.0,10000.0,30000.0,10000.0,30000.0,금호
61,87,샤브인서울 성수점,"샤브샤브, 샤브, 분위기, 고기, 예약, 모시, 음식, 식사, 야채, 인테리어",['분위기 좋은'],분위기 좋은,4.9,151,샤브샤브,성수,서울특별시 성동구 성수일로6길 53 유원지식산업센터,점심 저녁 동일가 2 - 4만원,퀸윰,5.0,저녁,2024.06.19,"성수점 2번째 방문 !!  샤브샤브는 샤브인서울 !!!!♡ 인테리어 대박 이뻐요 ,, 샤브샤브 집이 인테리어 이렇게 이뻐도 되나요? 플레이팅도 이쁘고 맛도 맛이써요  직원분들 초특급 상냥해여 ! 테이블 간격도 넓어서 사람이 많은데도 대화가 잘되서 좋았어요! 번창 하세요 ♡♡♡  ",475,한식,20000.0,40000.0,30000.0,20000.0,40000.0,30000.0,성동구,성수,470,샤브샤브,한식,성수,성동구,웨이팅,4.9,148,30000.0,30000.0,20000.0,40000.0,20000.0,40000.0,성수
62,88,서우 룸다이닝 성수점,"짜장면, 음식, 스테이크, 탕수육, 한우, 메뉴, 버터, 중식, 모임, 서비스","['특별한 날', '서비스 좋은']","특별한 날, 서비스 좋은",4.5,126,서울숲,중식,서울특별시 성동구 서울숲2길 32-14 갤러리아 포레 지하1층 117호,점심 저녁 동일가 1 - 9만원,지혜로운 마스터_8823,5.0,저녁,2024.07.01,"아버지 환갑 저녁으로 룸 예약했습니다. 총 6명에서 먹었지만 방은 최대 8명까지 가능해서 아주 좋았고 음식도 진짜 맛있게 먹었습니다. 코스B로 먹었는데, 대략 6~7 메뉴가 나와서 아주 다양한 음식들도 경험 할 수 있고 엄청 배부르게 먹었습니다. 부모님들도 아주 만족하셨어요! 주차 공간도 넓고 방 분위기도 좋습니다.  일반 메뉴 시켜도 동일하게 맛있을거 같아요! 추천합니다!  ",938,서울숲,10000.0,90000.0,50000.0,10000.0,90000.0,50000.0,,중식,204,중식,중식,서울숲,성동구,웨이팅,4.5,123,50000.0,50000.0,10000.0,90000.0,10000.0,90000.0,서울숲
63,88,서우 룸다이닝 성수점,"짜장면, 음식, 스테이크, 탕수육, 한우, 메뉴, 버터, 중식, 모임, 서비스","['특별한 날', '서비스 좋은']","특별한 날, 서비스 좋은",4.5,126,서울숲,중식,서울특별시 성동구 서울숲2길 32-14 갤러리아 포레 지하1층 117호,점심 저녁 동일가 1 - 9만원,지혜로운 마스터_8823,5.0,저녁,2024.07.01,"아버지 환갑 저녁으로 룸 예약했습니다. 총 6명에서 먹었지만 방은 최대 8명까지 가능해서 아주 좋았고 음식도 진짜 맛있게 먹었습니다. 코스B로 먹었는데, 대략 6~7 메뉴가 나와서 아주 다양한 음식들도 경험 할 수 있고 엄청 배부르게 먹었습니다. 부모님들도 아주 만족하셨어요! 주차 공간도 넓고 방 분위기도 좋습니다.  일반 메뉴 시켜도 동일하게 맛있을거 같아요! 추천합니다!  ",938,서울숲,10000.0,90000.0,50000.0,10000.0,90000.0,50000.0,,중식,2233,중식,중식,서울숲,성동구,예약,4.5,123,50000.0,50000.0,10000.0,90000.0,10000.0,90000.0,서울숲
64,88,서우 룸다이닝 성수점,"짜장면, 음식, 스테이크, 탕수육, 한우, 메뉴, 버터, 중식, 모임, 서비스","['특별한 날', '서비스 좋은']","특별한 날, 서비스 좋은",4.5,126,서울숲,중식,서울특별시 성동구 서울숲2길 32-14 갤러리아 포레 지하1층 117호,점심 저녁 동일가 1 - 9만원,지혜로운 마스터_8823,5.0,저녁,2024.07.01,"아버지 환갑 저녁으로 룸 예약했습니다. 총 6명에서 먹었지만 방은 최대 8명까지 가능해서 아주 좋았고 음식도 진짜 맛있게 먹었습니다. 코스B로 먹었는데, 대략 6~7 메뉴가 나와서 아주 다양한 음식들도 경험 할 수 있고 엄청 배부르게 먹었습니다. 부모님들도 아주 만족하셨어요! 주차 공간도 넓고 방 분위기도 좋습니다.  일반 메뉴 시켜도 동일하게 맛있을거 같아요! 추천합니다!  ",938,서울숲,10000.0,90000.0,50000.0,10000.0,90000.0,50000.0,,중식,3363,중식,중식,서울숲,성동구,예약-웨이팅,4.5,123,50000.0,50000.0,10000.0,90000.0,10000.0,90000.0,서울숲
65,89,서울낙업,"분위기, 하이, 연어, 음식, 좋았어요, 예약, 종류, 좋고, 맛있어요, 메뉴","['음식이 맛있는', '분위기 좋은']","음식이 맛있는, 분위기 좋은",4.6,134,이자카야,건대,서울특별시 광진구 동일로22길 117-23 지하 1층,점심 저녁 동일가 1 - 3만원,김김성하,5.0,저녁,2024.05.13,참깨나베 무조건드세요 너무 맛있습니다. 연어도 최근먹은 연어중 진짜 후회없는 맛이었습니다. 술종류나 안주종류가 다양한데 퀄리티가 엄청나서 나만의 아지트 삼고싶은데 인기가 너무많아요ㅠ  ,"1,446",일식,10000.0,30000.0,20000.0,10000.0,30000.0,20000.0,광진구,건대,1179,이자카야,일식,건대,광진구,예약,4.6,134,20000.0,20000.0,10000.0,30000.0,10000.0,30000.0,건대
66,90,서울로인 서울숲점,"서울숲, 좋고, 식사, 코스, 분위기, 음식, 좋은, 요리, 메뉴, 한우",['분위기 좋은'],분위기 좋은,4.6,402,소고기구이,서울숲,서울특별시 성동구 서울숲2길 32-14 갤러리아 포레 102동 2층 203-2호,점심 2.9만 - 9.9만원 · 저녁 7.9만 - 13.9만원,이파_,5.0,저녁,2024.06.25,음식 맛있는건 기본이고 볼때도 예쁘고 디쉬 온도도 다 맞춰주셔서 너무 기분좋게 식사할 수 있었습니다 서울숲역 근처에 있어 데이트하고 가기도 좋고 두시간 주차 지원되서 편하게 차 가지고 올 수 있어요 :) 다음에 또 가야겠어요!  ,"3,558",한식,29000.0,90000.0,59500.0,90000.0,139000.0,114500.0,성동구,서울숲,2199,소고기구이,한식,서울숲,성동구,예약,4.6,392,59500.0,114500.0,29000.0,90000.0,90000.0,139000.0,서울숲
67,91,선명,"사시미, 분위기, 메뉴, 음식, 튀김, 건대, 두부, 맛집, 선명, 숙성","['음식이 맛있는', '분위기 좋은']","음식이 맛있는, 분위기 좋은",4.9,121,이자카야,건대,서울특별시 광진구 동일로24길 60 1층,점심 영업안함 · 저녁 가격변동,별이최고,5.0,저녁,2024.06.19,선명 분위기도 아늑하니 좋고 무엇보다 음식 퀄리티가 최고입니당 ! 👍🏻 특히 선명 사시미 하나하나 정말 맛있게 먹었어요 :)  사시미를 먹기 전 어떤 생선을 사용했는지 다 설명해주시고 친절하게 안내해주셔서 더 즐겁게 식사하고 올 수 있었어요 ㅎㅎ  탕이 먹고싶어서 앙코나베도 먹어봤는데 부드럽고 되~게 맛있는 매운탕 같았어요 !  그래서 탕 좋아하시는 분들께도 추천하고 싶어요☺️ 서비스까지 왕창 챙겨주셔서 넘 감사해요 ❤️  다음 번에 다른 사이드 메뉴도 먹으러 또 방문할게요 !  ,470,일식,,,영업안함,,,가격변동,광진구,건대,747,이자카야,일식,건대,광진구,예약,4.9,121,영업안함,가격변동,,,,,건대
68,92,성수 리타르단도,"분위기, 음식, 메뉴, 칵테일, 데이트, 파스타, 샐러드, 맛있었어요, 성수, 추천","['추천하는', '분위기 좋은', '주류', '음식이 맛있는', '데이트/연인과 함께']","추천하는, 분위기 좋은, 주류, 음식이 맛있는, 데이트/연인과 함께",4.9,524,다이닝바,성수,서울특별시 성동구 뚝섬로 393 지하 1층,점심 저녁 동일가 1 - 3만원,멋진 개척가_12826,5.0,점심,2024.06.21,"성수에 숨겨진 맛집 ㅠㅠ 나만 알고 싶은 맛집이지만 공익을 위해 리뷰를 씁니댜. 일단 매장 분위기가 너무 좋아서 데이트로도, 소개팅 장소로도, 청첩장 모임에도 좋은 것 같아요. 저희는 다음 기념일에 재방문 해볼까해요 희희 사장님께서도 친절하시고 음식도 하나하나 설명 해주신답니댜.. ♥  대표메뉴인 “선데이 로스트”는 치마살이 진짜 보드랍고 질기지 않아서 좋았어요! 같이 올라가있는 빵이랑 같이 올려 먹어도 좋고 따로 빵만 찢어먹어도 맛있!!! , “버섯크림 파스타” 는 아주 꾸덕하니 꾸덕꾸덕파스타 끌리시면 바로 강추에요. 버섯도 진짜 많이 들어있어서 풍미가 굿굿굿. 개인적으로 파스타맛집이라 생각들어 다음에 방문하면 또 다른 파스타메뉴도 먹어보려고요. “부라타치즈와 콘 샐러드” 느끼할때쯤 샐러드로 내려줘야 많이 먹을 수 있거든요. ㅎㅎㅎ 되게 상큼하고 맛있고, 무엇보다 다른 샐러드랑 좀 차별화되게 아몬드퓨레가 들어가있는데 이게 진짜 별미에용 너무 잘 어울리고 고소하고 달달하고 맛있었어요. 샐러드 추천이에요 !!!  ","9,377",다이닝바,10000.0,30000.0,20000.0,10000.0,30000.0,20000.0,성동구,성수,1247,양식,양식,성수,성동구,예약,4.9,516,20000.0,20000.0,10000.0,30000.0,10000.0,30000.0,성수
69,93,성수 수집,"메뉴, 음식, 맛있고, 사케, 구성, 맛있어요, 분위기, 기념일, 재료, 좋고","['특별한 날', '음식이 맛있는', '분위기 좋은']","특별한 날, 음식이 맛있는, 분위기 좋은",4.9,687,일식,성수,서울특별시 성동구 성수일로1길 10 1층,점심 영업안함 · 저녁 6.5 ~ 7.9만원,설이맘스,5.0,저녁,2024.06.23,양도 적지않은데 음식 하나하나가 다 맛있어요!!! 배부른데 너무 맛있어서 꾸역꾸역 먹게되네요 강추드려요!! 사케 라인업이 더 보강되면 금상첨화일듯!!   ,"9,999+",일식,,,영업안함,65000.0,79000.0,72000.0,성동구,성수,2994,일식,일식,성수,성동구,예약,4.9,684,영업안함,72000.0,,,65000.0,79000.0,성수
70,94,성수 신데렐라,"칵테일, 분위기, 음식, 신데렐라, 좋고, 좋았어요, 친절하시고, 기념일, 느낌, 사진","['친절한', '주류', '특별한 날', '분위기 좋은']","친절한, 주류, 특별한 날, 분위기 좋은",4.8,150,다이닝바,성수,서울특별시 성동구 아차산로7가길 3-4 1층,점심 저녁 동일가 2 - 3만원,미식하는 술쟁이,4.3,저녁,2024.05.24,구두에 담긴 달콤함 한잔  돋보적인 컨샙이 있는 칵테일바 시그니처들의 가격이 저렴한편이고 입구부터 재미있는 분위기  다만 음악이 너무 시끄러워 일반적인 바느낌보단 펍이나 클럽부스같은 내부에선 조용히 대화하기가 조금 힘든게 아쉬웠던점  ,"1,476",다이닝바,20000.0,30000.0,25000.0,20000.0,30000.0,25000.0,성동구,성수,2381,양식,양식,성수,성동구,예약,4.7,149,25000.0,25000.0,20000.0,30000.0,20000.0,30000.0,성수
71,96,세디치(sedici),"뇨끼, 메뉴, 분위기, 음식, 파스타, 맛집, 맛있어요, 성수, 좋은, 타르","['음식이 맛있는', '분위기 좋은']","음식이 맛있는, 분위기 좋은",4.6,637,이탈리아음식,성수,서울특별시 성동구 성수이로22길 37 성수동 아크벨리 1층,점심 저녁 동일가 1 - 3만원,멋진 마스터_28131,5.0,점심,2024.06.22,모든 메뉴가 맛있어요! 애매한 맛이 아닌 엄청 맛있는 이탈리안은 오랜만이라 좋았어요 ㅎㅎ 피스타치오티라미수까지 🩵  ,"8,893",양식,10000.0,30000.0,20000.0,10000.0,30000.0,20000.0,성동구,성수,1099,이탈리아음식,양식,성수,성동구,예약,4.6,636,20000.0,20000.0,10000.0,30000.0,10000.0,30000.0,성수
72,98,소랑호젠,"메뉴, 음식, 분위기, 스테이크, 제주, 파스타, 느낌, 좋고, 돼지, 맛있어요","['음식이 맛있는', '분위기 좋은']","음식이 맛있는, 분위기 좋은",4.6,378,파스타,서울숲,서울특별시 성동구 왕십리로 58 FORHU 1층 110호,점심 저녁 동일가 1 - 4만원,_SUN,5.0,점심,2024.05.07,음식  전체적으로 맛있고 설명도 잘해주세요.특히 리코타 치즈 샐러드랑 흑돼지 프렌치렉 스테이크 추천합니다.모임하기 좋고 주기적으로 메뉴 바뀐다고 해서 다음에 또 방문 해보려고요.  ,"4,833",양식,10000.0,40000.0,25000.0,10000.0,40000.0,25000.0,성동구,서울숲,270,파스타,양식,서울숲,성동구,웨이팅,4.6,376,25000.0,25000.0,10000.0,40000.0,10000.0,40000.0,서울숲
73,98,소랑호젠,"메뉴, 음식, 분위기, 스테이크, 제주, 파스타, 느낌, 좋고, 돼지, 맛있어요","['음식이 맛있는', '분위기 좋은']","음식이 맛있는, 분위기 좋은",4.6,378,파스타,서울숲,서울특별시 성동구 왕십리로 58 FORHU 1층 110호,점심 저녁 동일가 1 - 4만원,_SUN,5.0,점심,2024.05.07,음식  전체적으로 맛있고 설명도 잘해주세요.특히 리코타 치즈 샐러드랑 흑돼지 프렌치렉 스테이크 추천합니다.모임하기 좋고 주기적으로 메뉴 바뀐다고 해서 다음에 또 방문 해보려고요.  ,"4,833",양식,10000.0,40000.0,25000.0,10000.0,40000.0,25000.0,성동구,서울숲,1639,파스타,양식,서울숲,성동구,예약,4.6,375,25000.0,25000.0,10000.0,40000.0,10000.0,40000.0,서울숲
74,98,소랑호젠,"메뉴, 음식, 분위기, 스테이크, 제주, 파스타, 느낌, 좋고, 돼지, 맛있어요","['음식이 맛있는', '분위기 좋은']","음식이 맛있는, 분위기 좋은",4.6,378,파스타,서울숲,서울특별시 성동구 왕십리로 58 FORHU 1층 110호,점심 저녁 동일가 1 - 4만원,_SUN,5.0,점심,2024.05.07,음식  전체적으로 맛있고 설명도 잘해주세요.특히 리코타 치즈 샐러드랑 흑돼지 프렌치렉 스테이크 추천합니다.모임하기 좋고 주기적으로 메뉴 바뀐다고 해서 다음에 또 방문 해보려고요.  ,"4,833",양식,10000.0,40000.0,25000.0,10000.0,40000.0,25000.0,성동구,서울숲,3317,파스타,양식,서울숲,성동구,예약-웨이팅,4.6,375,25000.0,25000.0,10000.0,40000.0,10000.0,40000.0,서울숲
75,99,소설옥 금남시장점,"와인, 고기, 맛있고, 최고, 아이, 좋고, 기분, 맛집, 서비스, 시간","['주류', '음식이 맛있는', '서비스 좋은', '추천하는']","주류, 음식이 맛있는, 서비스 좋은, 추천하는",4.8,122,"육류,고기요리",금호,서울특별시 성동구 독서당로 296-11 1층,점심 영업안함 · 저녁 1 - 4만원,호기심 많은 식객_51095,5.0,저녁,2024.05.24,힙하면서도 맛있으면서도 kids-friendly 하면서고 친절하면서도 완벽한곳  ,"1,112",한식,,,영업안함,10000.0,40000.0,25000.0,성동구,금호,1609,"육류,고기요리",한식,금호,성동구,예약,4.8,121,영업안함,25000.0,,,10000.0,40000.0,금호
76,100,소와나 성수,"서비스, 고기, 좋은, 와나, 부위, 분위기, 친절하게, 마카, 음식, 입문","['서비스 좋은', '분위기 좋은']","서비스 좋은, 분위기 좋은",4.7,151,소고기구이,서울숲,서울특별시 성동구 서울숲2길 2 1층,소와나 성수,Joshua17,5.0,점심,2024.04.15,"오랜만에 한국에 온 동생에게 ""고급 요리"" 대접하겠다며, 올 1월에 이어 두번째 방문이었습니다.   첫 방문에는 5종 세트 주문, 이번에는 7종 세트 주문했고 부위 하나, 하나를 정성스럽게 준비해 주셨고, 각 부위 설명해 주시면서 어떻게 먹는지도 자세히 설명해 주셨습니다. 한우만 취급하는 곳이라 그런지 여러모로 상당히 고급스러운 분위기에서 고급스런 음식 접했습니다. 1월 & 이번에도 점심 때 갔는데, 음식 품질이나 고즉넉한 식당 분위기가 저녁/밤애도 데이트 하기에 더할나위 없이 좋겠다는 생각했네요.   저희 집 미식가라 통해 미국에서도 맛집 다니는거 좋아하고, 식당이든 누구 집에 초대 받든 ""이 음식에 뭐가 더 들어가면 좋겠는데"" 하며 입맛이 조금 까다로울 때가 있는 동생도 너무 좋아했습니다.  뚝섬역에서 10분 안팎 거리에 있고, 서울의 숲 5번 출구에서 1-2분 거리에 있습니다. 굳이 차를 갖고 가려면 인근에 공영주차장도 많이 있구요.  아직도 안 가보셨거나 망설이신다면 꼭 가세요!  ","1,364",한식,,,,,,,성동구,서울숲,2957,소고기구이,한식,서울숲,성동구,예약,4.7,149,60000.0,60000.0,50000.0,70000.0,50000.0,70000.0,서울숲
77,101,수랑화,"음식, 분위기, 직원, 가족, 좋아요, 모시, 테이블, 맛있어요, 미나리, 서비스","['친절한', '서비스 좋은', '음식이 맛있는', '분위기 좋은']","친절한, 서비스 좋은, 음식이 맛있는, 분위기 좋은",4.5,191,샤브샤브,옥수,서울특별시 성동구 독서당로 198 에벤에셀220타워,점심 저녁 동일가 1 - 3만원,기분좋은 미식가_40597,5.0,저녁,2024.06.06,부모님 모시고 아기랑 방문했는데 전체적으로 간도 강하지 않고 깔끔하니 좋네요 동네라 자주 올거같아요 가족모임하기도 좋아요  ,706,한식,10000.0,30000.0,20000.0,10000.0,30000.0,20000.0,성동구,옥수,1453,샤브샤브,한식,옥수,성동구,예약,4.5,186,20000.0,20000.0,10000.0,30000.0,10000.0,30000.0,옥수
78,103,스시 히나타,"마카, 쉐프, 가격, 스시, 음식, 생일, 좋은, 퀄리티, 식사, 디너",['특별한 날'],특별한 날,4.9,981,스시오마카세,성수,서울특별시 성동구 무학로2길 16,점심 3.9만원 · 저녁 6.5만원,슈가원츄,5.0,저녁,2024.06.27,"엄마 생신이셔서  가족끼리 방문했습니다! 우선 다른 오마카세들에 비해 가격이 합리적이고, 맛도 지금까지 먹어본 오마카세 중 가장 맛있는 곳이었습니다ㅠㅠ 코스가 다른곳 보다 더 다양하게 나오고, 엄마도 지금까지 먹었던 초밥중에 가장 맛있다고 극찬하셨습니다👍🏻  제일 먼저 나오는 차완무시..... 한 입 먹고 게임 끝 .  다른 곳들은 싱겁거나 그냥 그랬는데 히나타는 크림베이스 소스를 올려주는데 진짜 JMT 초밥들도 너무 너무 신선하고 엄마는 전복이 가장 맛있다고 하셨어요!! 다른 메뉴들도 진짜 맛있다... 만 연발하면서 먹었고 흐름 끊기지않고 진짜 적절한 타이밍에 맞춰서  느리지도, 빠르지도 않게 주시는데 최고ㅎㅎ 끝에 계란말이 디저트는 ...... 와 여기 계란 요리 왜 이렇게 잘해요ㅠㅠㅠ? 카스테라 먹는 것 같은데 계란말이가 이런 맛이 날 수 있구나 진짜 감동받았습니다 🥹 엄마 생일이라고 초도 꽂아주시고, 마무리 레몬샤벳. 이거도 진짜 장난 아니에요  레몬맛 안 좋아하는 저인데 레몬바질...? 인가 넣어서 진짜 상큼하고 진짜 이런걸 디저트라고 해야합니다 다른데는 마트에사 조안나 사와서 주던데..... 끝까지 감동받은 히나타🤍 눈이 안 좋아서 성함이 맞는지 모르겠지만 저희 담당해주신 이동환 쉐프님 너무 친절하셨고, 핑거 푸드 사진찍으라고 직접 잡아주시고 엄마 잘 챙겨주셔서 너무 감사합니다 조만간 또 방문할건데 이동환 쉐프님 다시 만나고싶어요~! 엄마 생일에 좋은 기억으로 남게 해주셔서 감사드립니다❤️  ","8,285",일식,39000.0,39000.0,39000.0,65000.0,65000.0,65000.0,성동구,성수,2990,스시오마카세,일식,상왕십리,성동구,예약,4.9,971,39000.0,65000.0,39000.0,39000.0,65000.0,65000.0,왕십리/상왕십리
79,104,스시&스낵바 논데 (성수점),"음식, 가격, 마카, 스시, 메뉴, 사케, 좋은, 분위기, 서비스, 안주","['서비스 좋은', '분위기 좋은']","서비스 좋은, 분위기 좋은",4.8,223,기타 오마카세,서울숲,서울특별시 성동구 왕십리로 58 FORHU,점심 영업안함 · 저녁 3.9만원 - 4.5만원,Luscious.K,4.7,저녁,2024.06.24," #성수동 #스넥바논데  ""기분 좋아지는 술집""  종로의 축복이라고 불리우며 사대문안 최강 가성비와 인기를 누리고 있는 <논데>, 그래서 <종데>라고 불리운다. 원래 장안동에 위치했으나 본점을 종로로 이전해 종데가 되었고 장안동에는 종데 보다 좀 더 스시 전문점 다운 <스시카야 논데>로 새단장을 했다. 아마도 이런 성공을 기반으로 드디어 성수에 세 번째 매장을 오픈한 곳이 이곳 <스넥바 논데>다. 이곳은 이름 그대로 케주얼한 안주와 술마시기 좋은 세팅으로 구성이 되어있다. 논데의 기반인 오마카세도 한 타임 진행하면서 일식 타파스 느낌의 소요리들이 즐비하다.  메뉴의 구성 뿐만 아니라 중간 중간 내어주시는 작은 서비가 손님들을 심쿵하게 한다. 세상에 누가 서비스 싫어하랴! 마치 내가 이집의 단골인양, 내가 귀한 사람 취급을 받는 어깨 으쓱한 접객 아니던다.  첫 서비스로 내어주신 작은 미나리전은 간장을 안주셔도 될만큼 미나리향이 그윽했다. 오히려 간장이 방해가 된다. 두 번째로 주신 육회-유부초밥은 받는 손님으로 하여금 황송하게 만들어 버리는 <고기 서비스>다. 술집 취향으로 달달하게 양념한 육회가 술안주로 나쁘지 않다.  이곳에 오면 일단 분위기부터 술에 대한 경계심을 무장해제 시킨다. 어둡고 블랙키한 인테리어는 금요일밤 아지트에 숨어 실컷 불금을 즐기고 싶게 만드는 느낌이고 활발한 메니져님의 응대와 사케 소개 등등은 점차 이집의 매력에 빠지게 만든다. 그래서 둘이 가서 사케 두 명을!!! ㅎㅎㅎㅎ  음식은 전체적으로 고급은 아니다. 정통도 아니고 그렇다고 파격적인 변화도 아닌 어중간한 느낌이 있다. 음식만으로 평가하자면 나는 재방문은 안한다. 그런데도 이집은 매력적이다.   #목살카라아게 다리살 대신 특별메뉴로 세세리를 튀겨냈다. 카라아게 특유의 밑간이 안되어 있어 심심한 닭튀김 정도이고 얇은 목살을 튀기니 구울 때의 매력은 반감된다.   #스시 역시 스시집 기반이라 스시가 맛있다. 이 정도라면 종데도 꼭 가봐야 겠다. 가격 좋고 기본 충실하게 좋다. 히카리모노가 비린내 안나면 된집이다.   #테바사키 달고 짜고 손에 묻고 후추까지 팍팍!! 확실히 이집의 자랑인 캄폿후추가 없으면 이집 음식의 정체성이 떨어진다. 한 입 먹고 바로 나마비루 주문해 버리게 하는 마성의 양념!   #나메로우 나메로우는 주로 히카리모노 같이 부드러운 생선을 미소와 생강, 파 등을 함께 칼로 다져서 먹는 일본 토속요리다. 네기토로를 다른 저렴한 생선으로 만들었다고 생각하시면 되는데, 일본 드라마나 고독한미식가에서만 보다가 한국에서 드뎌 먹어보나 했더니 아쉬움이 매우 크다. 일단 생선을 다진 것이 아니라 얇게 채썰어서 식감이 나메로우가 아니고 그냥 생선회다. 백미소맛이 지배적이지 않고 뭔가 과일향 같고 달달한 맛이 진하게 나서 한식집에서 주는 과일로 만든 샐러드 드레싱 같은 맛이다. 아쉽지만 이 메뉴는 남겼다.   #멘치카츠 꽤나 여러군데서 멘치카츠를 먹어봤는데, 이집은 멘치카츠가 아니고 동그랑땡을 튀겨놓은 맛과 식감이다. 고기 외에 충진재료가 너무 많다.   #생선튀김 시험메뉴라고 생선튀김을 주셨다. 아지?  정확히 생선이름은 기억이 안나는데 아주 맛있다. 멘치카츠 보다도 이걸 밀어보시라 권하고 싶을 정도.  확실히 술을 부르는 안주들이 가득하다. 츠케모노 없냐는 질문에 스시바에서 쓰시는 짠지들을 잔뜩 주신 것도 감사하고 김도 계속 떨어지지 않게 배려해 주시는 모습도 좋다.  이집은 술집이다. 술을 마시게 만드는 음식이다. 술을 푸게 만드는 서비스다. 내 지갑을 열게 만드는 분위기다.  그럼 좋은 술집 아닌가? ㅎㅎ   #러셔스의베스트술집  #러셔스의베스트이자카야 ","1,774",일식,,,영업안함,45000.0,90000.0,67500.0,성동구,서울숲,540,기타 오마카세,일식,서울숲,성동구,웨이팅,4.8,220,영업안함,67500.0,,,45000.0,90000.0,서울숲
80,106,스시도쿠 더성수,"스시, 맛집, 메뉴, 스키야키, 이벤트, 좋았어요, 추천, 가격, 기분, 성수","['음식이 맛있는', '추천하는']","음식이 맛있는, 추천하는",4.5,120,"스시,초밥",서울숲,서울특별시 성동구 서울숲6길 13 Forest Seongsu 1층 스시도쿠 더성수,점심 1 - 3만원 · 저녁 1 - 7만원,아이리님,5.0,점심,2024.06.01,서비스와 이벤트가 훌륭합니다! 가격은 조금 있는편이지만 맛이 어마무시..웨이팅할만한 퀄리티였어요♡  ,910,일식,10000.0,30000.0,20000.0,10000.0,70000.0,40000.0,성동구,서울숲,219,"스시,초밥",일식,서울숲,성동구,웨이팅,4.5,119,20000.0,40000.0,10000.0,30000.0,10000.0,70000.0,서울숲
81,106,스시도쿠 더성수,"스시, 맛집, 메뉴, 스키야키, 이벤트, 좋았어요, 추천, 가격, 기분, 성수","['음식이 맛있는', '추천하는']","음식이 맛있는, 추천하는",4.5,120,"스시,초밥",서울숲,서울특별시 성동구 서울숲6길 13 Forest Seongsu 1층 스시도쿠 더성수,점심 1 - 3만원 · 저녁 1 - 7만원,아이리님,5.0,점심,2024.06.01,서비스와 이벤트가 훌륭합니다! 가격은 조금 있는편이지만 맛이 어마무시..웨이팅할만한 퀄리티였어요♡  ,910,일식,10000.0,30000.0,20000.0,10000.0,70000.0,40000.0,성동구,서울숲,2187,"스시,초밥",일식,서울숲,성동구,예약,4.5,119,20000.0,40000.0,10000.0,30000.0,10000.0,70000.0,서울숲
82,106,스시도쿠 더성수,"스시, 맛집, 메뉴, 스키야키, 이벤트, 좋았어요, 추천, 가격, 기분, 성수","['음식이 맛있는', '추천하는']","음식이 맛있는, 추천하는",4.5,120,"스시,초밥",서울숲,서울특별시 성동구 서울숲6길 13 Forest Seongsu 1층 스시도쿠 더성수,점심 1 - 3만원 · 저녁 1 - 7만원,아이리님,5.0,점심,2024.06.01,서비스와 이벤트가 훌륭합니다! 가격은 조금 있는편이지만 맛이 어마무시..웨이팅할만한 퀄리티였어요♡  ,910,일식,10000.0,30000.0,20000.0,10000.0,70000.0,40000.0,성동구,서울숲,3354,"스시,초밥",일식,서울숲,성동구,예약-웨이팅,4.5,119,20000.0,40000.0,10000.0,30000.0,10000.0,70000.0,서울숲
83,107,스시도쿠 카미동,"스시, 미동, 데이트, 메뉴, 왕십리, 좋았습니다, 주문, 테이블, 모임, 이벤트","['특별한 날', '데이트/연인과 함께']","특별한 날, 데이트/연인과 함께",4.6,205,일식,왕십리,서울특별시 성동구 왕십리로 295 왕십리가축병원 2층,점심 저녁 동일가 1 - 6만원,장자연으로,5.0,점심,2024.03.27,"국내 수급 가능한 최상의 재료로 일식 정통 숙성 스시를 맛볼 수 있다고 해 아들, 언니, 이렇게 셋이 다녀왔습니다. 100%라이브로 당일 재료, 당일 소진 원칙이라 주문한 메뉴에서 신선함이 느끼지더라고요.  아부리동, 지라시 카미동, 평일 런치 특제 산더미 텐동, 후토마끼,  하이볼 등을 주문했는데요. 어느 것 하나 맛 없는 게 없었답니다.  교통도 편리해서 왕십리역 9번 출구에서 1분 거리고요.  가까운 곳인 소월아트홀 유료주차장도 이용할 수 있습니다. 1시간 1.000원, 1시간30분 2,500원이라 전혀 부담스럽지 않습니다. 분위기도 좋고 인테리아도 깔끔해서 왕십리 데이트 장소로도 좋고요.  프라이빗 룸과 분리된 공간들로 조용하게 집중할 수 있어 소중한 분들과의 모임에도 좋습니다. 그리고 이벤트가 많아 또 행복한 곳이 바로 스시도쿠 카미동 왕십리본점인데요.카카오톡채널추가, 인스타팔로잉, 네이버영수증포토리뷰, 네이버쿠폰 등 이벤트가 풍성합니다.  그냥 말뿐인 이벤트 아니고요. 선물로 나오는 스시도 혼마구로뱃살 스시, 참돔스시 등 수준이 높답니다.  한양대와도 가깝고요.  근처에 CGV영화관, 엔터식스, 이마트 등도 있어 즐길거리도 많습니다. 왕십리 데이트하기 좋은 분위기 있는 술집 찾으신다면 여기 추천합니다^^  ","1,425",일식,10000.0,60000.0,35000.0,10000.0,60000.0,35000.0,성동구,왕십리,153,일식,일식,왕십리,성동구,웨이팅,4.6,205,35000.0,35000.0,10000.0,60000.0,10000.0,60000.0,왕십리/상왕십리
84,107,스시도쿠 카미동,"스시, 미동, 데이트, 메뉴, 왕십리, 좋았습니다, 주문, 테이블, 모임, 이벤트","['특별한 날', '데이트/연인과 함께']","특별한 날, 데이트/연인과 함께",4.6,205,일식,왕십리,서울특별시 성동구 왕십리로 295 왕십리가축병원 2층,점심 저녁 동일가 1 - 6만원,장자연으로,5.0,점심,2024.03.27,"국내 수급 가능한 최상의 재료로 일식 정통 숙성 스시를 맛볼 수 있다고 해 아들, 언니, 이렇게 셋이 다녀왔습니다. 100%라이브로 당일 재료, 당일 소진 원칙이라 주문한 메뉴에서 신선함이 느끼지더라고요.  아부리동, 지라시 카미동, 평일 런치 특제 산더미 텐동, 후토마끼,  하이볼 등을 주문했는데요. 어느 것 하나 맛 없는 게 없었답니다.  교통도 편리해서 왕십리역 9번 출구에서 1분 거리고요.  가까운 곳인 소월아트홀 유료주차장도 이용할 수 있습니다. 1시간 1.000원, 1시간30분 2,500원이라 전혀 부담스럽지 않습니다. 분위기도 좋고 인테리아도 깔끔해서 왕십리 데이트 장소로도 좋고요.  프라이빗 룸과 분리된 공간들로 조용하게 집중할 수 있어 소중한 분들과의 모임에도 좋습니다. 그리고 이벤트가 많아 또 행복한 곳이 바로 스시도쿠 카미동 왕십리본점인데요.카카오톡채널추가, 인스타팔로잉, 네이버영수증포토리뷰, 네이버쿠폰 등 이벤트가 풍성합니다.  그냥 말뿐인 이벤트 아니고요. 선물로 나오는 스시도 혼마구로뱃살 스시, 참돔스시 등 수준이 높답니다.  한양대와도 가깝고요.  근처에 CGV영화관, 엔터식스, 이마트 등도 있어 즐길거리도 많습니다. 왕십리 데이트하기 좋은 분위기 있는 술집 찾으신다면 여기 추천합니다^^  ","1,425",일식,10000.0,60000.0,35000.0,10000.0,60000.0,35000.0,성동구,왕십리,2133,일식,일식,왕십리,성동구,예약,4.6,205,35000.0,35000.0,10000.0,60000.0,10000.0,60000.0,왕십리/상왕십리
85,107,스시도쿠 카미동,"스시, 미동, 데이트, 메뉴, 왕십리, 좋았습니다, 주문, 테이블, 모임, 이벤트","['특별한 날', '데이트/연인과 함께']","특별한 날, 데이트/연인과 함께",4.6,205,일식,왕십리,서울특별시 성동구 왕십리로 295 왕십리가축병원 2층,점심 저녁 동일가 1 - 6만원,장자연으로,5.0,점심,2024.03.27,"국내 수급 가능한 최상의 재료로 일식 정통 숙성 스시를 맛볼 수 있다고 해 아들, 언니, 이렇게 셋이 다녀왔습니다. 100%라이브로 당일 재료, 당일 소진 원칙이라 주문한 메뉴에서 신선함이 느끼지더라고요.  아부리동, 지라시 카미동, 평일 런치 특제 산더미 텐동, 후토마끼,  하이볼 등을 주문했는데요. 어느 것 하나 맛 없는 게 없었답니다.  교통도 편리해서 왕십리역 9번 출구에서 1분 거리고요.  가까운 곳인 소월아트홀 유료주차장도 이용할 수 있습니다. 1시간 1.000원, 1시간30분 2,500원이라 전혀 부담스럽지 않습니다. 분위기도 좋고 인테리아도 깔끔해서 왕십리 데이트 장소로도 좋고요.  프라이빗 룸과 분리된 공간들로 조용하게 집중할 수 있어 소중한 분들과의 모임에도 좋습니다. 그리고 이벤트가 많아 또 행복한 곳이 바로 스시도쿠 카미동 왕십리본점인데요.카카오톡채널추가, 인스타팔로잉, 네이버영수증포토리뷰, 네이버쿠폰 등 이벤트가 풍성합니다.  그냥 말뿐인 이벤트 아니고요. 선물로 나오는 스시도 혼마구로뱃살 스시, 참돔스시 등 수준이 높답니다.  한양대와도 가깝고요.  근처에 CGV영화관, 엔터식스, 이마트 등도 있어 즐길거리도 많습니다. 왕십리 데이트하기 좋은 분위기 있는 술집 찾으신다면 여기 추천합니다^^  ","1,425",일식,10000.0,60000.0,35000.0,10000.0,60000.0,35000.0,성동구,왕십리,3350,일식,일식,왕십리,성동구,예약-웨이팅,4.6,205,35000.0,35000.0,10000.0,60000.0,10000.0,60000.0,왕십리/상왕십리
86,111,스시무카,"식사, 음식, 셰프, 최고, 서비스, 스시, 좋은, 맛있게, 시간, 좋고","['음식이 맛있는', '서비스 좋은', '추천하는']","음식이 맛있는, 서비스 좋은, 추천하는",4.9,154,스시오마카세,왕십리,서울특별시 성동구 왕십리로 410 센트라스 상가L동 1층 103호,점심 4 - 9만원 · 저녁 8 - 19만원,jyuni102,5.0,점심,2024.05.08,어버이날 기념으로 부모님 모시고 방문했는데 모든 음식 하나하나 정말 맛있었어요~!!^^ 셰프님이 서비스도 잘해주시고 식사내내 행복한 시간이었습니다^^ 집근처에 이런 좋은곳을 발견해서 넘 좋네요! 강남까지 갈필요가 없어요^^ 또 방문할께요:)   ,"1,075",일식,40000.0,90000.0,65000.0,80000.0,190000.0,135000.0,성동구,왕십리,3056,스시오마카세,일식,상왕십리,성동구,예약,4.9,153,65000.0,135000.0,40000.0,90000.0,80000.0,190000.0,왕십리/상왕십리
87,113,스시자양,"마카, 가성, 구성, 친절하시고, 음식, 가격, 서비스, 스시, 최고, 메뉴","['친절한', '서비스 좋은', '추천하는']","친절한, 서비스 좋은, 추천하는",4.9,218,스시오마카세,자양,서울특별시 광진구 뚝섬로 606 1층 3호,점심 2.5만원 · 저녁 3.5만-5.5만,먹짱 고양이,5.0,저녁,2024.05.17,"스시를 좋아하는 새내기 대학생인데 오마카세는 어떤지 궁금해서 열심히 서칭하다가 스시자양을 알게되었어요! 마침 대기 걸어놓은 15일 공휴일 디너 예약을 겨우 하게 되어 혼자 찾아갔습니다 우선 소규모로 예약을 받으셔서 혼자가도 전혀 어색하지 않았고, 음식 설명과 먹는 방법을 알려주시면서 적당한 속도로 내어주셔서 편하게 식사했던것 같습니다☺️ 음식의 맛과 양은 이미 너무너무 유명하니 생략하고! 한복을 입으신 사모님이 제가 혼자 와서 그런지 이것저것 가끔씩 말도 걸어주시고 귀엽다고도 해주시구.. 웃으면서 너무 친절하게 대해주셔서 너무 좋았던것 같아요 ㅎㅎ  다음에는 남자친구를 꼭! 데려가고 싶은 무조건 재방문하고 싶은 곳입니다 완죠니 강추입니다💗💗💗  ","1,638",일식,25000.0,25000.0,25000.0,35000.0,55000.0,45000.0,광진구,자양,2803,스시오마카세,일식,자양,광진구,예약,4.9,212,25000.0,45000.0,25000.0,25000.0,35000.0,55000.0,자양
88,114,스케줄 성수,"음식, 분위기, 좋은, 좋고, 좋아요, 친구, 시간, 파스타, 성수, 맛있고","['음식이 맛있는', '분위기 좋은']","음식이 맛있는, 분위기 좋은",4.4,2072,스시오마카세,성수,서울특별시 성동구 아차산로 104 스탈릿성수 2층,점심 5만원 · 저녁 8.5만원,Chipozz,5.0,점심,2024.06.01,"주말 토요일 오전 11시반 예약하고 방문했습니다 매장도 넓은데 사람도 그렇게까지 많지 않아서 워크인으로 방문해도 될 것 같아요 개방감이 있어 답답하지 않아 좋고, 음식도 굉장히 빨리 나옵니다. 한 3개 시켜서 2-30분 걸릴 줄 알았는데 10분만에 하나씩 나오더니 금방 다 나와서 한 번에 먹을 수 있었어요 값이 상대적으로 비싼 편이라 가성비는 기대 안했는데 기대 이상으로 모든 메뉴가 맛있었어서 어떤 걸 시켜도 실패 없을 거 같은 느낌입니다! 김치볶음밥이 뭐 별거 있겠어 했는데 의외로 정말 맛있었습니다 떡볶이도 대파가 잔뜩있다보니 파맛이 많이 나서 달큰하니 엄청 맛있었습니다😋 튀김 특히 김말이 JMT 퍼플구아바에이드도 달지않고 너무맛있었습니다~!  ","9,999+",일식,50000.0,50000.0,50000.0,85000.0,85000.0,85000.0,성동구,성수,2559,이탈리아음식,양식,성수,성동구,예약,4.4,2069,35000.0,35000.0,20000.0,50000.0,20000.0,50000.0,성수
89,115,시옹마오,"우육, 튀김, 맛있어요, 음식, 가지, 만두, 맛있게, 치킨, 맛있고, 맛있었어요",['음식이 맛있는'],음식이 맛있는,4.7,119,아시아음식,성수,서울특별시 성동구 연무장7길 7-1 린빌딩 3층,점심 저녁 동일가 1 - 2만원,마싯갰따,4.2,점심,2024.05.12,점심 웨이팅 해서 들어갔는데 세트 메뉴 구성도 너무 알차고 좋고 메뉴 하나하나 다 맛있었어요 ! 어떻게 먹어야 맛있는지 설명도 해주셔서 좋았습니다 ! 특히 가지튀김과 탄탄면이 맛있으니 꼭 드셔보세용 !!  ,817,아시아음식,10000.0,20000.0,15000.0,10000.0,20000.0,15000.0,성동구,성수,866,아시아음식,아시아음식,성수,성동구,예약,4.7,117,15000.0,15000.0,10000.0,20000.0,10000.0,20000.0,성수
90,116,신팡이,"고기, 소스, 친구, 돼지, 분위기, 인테리어, 돼지고기, 맛있게, 반찬, 맛있는","['음식이 맛있는', '분위기 좋은']","음식이 맛있는, 분위기 좋은",5.0,313,돼지고기구이,왕십리,"서울특별시 성동구 행당로17길 27 에뜨롬행당 1층 104, 105, 106호",점심 1 - 2만원 · 저녁 1 - 3만원,75토깽이,5.0,저녁,2024.04.13,왕십리 20년 넘게 살고있는 사람입니다  오며 가며 몇번 봤었는데 새로생긴 고깃집이네 하고 보기만 했었는데 요즘 날씨가 더워져서 매장도어를 오픈해서 운영해서 딱 제스타일이다 하고 오늘 처음 가봤어요! 갈비살을 스타트로 주문하고 냉면이랑 먹었는데 완전 고소해요! 요근래 먹은 고기중  단연 쵝오였어요! 모자라서 흑돼지 추가주문하고 갈비살보다는 솔직히 별로였어요! 그래서 다시 갈비살로 3번째 주문해서 둘이서 고기만 4인분 시켰네요! 양은 좀 적은듯해요 그래도 갈비살 맛은 정말 고소하고 맛있습니다 제가 원래 쌈을 좋아하는데 쌈싸먹기 아까울정도로 맛있었어요! 쌈싸먹으면 맛을 못느끼니 그냥 드셔야 맛나요^^ 다음에는 콜키지 하려고 물어봤는데 콜키지값이 한병에 15000원 이라고 하시네요! 담엔 와인들고 고고~  ,294,한식,10000.0,20000.0,15000.0,10000.0,30000.0,20000.0,성동구,왕십리,1479,돼지고기구이,한식,왕십리,성동구,예약,5.0,313,15000.0,20000.0,10000.0,20000.0,10000.0,30000.0,왕십리/상왕십리
91,119,써니눅,"뇨끼, 파스타, 메뉴, 음식, 대파, 크림, 맛있었어요, 리조또, 라따뚜이, 맛있는",['음식이 맛있는'],음식이 맛있는,4.7,264,브런치,성수,서울특별시 성동구 뚝섬로11길 21 UPTOS 지하1층,점심 저녁 동일가 1 - 4만원,리타리타리,5.0,저녁,2024.05.09,연인과 기념으로 방문했습니다. 여전히 써니눅은 존맛이군요... 남자친구도 진짜 맛있다고 했어요! 오래오래 장사해주세요.. 제 아지트나 마찬가지입니다.  ,"3,546",양식,10000.0,40000.0,25000.0,10000.0,40000.0,25000.0,성동구,성수,1670,브런치,양식,성수,성동구,예약,4.7,265,25000.0,25000.0,10000.0,40000.0,10000.0,40000.0,성수
92,120,쏘티,"와인, 음식, 분위기, 맛있고, 메뉴, 친구, 서비스, 좋은, 최고, 파스타","['서비스 좋은', '추천하는', '분위기 좋은', '주류', '음식이 맛있는']","서비스 좋은, 추천하는, 분위기 좋은, 주류, 음식이 맛있는",4.8,135,와인,성수,서울특별시 성동구 성덕정15길 12 성동상가아파트,점심 저녁 동일가 1 - 2만원,진솔이,5.0,저녁,2024.06.01,멋진음악 미각을 돋구는 음식 그리고 술… 마지막으로 친절한 직원분  금밤의 행복한 추억입니다🍷✨✨  ,"1,940",주류,10000.0,20000.0,15000.0,10000.0,20000.0,15000.0,성동구,성수,923,와인,주류,성수,성동구,예약,4.8,132,15000.0,15000.0,10000.0,20000.0,10000.0,20000.0,성수
93,123,아카이브 서울,"와인, 분위기, 루프, 음식, 좋은, 직원, 추천, 맛집, 자리, 맛있고","['추천하는', '분위기 좋은', '친절한', '주류', '음식이 맛있는']","추천하는, 분위기 좋은, 친절한, 주류, 음식이 맛있는",4.7,139,와인,성수,서울특별시 성동구 왕십리로4길 26-7 5층,점심 영업안함 · 저녁 1 - 3만원,repluto,4.7,저녁,2024.06.02,"예약한 시간보다 일찍 도착했는데 친절히 맞이해주시고, 특히 루프탑 자리 나니 자리 바꿔주신 부분도 정말 감사했어요. 2차로 방문해서 가벼운 음식 위주로 시켰는데 맛도 좋았고, 분위기는 최근 방문한 곳들 중 베스트였습니다!  ","6,100",주류,,,영업안함,10000.0,30000.0,20000.0,성동구,성수,1229,와인,주류,성수,성동구,예약,4.7,140,영업안함,20000.0,,,10000.0,30000.0,성수
94,124,아타리,"분위기, 시간, 아타리, 꼬치, 야키토리, 예약, 좋았어요, 맛있고, 메뉴, 서비스","['서비스 좋은', '음식이 맛있는', '분위기 좋은']","서비스 좋은, 음식이 맛있는, 분위기 좋은",4.7,604,야키토리,성수,서울특별시 성동구 성덕정19길 13 1층,점심 영업안함 · 저녁 1 - 4만원,여오빠,5.0,저녁,2024.07.01,야키도리오마카세 너무 좋습니다. 분위기도 맛도 만점 다시 방문하고싶네요~~  ,"9,999+",일식,,,영업안함,10000.0,40000.0,25000.0,성동구,성수,1619,야키토리,일식,성수,성동구,예약,4.7,597,영업안함,25000.0,,,10000.0,40000.0,성수
95,125,악당,"음식, 마카, 요리, 코스, 가성, 최고, 가격, 구성, 좋고, 추천",['추천하는'],추천하는,4.9,113,가이세키오마카세,건대,서울특별시 광진구 동일로24길 23 1층,점심 영업안함 · 저녁 1 - 3만원,쾌활한 맛사냥꾼_9063,5.0,저녁,2024.05.18,맛있게 잘 먹었습니다. ^^  ,718,일식,,,영업안함,10000.0,30000.0,20000.0,광진구,건대,628,가이세키오마카세,일식,건대,광진구,웨이팅,4.9,113,영업안함,20000.0,,,10000.0,30000.0,건대
96,127,어치브,"메뉴, 음식, 애호박, 서비스, 분위기, 좋은, 맛있어요, 요리, 좋고, 오징어","['서비스 좋은', '음식이 맛있는', '분위기 좋은']","서비스 좋은, 음식이 맛있는, 분위기 좋은",4.9,207,다이닝바,자양,서울특별시 광진구 능동로 23-14 자양동 59-24 제2종근린 1층,점심 영업안함 · 저녁 2 - 4만원,뉴움,5.0,저녁,2024.06.25,"분위기 아늑하고 좋아요!  푸드 나올 때 마다 페어링 하기 좋은 술도 한잔 씩 준비해주셔서 너무 좋았습니다! 에그누들 식감 너무 좋았고, 브로콜리 훈연향 대박..! 오징어 소스도 맛있고.. 플레이팅 맛 전부 좋았어요! 메뉴 설명과 서비스도 좋으셨습니다😄 삼겹살이 수비드중이어서 주문이 불가했는데 다음에 꼭 먹어보고 싶어요‼️  ","2,803",다이닝바,,,영업안함,20000.0,40000.0,30000.0,광진구,자양,2435,양식,양식,자양,광진구,예약,4.9,205,영업안함,30000.0,,,20000.0,40000.0,자양
97,128,에디슨바이댄,"음식, 튀김, 분위기, 스테이크, 좋은, 레몬, 루프, 맛있어요, 버섯, 소르베","['음식이 맛있는', '분위기 좋은']","음식이 맛있는, 분위기 좋은",4.8,158,아메리칸음식,서울숲,서울특별시 성동구 서울숲2길 15-12,점심 저녁 동일가 1 - 4만원,해피빈쓰,5.0,저녁,2024.07.02,"서울숲(성수) 부근에서 단체모임 하기 넘넘 좋아서 자주 애용하는 곳 중에 한 곳이에요! 이번에도 역시 예약시간에 맞춰 테이블 세팅도 잘해주셨고, 친절한 응대와 세심한 서비스가 감탄할만큼 너무나도 좋았습니다. 일단 직접 수제로 만든 레몬소르베 하이볼이 인상 깊었는데요~ 하이볼 뿐만 아니라 맥주도 에디슨바이댄 수제맥주로 공급받아 판매하고 있다고해요! IPA계열 맥주를 좋아해서 한잔만 입가심으로 마시려했다가... 폭풍으로 두잔을 마셔버렸네요! ㅋㅋ 음식은 모두 만족스러웠고, 가격도 너무 훌륭합니다! 단체로 와도 전혀 부담없고요. 음식의 퀄리티가 수준급 입니다. 특별히 치미추리 소스로 만든 치킨스테이크는 무조건 강추드립니다! 완벽한 에디슨바이댄만의 시그니처였고요! 시저샐러드는 아삭한 식감을 자랑하는 미니코스가 일품이었어요! 이미 재방문한 곳임에도 불구하고 앞으로도 수십번 수백번 더 재방문할 의사 1000% 입니다! 에디슨바이댄! 이번에도 좋은 추억과 기억 남기고갑니다! 번창하세요!   ","3,379",양식,10000.0,40000.0,25000.0,10000.0,40000.0,25000.0,성동구,서울숲,1734,아메리칸음식,양식,서울숲,성동구,예약,4.8,157,25000.0,25000.0,10000.0,40000.0,10000.0,40000.0,서울숲
98,129,에보 오스테리아,"음식, 파스타, 생면, 와인, 최고, 맛있어요, 분위기, 좋고, 추천, 맛있게","['주류', '음식이 맛있는', '분위기 좋은', '추천하는']","주류, 음식이 맛있는, 분위기 좋은, 추천하는",4.9,258,다이닝바,성수,서울특별시 성동구 상원길 80 성수동동아그린아파트 1층,점심 저녁 동일가 1 - 5만원,Mnd,5.0,점심,2024.05.28,이번에는 지인들 데리고 가서 못먹어본 메뉴들도 다 시켰는데 다 맛있게 먹었네요 ㅎㅎㅎ 추천해주신 레드와인도 맛있게 잘 먹었습니다 !   ,"3,262",다이닝바,10000.0,50000.0,30000.0,10000.0,50000.0,30000.0,성동구,성수,1995,양식,양식,성수,성동구,예약,4.9,258,30000.0,30000.0,10000.0,50000.0,10000.0,50000.0,성수
99,132,엘로코 El Loco,"음식, 메뉴, 분위기, 와인, 요리, 서비스, 추천, 데이트, 소스, 식사","['서비스 좋은', '추천하는', '분위기 좋은', '주류', '데이트/연인과 함께']","서비스 좋은, 추천하는, 분위기 좋은, 주류, 데이트/연인과 함께",4.9,364,스페인음식,성수,서울특별시 성동구 동일로 75-18 2층,점심 6만원 · 저녁 6-10만원,하또기,5.0,저녁,2024.06.02,성수에 이런 곳이 있는 줄 몰랐어요 ! 매장이 너무 예뻐서 데이트나 기념일에 오기 너무 좋은 곳이에요. 오늘 동생부부랑 셋이 방문했는데 한 공간에 테이블이 많지 않다보니 되게 고급스럽고 프라이빗하다고 느꼈어요 🩵 음식도 다 맛있게 먹었는데 특히 스테이크 두툼하고 부드럽구 디저트 소르베 ?! 는 향도 좋구 새콤달콤해서 마무리로 짱이었어요 소르베 꼭 먹어줘야 해요 ㅋㅋㅋ 그리구 여기 직원분들이 진~~~짜 친절하시구 센스 너무 좋으셔서 중요한 식사자리라면 정말 추천드립니당 ㅎㅎ 너무 기분 좋게 잘 먹고가서 길게 남겨봅니다 잘 먹었습니다 번창하세요 😄  ,"5,170",양식,60000.0,60000.0,60000.0,60000.0,100000.0,80000.0,성동구,성수,3001,스페인음식,양식,성수,성동구,예약,4.9,356,60000.0,80000.0,60000.0,60000.0,60000.0,100000.0,성수
100,138,오르트oort,"음식, 좋은, 메뉴, 분위기, 시간, 와인, 파스타, 맛있었습니다, 맛있고, 맛있습니다","['주류', '음식이 맛있는', '분위기 좋은']","주류, 음식이 맛있는, 분위기 좋은",4.7,123,다이닝바,왕십리,서울특별시 성동구 마장로 202 1층,점심 영업안함 · 저녁 1 - 4만원,은띠미,5.0,저녁,2024.06.29,"생일 모임을 위해 방문했습니다! 인터넷에서 본것과는 약간 다른 메뉴들이 있었는데 시즌별로 메뉴가 추가되고 빠지는듯 해요~ 바뀐것도 매우 취향저격이였습니다!ㅎㅎㅎ  육회에 들기름 국수 추가, 미나리 항정 파스타, 왕왕새우 비스큐 파스타 시켰는데 다 너무 맛있었어요! 육회는 캐비어랑 트러플 오일 연어알까지 주시더라구요 너무나 고급졌습니다ㅎㅎ  미나리 항정 파스타는 바질소스라서 좋았구 새우는 큼직한거 세마리나 주셔서  세명이서 안싸우고 먹었네요~~비스큐 소스 맛있어요  수제 피클도 중간중간 입가심하기 좋더라구요 와인은 다들 술을 잘 안마셔서 저렴한거 시켰는데 너무 만족스러웠습니다^^ 또 방문할게요  ",840,다이닝바,,,영업안함,10000.0,40000.0,25000.0,성동구,왕십리,1729,양식,양식,왕십리,성동구,예약,4.7,120,영업안함,25000.0,,,10000.0,40000.0,왕십리/상왕십리
101,142,오블리비언 Oblivion,"와인, 음식, 추천, 메뉴, 좋은, 공간, 파스타, 요리, 시간, 조합","['주류', '추천하는']","주류, 추천하는",5.0,95,다이닝바,왕십리,서울특별시 성동구 왕십리로21길 39-1 1층,점심 가격변동 · 저녁 가격변동,ji_annie_,5.0,저녁,2024.06.22,"I’ve come back to Oblivion to try out some interesting new dishes on their menu.  They have a new beer section so I’ve tried one of the sweet and fruity Spanish beer which was definitely refreshing on a hot day. I had authentic Italian white ragu pasta, and it was really rich and filling. It goes well with red wine and pickled Korean melon salad, it’s a seasonal menu only available during the summer. This is a must-eat side dish I'll crave all long, and I will surely come back before summer is over.  I’m impressed all over again every time, it’s a perfect place for a lovely dinner date and catching up with friends. Highly recommend!  ",595,다이닝바,,,가격변동,,,가격변동,성동구,왕십리,725,양식,양식,왕십리,성동구,예약,5.0,95,가격변동,가격변동,,,,,왕십리/상왕십리
102,144,오스테리아 파로,"음식, 파스타, 맛있었어요, 분위기, 뇨끼, 메뉴, 주문, 좋은, 스테이크, 트러플","['음식이 맛있는', '분위기 좋은']","음식이 맛있는, 분위기 좋은",4.5,112,파스타,서울숲,서울특별시 성동구 서울숲6길 20 삼일빌딩 1층,점심 저녁 동일가 1 - 7만원,고독한 셀럽_59078,5.0,저녁,2024.06.11,서비스도 친절하셨고 음식도 너무 맛있었습니다 특히 파스타가 맛있었네요  ,"2,238",양식,10000.0,70000.0,40000.0,10000.0,70000.0,40000.0,성동구,서울숲,2175,파스타,양식,서울숲,성동구,예약,4.5,112,40000.0,40000.0,10000.0,70000.0,10000.0,70000.0,서울숲
103,146,오트란,"와인, 음식, 분위기, 추천, 맛있고, 좋고, 친절하시고, 메뉴, 공간, 서비스","['서비스 좋은', '추천하는', '분위기 좋은', '친절한', '주류', '음식이 맛있는']","서비스 좋은, 추천하는, 분위기 좋은, 친절한, 주류, 음식이 맛있는",4.9,179,다이닝바,구의,서울특별시 광진구 자양로37길 12 1층 101호,점심 저녁 동일가 1 - 3만원,지혜로운 식도락가_81366,5.0,저녁,2024.06.14,추천해주신 와인과 메뉴가 취향저격이었어요  ,"1,468",다이닝바,10000.0,30000.0,20000.0,10000.0,30000.0,20000.0,광진구,구의,1146,양식,양식,구의,광진구,예약,4.9,179,20000.0,20000.0,10000.0,30000.0,10000.0,30000.0,구의
104,147,옥스라이브파이어그릴 성수,"음식, 기념일, 좋은, 분위기, 와인, 시간, 직원, 코스, 식사, 고민","['친절한', '주류', '특별한 날', '분위기 좋은']","친절한, 주류, 특별한 날, 분위기 좋은",4.9,215,코스요리,성수,서울특별시 성동구 둘레15길 11,점심 영업안함 · 저녁 9.8만원,베리베리요거트,4.7,저녁,2024.05.27,"요리하는 모습과 주방 청결상태를 직접 눈으로 확인 할수있는 오픈주방을 선호하고 좋아하기에 오픈키친의 끝판왕 옥스라이브파이어그릴에 방문했습니다.  위치는 대중교통을 이용하여 걸어서 아주 못갈곳은 아니지만 지하철역에서 도보로 15분 이상 걸리는 거리니 웬만하면 대중교통 보다는 자차로 방문하시는걸 추천드립니다. 주변에 한강공원과 뚝도시장이 있어 예약시간보다 일찍 출발하여 이곳저것 보면서 걸어가는것도 괜찮을것 같습니다. 주차는 매장 바로 옆에 주차 가능하며 꽤 넉넉한 공간이 있습니다.(10대 선착순 주차)  콜키지는 1병(750ml)까지 가능하며 30,000원 입니다.  파이어그릴 매장이다보니 밖에서 매장안에 수북히 쌓여있는 장작더미를 볼수있습니다. 입장하면 진한 참나무 훈연향과 장작더미 그리고 ㄷ자 형식의 긴 테이블이 만들어내는 공간이주는 분위기에 일단 사로잡히실거에요.  불멍하며 메뉴에대한 설명을 듣고 와인페어링과 우니, 캐비어, 트러플 추가 했습니다. 와인 외에도 위스키나 논알콜, 음료도 준비되어있어서 좋았습니다.   오픈키친 답게 눈 앞에서 셰프님들이 코스 시작을 준비하기 위해 바삐움직이는 모습을 볼수있었고 셰프님들 보다가 타오르는 장작불 보다가 하다보면 어느새 코스가 시작됩니다.  첫 시작은 비프타르타르인데 옥스라이브파이어그릴만의 시그니쳐인 플럼바두를 사용해 불맛을 더했습니다. 눈앞에서 불이 활활 타오르니 맛에 보는 맛까지 더해져 좋더라구요.  다만 주문했던 와인페어링과 음료가 다른 팀들은 다 세팅이 되었고 저희는 세팅이 안된 상태에서 코스를 시작해버려서 이부분에 대해 말씀드리니 준비해주셨습니다. 아마 코스 시작 준비로 분주히 움직이시느라 깜빡하신것 같은데 방문하는 손님 입장에서는 분위기와 음식 다 만족할만한 수준이었다 하더라도 이런 작은 실수 하나에 그 매장에 대한 기억이 부정적이게 될 수 밖에 없습니다.   심지어 저희만 딱 빼놓고 다른 팀들은 다 준비를 해주셔서 코스 시작도 전에 미간을 찡그리게 됐습니다. 사장님이 추후에 오셔서 따로 말씀해주시고 기분도 풀어주시려고 하셔서 그래 실수한것이고 누구나 실수할수있는거다 생각하고 잊어야지 했습니다.  두번째로 나온 어니언 스프는 무난했습니다. 사실 어니언 스프 너머에 보이는 거대한 피카냐 스테이크에 시선이 뺏겨 잘 기억이 나지않는다가 맞는 말이겠네요.  오픈키친의 장점이 정말 극대화 되어있는 매장입니다. 눈 앞에서 거대한 고기덩어리를 굽고 썰고 플레이팅 해버리니 입안에서 침샘이 폭발해버리더군요. 에피타이저가 필요없는 매장이 아닌가 하는 생각이 들 정도였어요.   채끝 스테이크는 방풍나물과 함께나오는데 소고기와 방풍나물의 조합은 생각치못했지만 정말 잘어울립니다.  이후 클렌징을 위한 음료를 주시는데 시트러스계열 시럽에 탄산수를 섞은 느낌이었고 클렌징 하기엔 좀 달았습니다.  루꼴라와 스캠피새우가 플레이팅된 파스타는 무난했습니다. 사실 그 후에 나오는 아귀살 스테이크 때문에 기억이 잘 안나요. 아구찜의 그 아귀가 맞습니다. 아귀살은 보통 흐물흐물한데 이걸 염지를 통해 탱글탱글하게 만든것 같았습니다. 감탄하며 먹었어요.  이후 토마호크를 굽고 플럼바두를 통해 불맛을 입히시는데 토마호크 두께가.... 이렇게 두꺼운 토마호크는 처음 봤습니다. 거기다 그 두꺼운 토마호크를 바로 앞에서 썰어주시는데 그냥 말 그대로 넋 놓고 봤네요. 평소에 보기만해도 배부르다는 말을 말도 안되는 소리라고 생각했는데 이제는 조금 알것 같습니다. 새우살과 적절히 섞어서 나눠주셨습니다.  이렇게 두꺼운 토마호크는 굽기가 꽤 어려워 안쪽이 거의 레어에 가까운 상태인 경우가 많은데 참나무그릴 화력 덕분인지 아주 맛있고 촉촉한 상태의 굽기였습니다. 고기 맛보다도 스테이크 소스가 꽤 맛있어서 더 달라고 했던 기억이 있네요.  이후 후식과 함께 매장 안의 불이 꺼지고 음악과 함께 불멍타임이 이어지는데 이게 앞의 미친토마호크스테이크 보다 더 이 곳의 하이라이트입니다. 도심 한가운데서 맛있는 음식과 함께 불멍이라니 더 말해 뭐합니까 직접 방문하셔서 느껴보세요!!  조명이 다시 켜지면 사장님께서 직접 캘리그라피 솜씨를 뽐내주시는데 이게 또 이곳의 매력입니다. 기념일을 맞아 방문한 분들에게 거기에 맞는 문구를 써주시고 코팅지까지 붙여서 나눠주시는데 기념일을 더 기념일 답게 잊지못할 시간으로 만들어주시는 사장님이 이곳의 가장 큰 자랑거리라고 생각되더라구요.  총 러닝타임은 한시간 반 정도이고 분위기가 진짜 미친곳입니다.  기념일에 어디에 가야할지 고민이시라면! 사랑하는 사람과 함께 좋은 추억을 만들고싶으시다면! 고민 할 필요없이 바로 예약하세요  ","2,370",퓨전,,,영업안함,98000.0,98000.0,98000.0,성동구,성수,3071,코스요리,퓨전,성수,성동구,예약,4.9,207,영업안함,98000.0,,,98000.0,98000.0,성수
105,148,온류,"메뉴, 음식, 파스타, 김밥, 분위기, 식사, 육회, 한식, 맛있었어요, 문어","['음식이 맛있는', '분위기 좋은']","음식이 맛있는, 분위기 좋은",4.8,247,한식,서울숲,서울특별시 성동구 서울숲2길 14-8 2층,점심 저녁 동일가 1 - 3만원,뚱띠네,5.0,점심,2024.06.18,먹었던 메뉴 다 너무 맛있었어요! 부각 치즈플래터까지 최고. 낮와인이랑 잘 어울렸고 음식 하나하나 다 추천합니다. 또 가고 싶은 성수 온류에요. 추천드려요 🤍  ,"3,800",한식,10000.0,30000.0,20000.0,10000.0,30000.0,20000.0,성동구,서울숲,1342,한식,한식,서울숲,성동구,예약,4.8,243,20000.0,20000.0,10000.0,30000.0,10000.0,30000.0,서울숲
106,149,온슬,"맛있어요, 음식, 분위기, 성수, 파스타, 메뉴, 친구, 온슬, 맛있어서, 새우","['음식이 맛있는', '분위기 좋은']","음식이 맛있는, 분위기 좋은",4.3,71,"회,사시미",성수,서울특별시 성동구 연무장7가길 5 3층,점심 영업안함 · 저녁 2 - 3만원,예오닛,5.0,저녁,2023.12.31,"성수하면 온슬.💚 그냥 타이틀이에요.. 사실 벌써 5번째이용이긴한데 크크 사장님 친절하시구 맛은 진짜 말할것도없이 미쳤어요 갈때마다 꾸덕파스타는 꼭 먹어요,,🤍 어디서 먹어볼수없는 맛이에요 꾸덕파스타는.. 다른 음식들도 진짜 다~ 맛있어요!! 리뷰 잘 안쓰는편인데 여기저기 알려주고싶어요! 지인들도 소개 엄청해줬는데 가는 친구들마다 맛있다고해서 어깨가 올라가는 맛집입니당🥹  ",884,일식,,,영업안함,20000.0,30000.0,25000.0,성동구,성수,2334,"회,사시미",일식,성수,성동구,예약,4.3,71,영업안함,25000.0,,,20000.0,30000.0,성수
107,150,올드핸즈,"스테이크, 애플파이, 디저트, 샐러드, 예약, 시간, 최고, 음식, 준비, 고기",['추천하는'],추천하는,4.9,403,"스테이크,립",금호,"서울특별시 성동구 금호로 80-1, 1층",점심 저녁 동일가 1 - 3만원,창우기껌딱지윤교이,4.7,저녁,2024.05.17,인스타보고 가보고 싶어서 예약했는데~ 예약이 쉽지 않아서 거의 한달 기다렸다가 갔어요!!  2명이서 먹는거라 티본스케이크가 그나마 양이 좀 적을거 같아서! 선택했습니다!!  [방문하는날 문자로 kg 선택할 수있게 사장님이 연락주셨어요~]  일단 방문 전 여러 후기를 토대로 베이컨과 부라타치즈샐러드 주문했어요!!   [혼자 하셔서 그런지 스타터나 디저트 메뉴가 다양하지는 않았어요! 참고하시면 좋을듯요!]  일단 메이플 시럽을 이용한 샐러드 소스나 베이컨을 만들어서 약간 단짠으로 풍미가 확 올라와서 맛있었어요!! 루꼴라의 신선함도 너무 좋았네요!!  베이컨을 다 먹을즈음 고기 준비를 물어봐주셨고~ 저희는 식사 속도가 좀 빠른편이라서 후다닥 준비 맞춰서 해주셔서 좋았어요!! 바로바로 피드백을 해주시니까 좋더라구요~  그리고 피클요청이 많아서 알타리무로 담근 피클이 준비되더라구요~ ㅋㅋ없으면 아쉽긴 했을듯요!!  일단 티본이 엄청 두껍고 실했어요!! 그래서 와 진짜 양도 양인데 부드럽고 겉은 바삭하고 진짜 너무 맛있게 먹었어요!!  디저트도 준비 해쥬신다고 하셔서 그걸 먹기위해 남은 고기는 귀엽게 ㅋㅋ 핸드백으로 포장해주셨어요!!  그리고 여기서 킥이 약간 고기를 먹어서 느끼함이 있는데 너무 달지 않고 사과의 적당한 상큼함의 애플파이와 바닐라 아이스크림의 조합이 미쳤어욬ㅋㅋㅋㅋ  배가 터질거 같았는데 디저트 싹싹 긁어먹었어요 ㅋㅋ  다음에 재방문 완전 희망이에요!!   한달 기다렸는데 실망하면 어쩌나 했는데 너무 만족했어요!!  ,"4,256",양식,10000.0,30000.0,20000.0,10000.0,30000.0,20000.0,성동구,금호,1137,"스테이크,립",양식,금호,성동구,예약,4.9,397,20000.0,20000.0,10000.0,30000.0,10000.0,30000.0,금호
108,152,와이즈오렌지(The wise orange),"분위기, 음식, 좋고, 와인, 메뉴, 스테이크, 맛있었어요, 파스타, 맛있게, 서비스","['서비스 좋은', '주류', '음식이 맛있는', '분위기 좋은']","서비스 좋은, 주류, 음식이 맛있는, 분위기 좋은",4.7,106,다이닝바,옥수,서울특별시 성동구 독서당로39길 42 1층,점심 저녁 동일가 1 - 3만원,Bstar,5.0,점심,2024.06.09,분위기도 좋고 음식맛도 좋고 친절하게 응대해주셔서 좋앗어요 내부 인테리어가 넘 예쁘고 좋습니당  ,"1,089",다이닝바,10000.0,30000.0,20000.0,10000.0,30000.0,20000.0,성동구,옥수,1085,양식,양식,옥수,성동구,예약,4.7,104,20000.0,20000.0,10000.0,30000.0,10000.0,30000.0,옥수
109,154,요시 성수,"함바, 맛있어요, 일본, 소스, 육즙, 직원, 함박, 고기, 맛있게, 맛있는","['친절한', '음식이 맛있는']","친절한, 음식이 맛있는",4.0,100,일식,서울숲,서울특별시 성동구 서울숲6길 22 1층,점심 저녁 동일가 1 - 4만원,온화한 마스터_15642,4.7,점심,2024.05.23,맛있게 잘 먹었습니다 :) 분위기도 좋고 혼밥 하기에도 좋았어요  ,639,일식,10000.0,40000.0,25000.0,10000.0,40000.0,25000.0,성동구,서울숲,222,일식,일식,서울숲,성동구,웨이팅,4.0,99,25000.0,25000.0,10000.0,40000.0,10000.0,40000.0,서울숲
110,155,우물집 구의점,"분위기, 음식, 전골, 좋아요, 좋은, 토마토, 맛있고, 맛있었어요, 솥밥, 좋고","['음식이 맛있는', '분위기 좋은']","음식이 맛있는, 분위기 좋은",4.3,257,한식,구의,서울특별시 광진구 아차산로49길 21,점심 저녁 동일가 2 - 5만원,PDHA,5.0,저녁,2024.06.02,"인테리어와 분위기, 서비스, 맛 모두 만족스러웠던 우물집 구의점! 1인 전골과 솥밥이 정갈하게 잘 나와서 깔끔하게 먹을 수 있고 분위기도 차분해서 데이트나 어른들 모시고 가도 좋을 거 같아요.👍 개인적으로 맛간장 전골과 바질토마토 솥밥을 추천합니다!  ","1,480",한식,20000.0,50000.0,35000.0,20000.0,50000.0,35000.0,광진구,구의,2605,한식,한식,구의,광진구,예약,4.3,257,35000.0,35000.0,20000.0,50000.0,20000.0,50000.0,구의
111,156,우바(UVA) 성수,"피자, 분위기, 서울숲, 와인, 파스타, 성수, 좋은, 메뉴, 음식, 맛집","['주류', '음식이 맛있는', '분위기 좋은']","주류, 음식이 맛있는, 분위기 좋은",4.7,110,이탈리아음식,서울숲,서울특별시 성동구 서울숲2길 47,점심 저녁 동일가 1 - 4만원,냐암냐미이,5.0,점심,2024.06.28,"엄마를 모시고 서울숲,성수 나들이를 나왔다가 방문했던 우바 성수 였는데요~ 주변에서 어떤걸 사드릴지 고민이 많았는데 많은 분들이 찾아주시기도 하고, 특히 식당의 멘트가 너무 마음에 들어서 예약을 했어요! 오르는 물가상승에 건물주 분께서 직접 셰프님을 초빙하여 만든 좋은 가격대의 서울숲맛집 이라고 해서 더욱 기대했던 것 같아요! 들어서니 너무 이쁜 포토존과 함께 많은 분들이 점심식사를 하고 계셨는데 고급진 분위기를 더해주는 꽃과 인테리어와 함께 안내해주시는 직원분께서 너무 친절하게 대해주셨고 필요한것도 세심하게 챙겨주셔서 좋았어요! 저희는 풀드포크 피자와 함께 아마트리치아나와 오렌지 에이드를 주문해서 먹었는데 정말 양도 푸짐하고 이렇게 여자 2분이서 주문하면 정말 배부르실 것 같았어요. 저희가 워낙 잘먹는 편이라 깔끔하게 잘 먹고 나왔네요 ㅎㅎ 풀드포크는 안에 들은 목살을 수비드 해서 만들어서 인지 너무 부드러워서 식감이 좋았고, 아마트리치아나는 적당히 매콤한 맛이라 자칫 느끼해질수 있는 양식에 딱 알맞는 매콤함으로 한국사람들에게  맞춤형 파스타라고 생각했어요! 나가는 길에 와인들을 자세히 들여다보니 정말 가격대도 괜찮은데 설명을 아주 디테일하게 써놓으신걸 보고 감탄했어요! 사실 와인에 대해서 잘 알지도 못하고 뭘 마셔야할지 몰라서 늘 먹던것만 마셨는데 디테일하게 적어놓으신걸 보고 다음에는 꼭 와서 와인을 제대로 골라서 마셔봐야겠다고 생각했어요! 와인 종류도 많아서 아주 행복한 고민이 될 것 같네요~ 맛있게 잘 먹고 갑니다! 다음에는 남자친구와 함께 데이트로 방문할게요❤️  ","1,321",양식,10000.0,40000.0,25000.0,10000.0,40000.0,25000.0,성동구,서울숲,1858,이탈리아음식,양식,서울숲,성동구,예약,4.7,106,25000.0,25000.0,10000.0,40000.0,10000.0,40000.0,서울숲
112,158,원기옥,"메뉴, 음식, 좋은, 모시, 부모님, 가족, 모임, 예약, 주문, 차림",['특별한 날'],특별한 날,4.5,453,한식,성수,"서울특별시 성동구 아차산로17길 48 성수 SK V1 CENTER I (1층,109호)",점심 저녁 동일가 1 - 3만원,옹지츄,5.0,저녁,2024.05.29,엄마모시고 갔는데 진짜 양이 어마어마하게 나와서  완전 푸짐했어요! 코스마다 음식퀄리티도 엄청 좋고 구성도 너무 좋아서 더더욱 좋더라구여! 기념일날 부모님한테 효도하고 싶은분들한테 완전 강략추천이에여!  ,"3,610",한식,10000.0,30000.0,20000.0,10000.0,30000.0,20000.0,성동구,성수,2231,한식,한식,성수,성동구,예약,4.5,449,50000.0,50000.0,10000.0,90000.0,10000.0,90000.0,성수
113,159,유어네이키드치즈 성수점,"치즈, 와인, 플래터, 분위기, 메뉴, 추천, 친구, 좋아요, 기분, 음식","['주류', '분위기 좋은', '추천하는']","주류, 분위기 좋은, 추천하는",4.7,239,와인,성수,서울특별시 성동구 왕십리로10길 6 서울숲비즈포레,점심 저녁 동일가 2 - 5만원,즐거운 식도락가_28908,5.0,저녁,2024.07.03,참새는 방앗간을 그냥 지나치지 못해요… 주말에 갑자기 강변에서 영화 약속이 잡혀 친구랑 같이 영화 보고 2차로 유어네이키드치즈 왔습니당 !! 다행히 당일 예약 성공..! 올해만 세 번째네용 언제 와도 분위기가 넘 귀엽고 좋아요 치즈라서 인테리어 색이 노란색인가 하는 생각 한 번 해주고 (?) 흐흐 오기 전에 카페에서 먹을 거를 잔뜩 먹고 와서 또 치즈 플래터는 못 먹었궁.. 작은 친구로 시켜서 먹었습니다 히히 오늘도 알아봐주시구 서비스로 와인 한 잔 주셔서 감사합니다 🍷🥹❤️ 늘 친절하신 것 같아서 넘 좋아요 담에는 서비스로 주셨던 와인 시켜서 마셔볼게요 히히 비도 와서 운치 있는 네이키드에서 친구랑 잘 놀다가 가요 🥹 담에 또 갈게요  ,"3,475",주류,20000.0,50000.0,35000.0,20000.0,50000.0,35000.0,성동구,성수,1107,와인,주류,성수,성동구,예약,4.7,236,35000.0,35000.0,20000.0,50000.0,20000.0,50000.0,성수
114,161,이오로비스트로 성수점,"파스타, 음식, 맛있었어요, 메뉴, 명란, 토마, 매콤, 마키, 후토, 맛있게",['음식이 맛있는'],음식이 맛있는,4.2,98,퓨전음식,성수,서울특별시 성동구 연무장5길 18 에이치디앤텍빌딩 1층,점심 저녁 동일가 1 - 3만원,럭키토끼,5.0,점심,2024.06.01,맛있게 잘먹었어요   ,927,퓨전,10000.0,30000.0,20000.0,10000.0,30000.0,20000.0,성동구,성수,1315,퓨전음식,퓨전,성수,성동구,예약,4.2,96,20000.0,20000.0,10000.0,30000.0,10000.0,30000.0,성수
115,162,이와자루,"음식, 좋은, 분위기, 추천, 메뉴, 안주, 직원, 자루, 최고, 가도","['친절한', '분위기 좋은', '추천하는']","친절한, 분위기 좋은, 추천하는",5.0,80,이자카야,성수,서울시 성동구 연무장 3길 9-14 2층,점심 영업안함 · 저녁 1 - 3만원,방울토마토,5.0,저녁,2024.06.28,언제나 가도 맛있는안주  전 고량주 하이볼이 제일 맛있습니다 최고  ,754,일식,,,영업안함,10000.0,30000.0,20000.0,성동구,성수,1370,이자카야,일식,성수,성동구,예약,5.0,77,영업안함,20000.0,,,10000.0,30000.0,성수
116,165,일양전,"양전, 사시미, 서비스, 메뉴, 좋고, 고등어, 맛있고, 음식, 추천, 가성","['음식이 맛있는', '서비스 좋은', '추천하는']","음식이 맛있는, 서비스 좋은, 추천하는",4.9,158,일식,건대,서울특별시 광진구 동일로24길 96 2층(화양동),점심 영업안함 · 저녁 1 - 3만원,은ㄴ쥬,5.0,저녁,2024.05.19,"5월 11일 18일 2주 연속으로 다녀왔습니당^~^ 하ㅏ,, 기본 안주부터 맛있구 어떤 메뉴 시켜도 실패 안합니당   양식 주방장님 바뀌고, 3번째 방문인데요! 파스타 정말 ㅠㅠ눈물 나오는 맛이고 스지 공기밥 뚝-딱 가능  그리고 제 최애는 우동,, 배불러 죽겠는 와중에 우동 싹 비웠어요  건대 올 일이 잘 없는데 일양전 덕에 한달에 두번씩은 꼭 오네요 안먹어 본 사람 없게 해주세요!!   ",481,일식,,,영업안함,10000.0,30000.0,20000.0,광진구,건대,1395,일식,일식,건대,광진구,예약,4.9,153,영업안함,20000.0,,,10000.0,30000.0,건대
117,166,정이담,"음식, 직원, 맛있고, 식사, 예약, 메뉴, 좋은, 가족, 맛있게, 좋고","['친절한', '음식이 맛있는']","친절한, 음식이 맛있는",3.7,70,한식,서울댸,서울특별시 성동구 왕십리로 83-21 아크로 서울포레스트 지하1층 104호,점심 저녁 동일가 1 - 4만원,경쾌한 미식가_51709,5.0,점심,2023.12.30,"정이담에서 점심을 먹었는데 정말 만족했습니다. 눈 내리던 날 트리가 보이는 창가 자리에 앉아서 먹으니 뷰가 정말 좋았습니다.  음식들도 다 맛있고 깔끔해서 먹는 내내 즐거웠고 끝까지 싹싹 먹었습니다. LA갈비 양념도 정말 맛있었고 고기도 부드러웠습니다. 워머 위에 올려줘서 끝까지 따뜻하게 먹은 것도 좋았습니다. 한우곰탕도 고기도 넉넉하고 국물이 진하면서 깔끔해서 개인적으로 정말 맛있었습니다. 보리굴비도 크고 맛있어서 밥도둑이라 밥 추가했습니다. 솥밥도 최고!! 너무 맛있는 정이담, 추천합니다.:)  ",226,한식,10000.0,40000.0,25000.0,10000.0,40000.0,25000.0,성동구,서울댸,375,한식,한식,서울숲,성동구,웨이팅,3.7,70,25000.0,25000.0,10000.0,40000.0,10000.0,40000.0,서울숲
118,166,정이담,"음식, 직원, 맛있고, 식사, 예약, 메뉴, 좋은, 가족, 맛있게, 좋고","['친절한', '음식이 맛있는']","친절한, 음식이 맛있는",3.7,70,한식,서울댸,서울특별시 성동구 왕십리로 83-21 아크로 서울포레스트 지하1층 104호,점심 저녁 동일가 1 - 4만원,경쾌한 미식가_51709,5.0,점심,2023.12.30,"정이담에서 점심을 먹었는데 정말 만족했습니다. 눈 내리던 날 트리가 보이는 창가 자리에 앉아서 먹으니 뷰가 정말 좋았습니다.  음식들도 다 맛있고 깔끔해서 먹는 내내 즐거웠고 끝까지 싹싹 먹었습니다. LA갈비 양념도 정말 맛있었고 고기도 부드러웠습니다. 워머 위에 올려줘서 끝까지 따뜻하게 먹은 것도 좋았습니다. 한우곰탕도 고기도 넉넉하고 국물이 진하면서 깔끔해서 개인적으로 정말 맛있었습니다. 보리굴비도 크고 맛있어서 밥도둑이라 밥 추가했습니다. 솥밥도 최고!! 너무 맛있는 정이담, 추천합니다.:)  ",226,한식,10000.0,40000.0,25000.0,10000.0,40000.0,25000.0,성동구,서울댸,1821,한식,한식,서울숲,성동구,예약,3.7,70,25000.0,25000.0,10000.0,40000.0,10000.0,40000.0,서울숲
119,166,정이담,"음식, 직원, 맛있고, 식사, 예약, 메뉴, 좋은, 가족, 맛있게, 좋고","['친절한', '음식이 맛있는']","친절한, 음식이 맛있는",3.7,70,한식,서울댸,서울특별시 성동구 왕십리로 83-21 아크로 서울포레스트 지하1층 104호,점심 저녁 동일가 1 - 4만원,경쾌한 미식가_51709,5.0,점심,2023.12.30,"정이담에서 점심을 먹었는데 정말 만족했습니다. 눈 내리던 날 트리가 보이는 창가 자리에 앉아서 먹으니 뷰가 정말 좋았습니다.  음식들도 다 맛있고 깔끔해서 먹는 내내 즐거웠고 끝까지 싹싹 먹었습니다. LA갈비 양념도 정말 맛있었고 고기도 부드러웠습니다. 워머 위에 올려줘서 끝까지 따뜻하게 먹은 것도 좋았습니다. 한우곰탕도 고기도 넉넉하고 국물이 진하면서 깔끔해서 개인적으로 정말 맛있었습니다. 보리굴비도 크고 맛있어서 밥도둑이라 밥 추가했습니다. 솥밥도 최고!! 너무 맛있는 정이담, 추천합니다.:)  ",226,한식,10000.0,40000.0,25000.0,10000.0,40000.0,25000.0,성동구,서울댸,3325,한식,한식,서울숲,성동구,예약-웨이팅,3.7,70,25000.0,25000.0,10000.0,40000.0,10000.0,40000.0,서울숲
120,168,제이드앤워터 (Jade & Water),"음식, 파스타, 메뉴, 분위기, 맛있어요, 와인, 맛있었어요, 다른, 리가토니, 몬테","['주류', '음식이 맛있는', '분위기 좋은']","주류, 음식이 맛있는, 분위기 좋은",4.6,757,브런치,옥수,서울특별시 성동구 한림말3길 29 2층,점심 1 - 3만원 · 저녁 2 - 5만원,돌수저,5.0,저녁,2024.05.26,"[반성문] 본인은 제이드앤워터 이창한 대표와 친분이 있음에도 불구하고 집에서 거리가 멀다는 핑계로 그동안 방문을 안했었읍니다. (사실 별로일 줄 알았읍니다.) 근데 제가 큰 착각을 했읍니다. 정말 훌륭한 브런치 레스토랑이네요.. 대표님과의 친분 관계를 떠나서 정말 아주 맛있게 잘 먹고 왔습니다. 참고로 본인은 식당이 좀.. 맛 없어도 긍정 리뷰만 달고 5점 평점만 남기는 편이라 리뷰에 객관성이 떨어지는.. 캐치테이블 대표 맛알못 유저인데요, 제이드앤워터는 진심으로 훌륭합니다. 제 말 좀 믿어주셈 ㅠㅠ.. 편안한 분위기에서 저렴하게 스파클링 와인 무제한으로 즐길 수 있습니다. 여자친구랑 꼭 방문해보세요💜 전 아재랑 방문함.ㅠㅠ  ","8,339",양식,10000.0,30000.0,20000.0,20000.0,50000.0,35000.0,성동구,옥수,2544,브런치,양식,옥수,성동구,예약,4.6,754,20000.0,35000.0,10000.0,30000.0,20000.0,50000.0,옥수
121,169,제제,"음식, 메뉴, 딤섬, 맛있었어요, 식사, 맛있고, 우창, 추천, 가격, 간이","['음식이 맛있는', '추천하는']","음식이 맛있는, 추천하는",4.4,185,중식,서울숲,서울특별시 성동구 서울숲길 46-1 1층,점심 저녁 동일가 1 - 3만원,원일등,4.7,저녁,2024.06.30,음식이 고급스럽고 좋았어요. 새우 창펀과 유린기는 추천 가격대가 있고 양은 조금 적은 편 같아요.  ,"2,106",중식,10000.0,30000.0,20000.0,10000.0,30000.0,20000.0,성동구,서울숲,1106,중식,중식,서울숲,성동구,예약,4.4,183,20000.0,20000.0,10000.0,30000.0,10000.0,30000.0,서울숲
122,170,젤코바세라타,"와인, 메뉴, 음식, 파스타, 서비스, 감자, 맛있었어요, 예약, 좋은, 아이스크림","['주류', '음식이 맛있는', '서비스 좋은']","주류, 음식이 맛있는, 서비스 좋은",4.8,116,와인,성수,서울특별시 성동구 왕십리로16길 15-1,점심 1 - 2만원 · 저녁 1 - 4만원,꿈꾸는 개척가_63958,5.0,저녁,2024.06.30,"진짜 진짜 대만족입니다. 저 캐치테이블 리뷰 정말로 처음 남기는 듯한데요... 메뉴 구성, 맛, 와인 리스팅 나무랄 게 없었어요! 아 와인 리스팅이 좋다는 게 막 부르고뉴같은 게 있다는 게 아니라, 캐주얼한 분위기와 여기 요리들이랑 잘 어울리는 구성으로 만들어서 좋았어오. 살라미 파스타는... 타 리뷰들에서도 알 수 있듯 최고였어요! 한대접 만들어서 퍼먹고 싶은 맛이네요. 친구랑 너무 좋은 시간 보내고 갑니다☺️ 좋아하는 친구들 데리고 자주 갈래요~  ","1,561",주류,10000.0,20000.0,15000.0,10000.0,40000.0,25000.0,성동구,성수,1851,와인,주류,성수,성동구,예약,4.8,111,15000.0,25000.0,10000.0,20000.0,10000.0,40000.0,성수
123,171,주052,"음식, 메뉴, 분위기, 전통주, 좋았어요, 플레이, 좋은, 최고, 맛있었고, 서비스","['서비스 좋은', '추천하는', '분위기 좋은', '주류', '음식이 맛있는']","서비스 좋은, 추천하는, 분위기 좋은, 주류, 음식이 맛있는",4.7,593,한식,왕십리,서울특별시 성동구 고산자로14길 26 지웰홈스 왕십리점 1층,점심 1 - 3만원 · 저녁 1 - 4만원,s1mba,5.0,저녁,2024.06.10,"이번에 2025미슐랭가이드에 올라가 방문해보았습니다.  같이간 일행이 술을 못했는데 재밌는 논알콜 리스트가 있어 선택의 폭이 더 넓어진 느낌이였습니다.  요즘 전통주에 관심이 많았는데, 시중에서는 구할 수 없는 술과 리스트에 안내돼있는 친절한 설명 덕분에 더 맛있게 느껴진 것 같아요.. 너무 잘 먹고갑니다! 친구들데리고 또 올게요🤍  ","8,987",한식,10000.0,30000.0,20000.0,10000.0,40000.0,25000.0,성동구,왕십리,1627,한식,한식,왕십리,성동구,예약,4.7,592,20000.0,25000.0,10000.0,30000.0,10000.0,40000.0,왕십리/상왕십리
124,173,진작다이닝,"음식, 분위기, 메뉴, 좋고, 파스타, 맛있게, 깔끔하고, 사진, 예약, 테이블","['음식이 맛있는', '분위기 좋은']","음식이 맛있는, 분위기 좋은",4.5,344,일식,성수,서울특별시 성동구 왕십리로14나길 10 1층,점심 저녁 동일가 1 - 3만원,우수한 맛사냥꾼_55513,5.0,점심,2024.06.24,두번째 방문이라 지난번에 안먹어본걸로 시켰는데 메뉴 하나하나 다 맛있고 양도 많아서 가성비 좋아요! 춘하추동은 페어링이 좋아서 아주 술술 잘 넘어갑니다ㅋㅋㅋㅋ직원분들도 친절하구 분위기도 좋고 또 갈게요~!  ,"5,742",일식,10000.0,30000.0,20000.0,10000.0,30000.0,20000.0,성동구,성수,1127,일식,일식,성수,성동구,예약,4.5,331,20000.0,20000.0,10000.0,30000.0,10000.0,30000.0,성수
125,175,차만다 서울숲점,"음식, 분위기, 식사, 영국, 맛있었어요, 메뉴, 창가, 서울숲, 시간, 예약","['음식이 맛있는', '분위기 좋은']","음식이 맛있는, 분위기 좋은",4.6,286,유러피안음식,서울숲,서울특별시 성동구 서울숲2길 28-12 1.5층,점심 저녁 동일가 1 - 5만원,쏘룡이,5.0,점심,2024.06.09,"친구 생일파티로 예약하고 방문했어요~~~ 서울숲 바로 옆이라 뷰도 좋았고, 예약했더니 창가 자리로 해주셨어요 ㅎㅎ 메뉴도 선주문해놨더니, 바로 나왔습니다! 비프웰링턴 이랑 셰퍼드파이, 스카치에그리조토, 새우파스타, 샐러드까지! 다 맛있었고 직원 분들도 친절하셨습니다. 메뉴 나올 때마다 음식 설명 간단하게 해주시는 것도 좋았어요!!!  ","2,845",양식,10000.0,50000.0,30000.0,10000.0,50000.0,30000.0,성동구,서울숲,2026,유러피안음식,양식,서울숲,성동구,예약,4.6,283,30000.0,30000.0,10000.0,50000.0,10000.0,50000.0,서울숲
126,178,청주한씨,"음식, 메뉴, 친구, 맛있고, 생일, 시간, 전통주, 코스, 식사, 좋았습니다","['주류', '음식이 맛있는', '특별한 날']","주류, 음식이 맛있는, 특별한 날",4.6,488,전통주,성수,서울특별시 성동구 연무장길 41-22 지하 1층,점심 영업안함 · 저녁 4.2만원,나욜,5.0,저녁,2024.06.26,"생일기념으로 방문했습니다:) 코스메뉴가 한번씩 바뀌는 것 같아서 제가 방문할때는 뭐가 나올까 궁금+기대했는데, 너무 맛있었어요! 사진으로 구경할때는 배가 많이는 안부르려나 하고 추가메뉴로 오징어순대도 시켰어요! 코스 메뉴 사이 순서 정하면 맞춰서 내어주신다고 하셔서 추천해주신대로 비빔면과 먹기위해 순서 지정했구요, 부드럽고 깔끔고소했던 두부샐러드, 산삼까쥐 있던 건강 영계리조또, 뜨끈바삭했던 새우튀김, 새콤 리프레쉬 꼬시래기비빔면, 접하기 쉽지는 않은 맛조개볶음, 그리고 한잔하다보면 속을 달래줄 북어누룽지탕까지..🫰🏻너무 다 맛있어서  다음시즌 메뉴도 궁금해지더라구요! 예상을 뛰어넘어 너무 배도 꽉꽉 찼답니다🥹 그리고 생일조각케이크 신청했는데🤩 배가 엄청불렀는데도 맛있었던 초코케이크에 초꽂아서 내어주시며 생일축하노래 한소절 불러주셨어요😆 넘 감사합니다☺️ 편안하고 좋은 분위기에 맛있는 안주까지..! 그리고 술을 좋아해서 많이 접해본편인데도 못 보던 술들이 있어서 마셔보게되었는데 평일이라 헤롱헤롱🤤ㅋㅋ 다음에 또 다른친구도 데리고 갈거에요🤩  ","7,752",주류,,,영업안함,42000.0,42000.0,42000.0,성동구,성수,2900,전통주,주류,성수,성동구,예약,4.6,483,영업안함,42000.0,,,42000.0,42000.0,성수
127,179,칠칠칠 chillchillchill,"와인, 메뉴, 분위기, 음식, 타르, 추천, 칠칠칠, 좋은, 서비스, 파스타","['서비스 좋은', '주류', '분위기 좋은', '추천하는']","서비스 좋은, 주류, 분위기 좋은, 추천하는",4.8,311,다이닝바,성수,서울특별시 성동구 연무장길 94 3층,점심 1 - 2만원 · 저녁 1 - 3만원,뀨릉이,5.0,저녁,2024.05.30,"절대로다가 잊으면 안될 것 같아 작성합니다.. 한우 타르타르.. 훈연향이 나는데 미디움 레어의 육회였어요 가리비와 자몽도 천국의 궁합이었습니다 ㅠ메인디시로 나온 파스타도 천상의 맛이었지만, 스몰디시들에서 아직 까지도 헤어나오지 못하고 잇습니다.. 또 꽉 채운 와인잔을 한번 더 채워주시는 서비스도 감동이었습니다 ㅜ 첨에도 풀로 채워주시길래 사실 취하신 상태인가..? 했어요 .. 농담입니다 성수 최고의 와인바 ~~~~~ 하 왜 회사다닐때 안 가봤을까요? 행복한 생일 보내게 해주셔서 정말 감사했습니다 🥹 너무너무 또 방문할래요~~~~~💓💓💓  ","6,241",다이닝바,10000.0,20000.0,15000.0,10000.0,30000.0,20000.0,성동구,성수,1129,양식,양식,성수,성동구,예약,4.8,310,20000.0,20000.0,10000.0,30000.0,10000.0,30000.0,성수
128,182,코치 성수점,"음식, 서비스, 메뉴, 꼬치, 야키토리, 코스, 분위기, 추천, 맛있게, 맛있는","['서비스 좋은', '음식이 맛있는', '분위기 좋은', '추천하는']","서비스 좋은, 음식이 맛있는, 분위기 좋은, 추천하는",4.8,199,야키토리,성수,서울특별시 성동구 성덕정17길 11,점심 영업안함 · 저녁 1 - 3만원,쿼카모찌,5.0,저녁,2024.06.08,"코스요리로 시켰는데 음식들이 너무 깔끔하고 구성이 알찼어요! 그중 최애들로 사진 골라봤어요 ㅎㅎ 사장님들도 다들 너무 친절하게 설명해주시고 서비스가 너무 좋으셨어요 ㅠㅠ 섹시한 사장님께서 타주신 하이볼도 너무 맜있었고 다들 너무 섹시하셔서 섹시한 사장님이 누군지 궁금했습니다 ㅋㅎㅋㅎㅋ 음식들이 너무 입맛에 잘맞아서 단골될거같아요 ,,,🤭🤭 너무 잘먹었습니다!!  ","8,146",일식,,,영업안함,10000.0,30000.0,20000.0,성동구,성수,1159,야키토리,일식,성수,성동구,예약,4.8,194,영업안함,20000.0,,,10000.0,30000.0,성수
129,185,퀴바라 qui va la,"음식, 와인, 시간, 좋은, 분위기, 서비스, 최고, 느낌, 맛있게, 맛있었어요","['서비스 좋은', '추천하는', '분위기 좋은', '주류', '음식이 맛있는']","서비스 좋은, 추천하는, 분위기 좋은, 주류, 음식이 맛있는",4.8,434,프랑스음식,성수,서울특별시 성동구 성수일로1길 18 1층,점심 저녁 동일가 1 - 5만원,체리9,5.0,저녁,2024.05.09,"와인러버 사촌동생과 성수동와인바 퀴바라에서 정말 행복한 시간 보내고 왔어요! 셰프님이 음식에 정말 진심이시고 전문가적이신게 느껴졌어요♥️ 음식 하나하나 연구해서 최상의 맛을 내려고 하신게 정말 느껴졌고, 와인 설명도 디테일하셔서 더욱 맛있게 즐길 수 있었습니다. 세가지 모두 너무 맛있었지만, 특히 저 트러플파스타와 양갈비 진짜 최고였어요✨사촌동생이 좋아해줘서 더욱 뿌듯했던 힐링이 되어준 와인바였어요~! 다음에는 4명이서 방문할게요! :)  ","5,775",양식,10000.0,50000.0,30000.0,10000.0,50000.0,30000.0,성동구,성수,1966,프랑스음식,양식,성수,성동구,예약,4.8,433,30000.0,30000.0,10000.0,50000.0,10000.0,50000.0,성수
130,186,퀴버(Quiver) 서울숲,"음식, 맛있어요, 분위기, 좋고, 파스타, 맛있었어요, 떡볶이, 서비스, 스테이크, 가족","['서비스 좋은', '음식이 맛있는', '분위기 좋은']","서비스 좋은, 음식이 맛있는, 분위기 좋은",4.5,229,유러피안음식,서울숲,서울특별시 성동구 왕십리로5길 3 성수1가제2동 공공복합청사 1층,점심 저녁 동일가 1 - 3만원,특별한 셀럽_46996,5.0,점심,2023.12.24,"가족들이랑 크리스마스 이브 기념으로 급하게 예약하고 갔어요~ 아빠 입맛이 좀 까다롭기도 하시고 해서 사실 조금 걱정했었는데 스테이크 정말 잘 드셨어용 스테이크랑 같이 나오는 소스에 듬뿍 찍어먹으니까 좋더라구요 가족들이 입이 짧아서 남길 것 같았는데 파스타,고기, 샐러드 다 비웠습니다 ㅋㅋㅋ 진짜 맛있었어요. 다른 리뷰에 전반적으로 짜다고 했는데 저희는 오히려 약간의 매운맛이 느끼함을 잡아줘서 더 잘 먹었습니다. 다음에도 또 방문하고 싶은 집이에요  그리고 빵 주문할 때 서비스로 더 주신 빵까지 서비스도 너무너무 좋았습니다 반년만에 가족 외식이였는데 정말 배부르고 행복한 식사였어요 !    B세트로 예약하고 관자 파스타 ,샐러드, 스테이크  + 우삼겹 바질 , 명란 파스타 +바게트 빵 + 음료  이렇게 먹었습니다 𓂃   ","3,499",양식,10000.0,30000.0,20000.0,10000.0,30000.0,20000.0,성동구,서울숲,1220,유러피안음식,양식,서울숲,성동구,예약,4.5,229,20000.0,20000.0,10000.0,30000.0,10000.0,30000.0,서울숲
131,187,키친오늘 금호점,"메뉴, 음식, 조금, 맛있고, 맛있어요, 예약, 추천, 가격, 맛있게, 분위기","['음식이 맛있는', '분위기 좋은', '추천하는']","음식이 맛있는, 분위기 좋은, 추천하는",4.5,107,퓨전음식,금호,서울특별시 성동구 장터5길 9-1 1층,점심 영업안함 · 저녁 1 - 3만원,지혜로운 마스터_44661,5.0,저녁,2024.07.03,맛도리~!~~!!  ,"1,275",퓨전,,,영업안함,10000.0,30000.0,20000.0,성동구,금호,1105,퓨전음식,퓨전,금호,성동구,예약,4.5,106,영업안함,20000.0,,,10000.0,30000.0,금호
132,188,타이거풀,"분위기, 음식, 스테이크, 파스타, 고기, 미디움, 좋고, 샐러드, 좋았습니다, 직원","['친절한', '분위기 좋은']","친절한, 분위기 좋은",4.3,379,"스테이크,립",성수,서울특별시 성동구 성수이로7가길 7 1층,점심 저녁 동일가 1 - 3만원,오들로,5.0,점심,2024.04.22,"직원들도 친절했습니다. 식전빵부터 샐러드, 파스타에 대해 알려주셔서 먹기 편했고, 스테이크는 처음에 미디움레어로 선택했다가 두께가 두껍다고 하셔서 미디움으로 변경하길 정말 잘했습니다. 지인들 모두 만족스러운 식사였다고 해서 초이스한 제가 다 뿌듯했습니다. 아쉬운 점은 앉았던 테이블이 샹들리에와 기둥에 가려져 직원 부르기가 조금 어려웠던 점과 와인에 대해 조금 전문적인 설명을 해주셨으면 좋겠어요. 다수가 주문한 걸 추천해주는 건 좋은데 당도와 바디감은 어느정도인지, 어떤 맛인지, 와인이 스테이크나 파스타와 얼만큼 어떻게 어울리는지 추천해주시거나,  아니면 메뉴판에 와인에 대한 당도, 바디 등은 수치적으로 표현해놓으면 선택하기가 편리할 것 같아요.  ","4,579",양식,10000.0,30000.0,20000.0,10000.0,30000.0,20000.0,성동구,성수,1073,"스테이크,립",양식,성수,성동구,예약,4.3,379,20000.0,20000.0,10000.0,30000.0,10000.0,30000.0,성수
133,189,타코튜즈데이,"타코, 음식, 창가, 맛있었어요, 맛있게, 맛있어요, 맥주, 소스, 플래터, 맛집","['주류', '음식이 맛있는']","주류, 음식이 맛있는",4.6,263,아메리칸음식,성수,서울특별시 성동구 왕십리로10길 10 1층,점심 저녁 동일가 1 - 5만원,Mr.Goo,5.0,,2024.05.16,맛있고 음식은 빨리 나옴. 대신 예약시스템이 있거나 웨이팅 1테이블 이상부터 어플로 웨이팅 했으면 좋겠음.. 2테이블 이상부터 어플 가능이라 직접 가서 웨이팅 하는데 3번째였음. 근데 36분 뒤에 들어감…. ㅜㅜ 먹고나서 둘다 맛.분위기.음식빨리나오는거.친절도 전부 ok 하지만 다음에는 안올듯함..  ,"3,244",양식,10000.0,50000.0,30000.0,10000.0,50000.0,30000.0,성동구,성수,2037,아메리칸음식,양식,성수,성동구,예약,4.6,259,30000.0,30000.0,10000.0,50000.0,10000.0,50000.0,성수
134,190,테니,"메뉴, 분위기, 음식, 브런치, 서비스, 좋았어요, 좋은, 맛있었어요, 에그베네딕트, 연어","['서비스 좋은', '음식이 맛있는', '분위기 좋은']","서비스 좋은, 음식이 맛있는, 분위기 좋은",4.4,105,프랑스음식,성수,서울특별시 성동구 뚝섬로17가길 55 1층,점심 저녁 동일가 1 - 6만원,ㅇㅇ이히히히,5.0,점심,2024.05.18,맛있고 예쁘고 테라스 있어서 좋아요!🙂  ,"2,090",양식,10000.0,60000.0,35000.0,10000.0,60000.0,35000.0,성동구,성수,2128,프랑스음식,양식,성수,성동구,예약,4.4,105,35000.0,35000.0,10000.0,60000.0,10000.0,60000.0,성수
135,191,텐바,"음식, 초밥, 텐바, 메뉴, 분위기, 파스타, 성수, 예약, 좋고, 친구",['분위기 좋은'],분위기 좋은,4.8,476,이자카야,성수,서울특별시 성동구 연무장길 41-22,점심 영업안함 · 저녁 1 - 4만원,다람이s2,5.0,저녁,2024.06.08,"남자친구랑 성수 데이트하러 갔다 방문했어요!! 여기 사시미 진짜 맛있어요,,, 감동 받으면서 먹었습니다ㅠㅠ 요즘 술집에서 사시미 파는거 다 마음에 안들었거든요?? 대부분 비리고 별로던데 여긴 진짜 싱싱하고 쫄깃하니 너무 맛있더라구요!!! 예약하고 방문해서 자리걱정 안했어요 ㅎㅎ 꼭 예약하고 가세요!! 후토마끼도 두툼하니 진짜 맛있음!!!  ","4,557",일식,,,영업안함,10000.0,40000.0,25000.0,성동구,성수,1653,이자카야,일식,성수,성동구,예약,4.8,476,영업안함,25000.0,,,10000.0,40000.0,성수
136,192,파라디,"와인, 요리, 추천, 메뉴, 분위기, 서비스, 음식, 맛있어요, 한치, 좋은","['서비스 좋은', '추천하는', '분위기 좋은', '주류', '음식이 맛있는']","서비스 좋은, 추천하는, 분위기 좋은, 주류, 음식이 맛있는",4.9,343,와인,성수,"서울특별시 성동구 뚝섬로9길 3-1, 지층",점심 영업안함 · 저녁 1 - 3만원,뚝갱,5.0,저녁,2023.12.19,"첫 방문하고 한 입 먹자마자 다음주 예약까지 잡아버렸습니다..❤️  [한치회+청어알+감태] 쫄깃한 식감에 청어알이 더하는 고소한 풍미.감히 파라디 대표메뉴라고 말해봅니다!!!  [뇨끼] 쫀득한 감자뇨끼에 구운 느타리버섯의 숯불향, 레지아노 치즈 !! 한 입 먹자마자 그냥 녹아유..🫠  [닭다리살 타래구이] 세상 부드러운 닭다리살에 은은하게 새콤달콤한 소스, 여기에 대파까지!! 와인, 맥주 어디든 잘 어울릴 메뉴ㅎㅎ  [알감자+미니양배추] 눅진한 치즈소스가 더해져 와인이랑 찰떡인 메뉴..같이갔던 동반자는 메뉴 극찬하더라구요 !!   맛난 메뉴부터, 다양한 주종, 친정한 직원분들까지 최근 방문했던 곳 중에 손에 꼽을 정도로 넘 행복했어요❤️  ","7,297",주류,,,영업안함,10000.0,30000.0,20000.0,성동구,성수,1104,와인,주류,성수,성동구,예약,4.9,343,영업안함,20000.0,,,10000.0,30000.0,성수
137,193,팩피 (FAGP),"파스타, 고수, 음식, 메뉴, 오징어, 리가토니, 팩피, 사람, 식감, 좋은",[],,4.7,1305,한우오마카세,마장,서울특별시 성동구 왕십리로 136 1층,점심 2 - 20만원 · 저녁 2 - 38만원,Quidditch,5.0,저녁,2024.06.19,"서비스와 맛이 최고였습니다 고수, 비트의 맛이 메뉴 하나하나 너무 잘 풀어내셔서 맛이 얼마나 다양하면서 조화로운지 미슐랭의 선택의 이유를 알고왔습니다. 여행하며 첫 끼니였는데 너무 좋은 추억으로 남았네요ㅎㅎ  ","9,999+",한식,20000.0,200000.0,110000.0,20000.0,380000.0,200000.0,성동구,마장,2301,파스타,양식,성수,성동구,예약,4.7,1295,25000.0,25000.0,20000.0,30000.0,20000.0,30000.0,성수
138,196,폭폭(POKPOK),"음식, 뇨끼, 메뉴, 맛있었어요, 폭폭, 맛있고, 분위기, 추천, 비스트, 서비스","['서비스 좋은', '음식이 맛있는', '분위기 좋은', '추천하는']","서비스 좋은, 음식이 맛있는, 분위기 좋은, 추천하는",4.9,78,한식,성수,서울특별시 성동구 뚝섬로 408-7 1층 101호,점심 저녁 동일가 1 - 3만원,아기비단햄쥐,5.0,저녁,2024.04.26,"저에게 있어 가장 큰 귀인이자 소중한 친구의 생일을 기념하여 많은 곳을 찾다가 너무 마음에 들어서 예약했던 비스트로폭폭 후기입니다. 스파이시 토마토 스파게티니 - 진맵이 정도의 맵기라고 쓰여있었고, 실제로 강한 매움보다는 느끼한 맛을 중화시켜주는 깔끔한 타바스코 정도의 맵기였습니다. 헤네시 트러플 크림뇨끼와 함께 먹었을 때 궁합이 정말 최고였고, 면 익은 정도부터 소스까지 정말 완벽했습니다. 너무 맛있어서 소스까지 전부 먹었는데 토마토의 적달한 달달함과 상큼함 + 베이컨(너무 바삭하지 않으면서 적당히 씹는 맛이 있던 정도)의 합이 극락...이었습니다. 헤네시 트러플 크림 뇨끼 - 뇨끼를 여러 가게에서 먹어보았지만 대다수가 수제비 혹은 메쉬포테이토를 적당한 덩어리로 뭉쳐 기름에 구운 느낌만 났는데 비스트로폭폭의 뇨끼는 적당한 쫀득함에 감자의 포슬한 느낌의 조화가 환상이었습니다... 뇨끼의 소스도 적당한 눅진함에 많이 느끼하지 않아 그릇을 싹싹 긁어먹을 정도였습니다. 잭다니엘 갈릭 폭립 w/ 메쉬 포테이토 - 폭립의 부드러움은 말이 필요없을 정도였고, 메쉬 포테이토 또한 환상적이었습니다. 고기와 잭다니엘의 조합이 완벽하다는 걸 느끼고 갈 수 있었습니다. 치킨스테이크 w/크림 라따뚜이 - 닭다리살 껍질 부분은 바삭하고 쫄깃하였으며, 스테이크는 부드러워서 포크로도 잘 잘렸고 퍽퍽함 없이 부드럽고, 정당히 기름져서 계속 입에 들어갔습니다. 원래 라따뚜이를 좋아했는데 크림 라따뚜이는 처음이라 글로 보았을 때에는 생소했으나 맛을 본 이후에는 왜 이걸 이제서야 먹었나 싶을 정도로 맛있었습니다. 폭폭 하이볼도 정말 맛있었고, 사장님께서 서비스로 주신 생일주와 위스키  바닐라 아이스크림 덕분의 환상적인 식사를 할 수 있었습니다. 친구에게 최고의 하루를 선물해줄 수 있어서 행복했습니다. 전부 사장님 덕분입니다 감사합니다🥺🤍 그리고 사장님...납치해서 영양사 선생님으로 강제취업시키고 싶을 정도로 요리를 너무 잘하십니다 ㅠㅜ  ","1,349",한식,10000.0,30000.0,20000.0,10000.0,30000.0,20000.0,성동구,성수,1389,한식,한식,성수,성동구,예약,4.9,78,20000.0,20000.0,10000.0,30000.0,10000.0,30000.0,성수
139,197,플레이버타운,"메뉴, 음식, 가격, 추천, 요리, 족발, 최고, 튀김, 서비스, 와인","['주류', '서비스 좋은', '추천하는']","주류, 서비스 좋은, 추천하는",4.6,963,아시아음식,서울숲,서울특별시 성동구 서울숲4길 18-7 1층,점심 저녁 동일가 1 - 6만원,밝은 식객_79412,5.0,저녁,2024.06.13,이국적인 느낌의 요리를 특징을 잘 살려낸 곳 같아요. 재방문해서 다른 메뉴도 먹어보고 싶습니다 ^^ 틈틈히 테이블 컨디션이나 음식 속도 체크를 세심하게 해주시는 서버분들의 친절 덕분에 더 좋은 기념일이 된 것 같습니다. 족발튀김 새우토스트 군만두 강추입니다 🤗  ,"9,999+",아시아음식,10000.0,60000.0,35000.0,10000.0,60000.0,35000.0,성동구,서울숲,2116,아시아음식,아시아음식,서울숲,성동구,예약,4.6,962,35000.0,35000.0,10000.0,60000.0,10000.0,60000.0,서울숲
140,198,플록,"음식, 디저트, 맛있고, 서비스, 좋았습니다, 분위기, 식전, 요리, 기분, 맛있어요","['서비스 좋은', '음식이 맛있는', '분위기 좋은']","서비스 좋은, 음식이 맛있는, 분위기 좋은",4.8,727,프랑스음식,건대,서울특별시 광진구 자양로19길 8 광석빌딩 1층 플록(floc),점심 저녁 동일가 1 - 5만원,ptsj,5.0,저녁,2024.05.19,"후회하지 않을테니  특별한 날 꼭 한 번 가보세요. 크리스피 포크가 특히 맛있었고,  부르기뇽인지는 프랑스 전통요리인지는 모르겠는데 꼭 우리나라 장조림 먹는 느낌이라 솔직히 그냥 그랬어요.. 안심에 혹해서 시키시려면 그런 맛이니 꼭 참고하세용 직원 분들 친절하고 음식 맛 다 좋고 아주 만족스러웠습니다!  ","5,374",양식,10000.0,50000.0,30000.0,10000.0,50000.0,30000.0,광진구,건대,1975,프랑스음식,양식,건대,광진구,예약,4.8,723,30000.0,30000.0,10000.0,50000.0,10000.0,50000.0,건대
141,199,피읖 제페니즈다이닝,"서비스, 메뉴, 음식, 최고, 항상, 군자, 금태, 맛있는, 맛있었습니다, 맛있었어요","['음식이 맛있는', '서비스 좋은', '추천하는']","음식이 맛있는, 서비스 좋은, 추천하는",4.8,440,이자카야,군자,서울특별시 광진구 능동로 327-1 1층,점심 영업안함 · 저녁 1 - 3만원,뭉치누님,5.0,저녁,2024.06.24,친구들이랑 방문해서 즐거운 시간 보냈습니당 처음 먹어본 벤자리돔 짱 맛있었어요!!  새우크림고로케 굴샌드튀김 냉파스타~~ 다 존맛탱 이었습니다앙 중간에 초밥 서비스도 감사해용 군자 맛집 최최고....❤️  ,"1,953",일식,,,영업안함,10000.0,30000.0,20000.0,광진구,군자,1161,이자카야,일식,군자,광진구,예약,4.8,438,영업안함,20000.0,,,10000.0,30000.0,군자
142,200,피키니키 라자냐,"라자냐, 음식, 맛있어요, 좋았어요, 메뉴, 서비스, 샐러드, 당근, 맛있고, 분위기","['서비스 좋은', '음식이 맛있는', '분위기 좋은']","서비스 좋은, 음식이 맛있는, 분위기 좋은",4.6,53,이탈리아음식,서울숲,서울특별시 성동구 서울숲2길 14 1층,점심 저녁 동일가 1 - 2만원,그림자술잔,5.0,점심,2024.05.14,있었는데요 없었습니다  메뉴가 다 맛있어서 또 올 예정이에요   ,889,양식,10000.0,20000.0,15000.0,10000.0,20000.0,15000.0,성동구,서울숲,853,이탈리아음식,양식,서울숲,성동구,예약,4.6,53,15000.0,15000.0,10000.0,20000.0,10000.0,20000.0,서울숲
143,201,하이홀본,"음식, 와인, 분위기, 서비스, 추천, 맛있게, 요리, 좋고, 좋은, 꽃다발","['서비스 좋은', '추천하는', '분위기 좋은', '주류', '음식이 맛있는']","서비스 좋은, 추천하는, 분위기 좋은, 주류, 음식이 맛있는",4.9,102,다이닝바,옥수,서울특별시 성동구 독서당로48길 6,점심 저녁 동일가 2 - 4만원,arle92,5.0,점심,2024.06.30,기념일에 방문했는데 사장님과 직원분 모두 정말 친절하시고 음식도  전부 다 정말 맛있었어요! 특히 치킨에 고수를 올려주시는데 소스랑 같이먹으면 최곱니다! 기네스 아이스크림도 특이한데 진짜 맛있어요🥰 먹고 기분좋아져서 가요~음식들이 다 너무 맛있어서 계속 생각날거같아요. 다음에 꼭 다시갈거에요!  ,"1,369",다이닝바,20000.0,40000.0,30000.0,20000.0,40000.0,30000.0,성동구,옥수,2437,양식,양식,옥수,성동구,예약,4.9,101,30000.0,30000.0,20000.0,40000.0,20000.0,40000.0,옥수
144,202,한우드림,"한우, 고기, 드림, 라면, 파김치, 서비스, 카레, 맛있고, 볶음밥, 식사","['음식이 맛있는', '서비스 좋은']","음식이 맛있는, 서비스 좋은",4.6,235,소고기구이,성수,서울특별시 성동구 고산자로 297 1층,점심 영업안함 · 저녁 11만원,하이니우,5.0,저녁,2024.06.17,와..여기는 진따 가선지 갑 남자친구 생일 기념으로 갔는데 진짜 음식으로 후두려맞고 왔어요 고기상태 너무 좋구 기본찬들부터 식사 구성까지 완벽하고 너무 맛있어요… 배불러서 남긴 음식들이 너무 아깝지만 돈아깝다는 생각이 하나도 안들었어요.. 직원분들까지 너무 친절하시구 재방문의사 100%!!!!!!!🩵 너무 잘 먹었습니다!!!☺️  ,"2,019",한식,,,영업안함,110000.0,110000.0,110000.0,성동구,성수,3127,소고기구이,한식,마장,성동구,예약,4.6,233,영업안함,110000.0,,,110000.0,110000.0,마장
145,204,핫쵸 성수,"음식, 분위기, 좋았어요, 직원, 노미, 서비스, 입장, 가격, 구경, 맛있었어요","['친절한', '서비스 좋은', '음식이 맛있는', '분위기 좋은']","친절한, 서비스 좋은, 음식이 맛있는, 분위기 좋은",4.6,441,일식,서울숲,서울특별시 성동구 왕십리로5길 9-20 1층,점심 저녁 동일가 1 - 2만원,새로운 마스터_38373,4.7,저녁,2024.06.22, 추천받아서 직장동료랑 왔는데 분위기 좋고 가격대비 양도 많아요. 다만 웨이팅은 기네요. 원격줄서기 하고 근처 빵집 구경하고 들어갔어용  ,"7,196",일식,10000.0,20000.0,15000.0,10000.0,20000.0,15000.0,성동구,서울숲,73,일식,일식,서울숲,성동구,웨이팅,4.6,440,15000.0,15000.0,10000.0,20000.0,10000.0,20000.0,서울숲
146,204,핫쵸 성수,"음식, 분위기, 좋았어요, 직원, 노미, 서비스, 입장, 가격, 구경, 맛있었어요","['친절한', '서비스 좋은', '음식이 맛있는', '분위기 좋은']","친절한, 서비스 좋은, 음식이 맛있는, 분위기 좋은",4.6,441,일식,서울숲,서울특별시 성동구 왕십리로5길 9-20 1층,점심 저녁 동일가 1 - 2만원,새로운 마스터_38373,4.7,저녁,2024.06.22, 추천받아서 직장동료랑 왔는데 분위기 좋고 가격대비 양도 많아요. 다만 웨이팅은 기네요. 원격줄서기 하고 근처 빵집 구경하고 들어갔어용  ,"7,196",일식,10000.0,20000.0,15000.0,10000.0,20000.0,15000.0,성동구,서울숲,872,일식,일식,서울숲,성동구,예약,4.6,440,15000.0,15000.0,10000.0,20000.0,10000.0,20000.0,서울숲
147,204,핫쵸 성수,"음식, 분위기, 좋았어요, 직원, 노미, 서비스, 입장, 가격, 구경, 맛있었어요","['친절한', '서비스 좋은', '음식이 맛있는', '분위기 좋은']","친절한, 서비스 좋은, 음식이 맛있는, 분위기 좋은",4.6,441,일식,서울숲,서울특별시 성동구 왕십리로5길 9-20 1층,점심 저녁 동일가 1 - 2만원,새로운 마스터_38373,4.7,저녁,2024.06.22, 추천받아서 직장동료랑 왔는데 분위기 좋고 가격대비 양도 많아요. 다만 웨이팅은 기네요. 원격줄서기 하고 근처 빵집 구경하고 들어갔어용  ,"7,196",일식,10000.0,20000.0,15000.0,10000.0,20000.0,15000.0,성동구,서울숲,3243,일식,일식,서울숲,성동구,예약-웨이팅,4.6,440,15000.0,15000.0,10000.0,20000.0,10000.0,20000.0,서울숲
148,205,햄서울 HAM SEOUL,"와인, 음식, 추천, 메뉴, 분위기, 타르, 파스타, 가격, 옥수수, 좋고","['주류', '분위기 좋은', '추천하는']","주류, 분위기 좋은, 추천하는",4.9,215,다이닝바,성수,서울특별시 성동구 광나루로 144 더 스페이스 타워 1층 110호,점심 영업안함 · 저녁 1 - 4만원,위스키사이드카,5.0,저녁,2024.06.23,거의 일년만에 갔는데 사장님 여전히 열정적이시고 솜씨 좋으시고 그 사이에 손님도 많이 는 것 같아 기분이 좋더라구요. 오래오래 맛있는 음식 계속 해주세요. 메뉴가 다양해서 처음엔 좀 고민되지만 막상 2-3개 시켜서 일단 먹다보면 이것도 먹어볼까 저것도 먹어볼까 해 볼 만큼의 양이라 먹는 재미도 있어요. 저흰 보통여자 3이서 디저트포함 5-6 개 시켰어요.  ,"2,745",다이닝바,,,영업안함,10000.0,40000.0,25000.0,성동구,성수,1704,양식,양식,성수,성동구,예약,4.9,213,영업안함,25000.0,,,10000.0,40000.0,성수
149,206,헤이안,"안주, 메뉴, 추천, 하이, 분위기, 종류, 좋고, 최고, 맥주, 고구마","['주류', '분위기 좋은', '추천하는']","주류, 분위기 좋은, 추천하는",4.9,57,이자카야,군자,서울특별시 광진구 군자로 175-2 1층,점심 영업안함 · 저녁 1 - 2만원,Summer weed,5.0,저녁,2024.01.29,"친구 추천을 받아서 처음 가봤는데, 왜 이제서야 갔을까 아쉬웠을 정도로 좋았습니다! 메뉴도 하나하나 다 맛있고, 기린 생맥주 거품이 진짜 부드러워요! 하이볼도 달지 않아서 좋았고, 주류 메뉴가 다양해서 다음 번엔 고구마소주 종류로 먹어 보려구요.  ","1,042",일식,,,영업안함,10000.0,20000.0,15000.0,광진구,군자,832,이자카야,일식,군자,광진구,예약,4.9,57,영업안함,15000.0,,,10000.0,20000.0,군자
150,207,호감도,"스지찜, 메뉴, 음식, 분위기, 맛있고, 서비스, 직원, 맛있었어요, 좋았습니다, 좋은","['친절한', '서비스 좋은', '음식이 맛있는', '분위기 좋은']","친절한, 서비스 좋은, 음식이 맛있는, 분위기 좋은",4.7,435,일식,성수,서울특별시 성동구 연무장9길 8-1,점심 저녁 동일가 1 - 3만원,Miuuuuuuuu,5.0,저녁,2024.04.12,직원분들 모두 친절하시고 음식이 전부 맛있었어요!  ,"8,866",일식,10000.0,30000.0,20000.0,10000.0,30000.0,20000.0,성동구,성수,1135,일식,일식,성수,성동구,예약,4.7,435,20000.0,20000.0,10000.0,30000.0,10000.0,30000.0,성수
151,209,호미담,"분위기, 음식, 맛있어요, 추천, 감자전, 좋고, 좋아요, 종류, 한식, 좋은","['음식이 맛있는', '분위기 좋은', '추천하는']","음식이 맛있는, 분위기 좋은, 추천하는",4.7,144,한식,성수,서울특별시 성동구 상원2길 3 지하 1층,점심 저녁 동일가 1 - 3만원,엄상궁먹스타,5.0,저녁,2024.04.14,"성수 분위기 좋은 한식주점  친숙하지만 개성있는 한식요리에 다양한 우리술, 안주가 맛있는 요리주점!! 성수동 핫한 한식주점으로 실내 분위기도 아늑해 소개팅하기 좋은 장소네요.😊 전통주 술 종류도 다양하고 막걸리 종류도 많아 취향에 맛게 즐길 수 있어요.💛한식주점답게 항정살 삼합 진짜 맛있음, 미나리 새우전도 향긋한 미나리에 통통한 새우의 조합 넘좋고, 막걸리 한잔하며 데이트하기 딱 좋아요. 성수동 한식주점 찾으신다면 추천드리는 호미담! 맛과 분위기 비오는 날에 방문하면 넘좋은 듯😊  ","1,084",한식,10000.0,30000.0,20000.0,10000.0,30000.0,20000.0,성동구,성수,317,한식,한식,성수,성동구,웨이팅,4.7,143,20000.0,20000.0,10000.0,30000.0,10000.0,30000.0,성수
152,211,희릿,"분위기, 비프, 웰링턴, 테라스, 음식, 메뉴, 뇨끼, 와인, 좋은, 파스타","['주류', '분위기 좋은']","주류, 분위기 좋은",4.5,1126,프랑스음식,금호,서울특별시 성동구 왕십리로2길 34 1층,점심 2 - 5만원 · 저녁 7 - 10만원,부드러운 맛사냥꾼_48833,4.3,저녁,2024.06.20,옛날 성수덩집을 리모델링하여 만든 작고 아담함 레스토랑이었어요. 마치 친구집에 놀러온것 같은 편안함에 파스 타 맛집이어서 음식도 맛있게 먹었죠. 계속되는 무더위에 시원한  미도리하이볼 메론맛 한잔은 너무 시원했어요.  새우리조또랑 루꼴라토마토파스타 맛있게먹고 친구랑 즐거운 시간 보냈어요.   ,"9,999+",양식,20000.0,50000.0,35000.0,70000.0,100000.0,85000.0,성동구,금호,1645,브런치,양식,서울숲,성동구,예약,4.5,1121,20000.0,25000.0,10000.0,30000.0,10000.0,40000.0,서울숲
