,Unnamed: 0,Name,Keywords (10),Top Keywords List,Top Keywords,region,Price_range,lun_di,save,Category,Category_1,Location_y,Location_1,Label,Rating,Review,avg_lunch,avg_dinner,min_lunch,max_lunch,min_dinner,max_dinner,region_1
0,0,207다이닝,"파스타, 음식, 아이스크림, 스테이크, 메뉴, 생일, 분위기, 요리, 좋은, 트러플","['특별한 날', '분위기 좋은']","특별한 날, 분위기 좋은",서울특별시 성동구 성수일로1길,점심 1 - 3만원 · 저녁 2 - 4만원,저녁,"2,839",양식,양식,서울숲,성동구,예약,4.9,277,20000.0,30000.0,10000.0,30000.0,20000.0,40000.0,서울특별시 성동구 성수일로1길
1,1,37.5 시그니처 성수점,"분위기, 브런치, 음식, 직원, 맛집, 성수, 좋았어요, 파스타, 좋고, 좋아요","['친절한', '음식이 맛있는', '분위기 좋은']","친절한, 음식이 맛있는, 분위기 좋은",서울특별시 성동구 연무장길,점심 저녁 동일가 2 - 4만원,점심,671,브런치,양식,성수,성동구,웨이팅,4.7,72,30000.0,30000.0,20000.0,40000.0,20000.0,40000.0,서울특별시 성동구 연무장길
2,2,Bar Postscript 바피에스,"와인, 분위기, 음식, 코스, 생일, 서비스, 메뉴, 요리, 가격, 맛있고","['서비스 좋은', '특별한 날', '분위기 좋은', '주류', '음식이 맛있는']","서비스 좋은, 특별한 날, 분위기 좋은, 주류, 음식이 맛있는",서울특별시 성동구 연무장17길,점심 영업안함 · 저녁 1 - 3만원,저녁,"4,222",양식,양식,성수,성동구,예약,4.7,271,영업안함,20000.0,,,10000.0,30000.0,서울특별시 성동구 연무장17길
3,3,ERN 이알앤,"파스타, 메뉴, 음식, 분위기, 소스, 뇨끼, 라자냐, 맛있고, 좋고, 맛있어서","['음식이 맛있는', '분위기 좋은']","음식이 맛있는, 분위기 좋은",서울특별시 성동구 서울숲2길,점심 저녁 동일가 1 - 4만원,점심,"4,645",파스타,양식,서울숲,성동구,예약,4.8,334,25000.0,25000.0,10000.0,40000.0,10000.0,40000.0,서울특별시 성동구 서울숲2길
4,4,TOOG 투그,"음식, 메뉴, 핫도그, 와인, 주문, 파스타, 맛있었어요, 소스, 로우, 분위기","['주류', '음식이 맛있는', '분위기 좋은']","주류, 음식이 맛있는, 분위기 좋은",서울특별시 성동구 성수이로14길,점심 저녁 동일가 1 - 4만원,저녁,"4,725",양식,양식,성수,성동구,예약,4.7,598,25000.0,25000.0,10000.0,40000.0,10000.0,40000.0,서울특별시 성동구 성수이로14길
5,5,TWG Tea 성수낙낙점,"분위기, 좋고, 기분, 시간, 디저트, 예약, 음식, 좋은, 맛있어요, 좋아요","['음식이 맛있는', '분위기 좋은']","음식이 맛있는, 분위기 좋은",서울특별시 성동구 아차산로17길,점심 저녁 동일가 1 - 4만원,저녁,"1,104","카페,디저트",카페,성수,성동구,예약,4.7,78,25000.0,25000.0,10000.0,40000.0,10000.0,40000.0,서울특별시 성동구 아차산로17길
6,6,Wip seongsu (윕 성수),"분위기, 메뉴, 와인, 음식, 좋았어요, 스테이크, 파스타, 뇨끼, 연말, 맛있고","['주류', '음식이 맛있는', '분위기 좋은', '특별한 날']","주류, 음식이 맛있는, 분위기 좋은, 특별한 날",서울특별시 성동구 광나루로4가길,점심 저녁 동일가 1 - 4만원,저녁,"9,999+",양식,양식,성수,성동구,예약,4.5,921,25000.0,25000.0,10000.0,40000.0,10000.0,40000.0,서울특별시 성동구 광나루로4가길
7,7,dooop,"분위기, 음식, 와인, 좋은, 기분, 좋았어요, 맛있었어요, 메뉴, 서비스, 좋고","['서비스 좋은', '주류', '음식이 맛있는', '분위기 좋은']","서비스 좋은, 주류, 음식이 맛있는, 분위기 좋은",서울특별시 성동구 서울숲2길,점심 저녁 동일가 1 - 3만원,점심,"9,999+",양식,양식,서울숲,성동구,예약,4.7,579,20000.0,20000.0,10000.0,30000.0,10000.0,30000.0,서울특별시 성동구 서울숲2길
8,8,oiljang,"와인, 음식, 메뉴, 추천, 리스트, 맛있게, 맛집, 소스, 오일장, 주문","['주류', '음식이 맛있는', '추천하는']","주류, 음식이 맛있는, 추천하는",서울특별시 성동구 서울숲2길,점심 영업안함 · 저녁 1 - 3만원,저녁,"5,560",양식,양식,서울숲,성동구,예약,4.8,252,영업안함,20000.0,,,10000.0,30000.0,서울특별시 성동구 서울숲2길
9,9,감도 성수점,"아이스크림, 디저트, 예약, 가격, 레터, 맛있어요, 바질, 분위기, 서비스, 조약돌","['서비스 좋은', '음식이 맛있는', '분위기 좋은']","서비스 좋은, 음식이 맛있는, 분위기 좋은",서울특별시 성동구 왕십리로,점심 저녁 동일가 1 - 2만원,저녁,"3,181","카페,디저트",카페,서울숲,성동구,예약,4.3,67,15000.0,15000.0,10000.0,20000.0,10000.0,20000.0,서울특별시 성동구 왕십리로
10,10,경주이씨,"메뉴, 음식, 안주, 가격, 분위기, 맛있고, 최고, 좋은, 주문, 맛집","['음식이 맛있는', '분위기 좋은', '추천하는']","음식이 맛있는, 분위기 좋은, 추천하는",서울특별시 성동구 왕십리로8길,점심 영업안함 · 저녁 1 - 2만원,저녁,779,전통주,주류,성수,성동구,예약,4.5,79,영업안함,15000.0,,,10000.0,20000.0,서울특별시 성동구 왕십리로8길
11,11,고로고로 성수,"오차즈케, 음식, 장어, 로고, 맛있었어요, 요청, 테이블, 해산물, 도미, 분위기","['음식이 맛있는', '분위기 좋은']","음식이 맛있는, 분위기 좋은",서울특별시 성동구 아차산로13길,점심 저녁 동일가 1 - 3만원,저녁,"4,325",일식,일식,성수,성동구,예약,4.6,230,20000.0,20000.0,10000.0,30000.0,10000.0,30000.0,서울특별시 성동구 아차산로13길
12,12,곤스 gon`s,"분위기, 하이, 음식, 맛집, 안주, 좋아요, 곤스, 구이, 데이트, 미소","['음식이 맛있는', '분위기 좋은', '데이트/연인과 함께']","음식이 맛있는, 분위기 좋은, 데이트/연인과 함께",서울특별시 성동구 고산자로14길,점심 영업안함 · 저녁 1 - 3만원,저녁,501,한식,한식,왕십리,성동구,예약,4.6,101,영업안함,20000.0,,,10000.0,30000.0,서울특별시 성동구 고산자로14길
13,13,골든센트리,"음식, 분위기, 메뉴, 좋은, 요리, 중식, 코스, 어향가, 소스, 좋고",['분위기 좋은'],분위기 좋은,서울특별시 성동구 연무장9길,점심 저녁 동일가 5 - 10만원,점심,"2,154",중식,중식,성수,성동구,예약,4.8,219,50000.0,50000.0,20000.0,80000.0,20000.0,80000.0,서울특별시 성동구 연무장9길
14,14,금남방,"와인, 음식, 분위기, 최고, 추천, 한식, 금호동, 고추, 맛있고, 음악","['주류', '음식이 맛있는', '분위기 좋은', '추천하는']","주류, 음식이 맛있는, 분위기 좋은, 추천하는",서울특별시 성동구 독서당로,점심 영업안함 · 저녁 1 - 4만원,저녁,"1,125",양식,양식,금호,성동구,예약,4.8,55,영업안함,25000.0,,,10000.0,40000.0,서울특별시 성동구 독서당로
15,15,금남정,"음식, 분위기, 좋아요, 갈치, 전통주, 추천, 파스타, 다양한, 맛있어요, 안주","['주류', '음식이 맛있는', '분위기 좋은', '추천하는']","주류, 음식이 맛있는, 분위기 좋은, 추천하는",서울특별시 성동구 금호산2길,점심 영업안함 · 저녁 1 - 3만원,저녁,"1,273",전통주,주류,금호,성동구,예약,4.8,173,영업안함,20000.0,,,10000.0,30000.0,서울특별시 성동구 금호산2길
16,16,금호 온,"파스타, 분위기, 음식, 좋은, 메뉴, 금호동, 와인, 좋고, 데이트, 디저트","['주류', '분위기 좋은', '데이트/연인과 함께']","주류, 분위기 좋은, 데이트/연인과 함께",서울특별시 성동구 무수막길,점심 저녁 동일가 1 - 3만원,점심,723,이탈리아음식,양식,금호,성동구,예약,4.7,110,20000.0,20000.0,10000.0,30000.0,10000.0,30000.0,서울특별시 성동구 무수막길
17,17,기후,"음식, 분위기, 마카, 식사, 메뉴, 서비스, 구성, 데이트, 기분, 좋았어요","['서비스 좋은', '분위기 좋은', '데이트/연인과 함께']","서비스 좋은, 분위기 좋은, 데이트/연인과 함께",서울특별시 성동구 성수이로,점심 저녁 동일가 8.8만원,저녁,"8,226",스시오마카세,일식,성수,성동구,예약,4.6,397,88000.0,88000.0,88000.0,88000.0,88000.0,88000.0,서울특별시 성동구 성수이로
18,18,까까를로,"뇨끼, 메뉴, 분위기, 음식, 파스타, 맛있게, 예약, 맛있어서, 맛있었어요, 맛집","['음식이 맛있는', '분위기 좋은']","음식이 맛있는, 분위기 좋은",서울특별시 성동구 왕십리로8길,점심 저녁 동일가 1 - 4만원,저녁,"3,350",이탈리아음식,양식,성수,성동구,예약,4.8,351,25000.0,25000.0,10000.0,40000.0,10000.0,40000.0,서울특별시 성동구 왕십리로8길
19,19,다로베,"피자, 로베, 화덕, 파스타, 메뉴, 청담, 주문, 맛있는, 셰프, 역시",['음식이 맛있는'],음식이 맛있는,서울특별시 성동구 왕십리로11길,점심 저녁 동일가 1 - 3만원,점심,"2,667",피자,양식,서울숲,성동구,예약,4.7,223,20000.0,20000.0,10000.0,30000.0,10000.0,30000.0,서울특별시 성동구 왕십리로11길
20,20,다반,"음식, 메뉴, 다반, 한식, 직원, 구성, 반상, 추천, 감태, 김밥","['친절한', '추천하는']","친절한, 추천하는",서울특별시 성동구 서울숲4길,점심 저녁 동일가 1 - 4만원,점심,686,한식,한식,서울숲,성동구,예약,4.5,107,25000.0,25000.0,10000.0,40000.0,10000.0,40000.0,서울특별시 성동구 서울숲4길
21,21,다이닝 목로 성수점,"분위기, 메뉴, 음식, 안주, 친구, 여기, 좋고, 튀김, 가지, 맛있고","['음식이 맛있는', '분위기 좋은']","음식이 맛있는, 분위기 좋은",서울특별시 성동구 연무장7가길,점심 영업안함 · 저녁 2 - 4만원,저녁,828,한식,한식,성수,성동구,웨이팅,4.7,104,영업안함,30000.0,,,20000.0,40000.0,서울특별시 성동구 연무장7가길
22,22,더블해피니스,"맛있어요, 분위기, 음식, 메뉴, 추천, 마라샹궈, 성수, 좋은, 친구, 국수","['음식이 맛있는', '분위기 좋은', '추천하는']","음식이 맛있는, 분위기 좋은, 추천하는",서울특별시 성동구 연무장길,점심 저녁 동일가 1 - 4만원,저녁,"1,087",중식,중식,성수,성동구,예약,4.5,55,25000.0,25000.0,10000.0,40000.0,10000.0,40000.0,서울특별시 성동구 연무장길
23,23,데이릿,"육회, 묵은지, 메뉴, 음식, 마키, 맛있었어요, 크림, 맛있어서, 잠봉, 족발",['음식이 맛있는'],음식이 맛있는,서울특별시 성동구 상원1길,점심 1 - 2만원 · 저녁 1 - 4만원,점심,"1,701",아시아음식,아시아음식,성수,성동구,웨이팅,4.7,163,15000.0,25000.0,10000.0,20000.0,10000.0,40000.0,서울특별시 성동구 상원1길
24,24,데이릿,"육회, 묵은지, 메뉴, 음식, 마키, 맛있었어요, 크림, 맛있어서, 잠봉, 족발",['음식이 맛있는'],음식이 맛있는,서울특별시 성동구 상원1길,점심 1 - 2만원 · 저녁 1 - 4만원,점심,"1,701",아시아음식,아시아음식,성수,성동구,예약,4.7,163,15000.0,25000.0,10000.0,20000.0,10000.0,40000.0,서울특별시 성동구 상원1길
25,25,데이릿,"육회, 묵은지, 메뉴, 음식, 마키, 맛있었어요, 크림, 맛있어서, 잠봉, 족발",['음식이 맛있는'],음식이 맛있는,서울특별시 성동구 상원1길,점심 1 - 2만원 · 저녁 1 - 4만원,점심,"1,701",아시아음식,아시아음식,성수,성동구,예약-웨이팅,4.7,163,15000.0,25000.0,10000.0,20000.0,10000.0,40000.0,서울특별시 성동구 상원1길
26,26,도우 소사이어티,"피자, 와인, 도우, 파스타, 분위기, 메뉴, 맛있어요, 좋고, 음식, 맛있게","['주류', '음식이 맛있는', '분위기 좋은']","주류, 음식이 맛있는, 분위기 좋은",서울특별시 성동구 아차산로13길,점심 저녁 동일가 2 - 3만원,저녁,"2,655",피자,양식,성수,성동구,예약,4.6,190,25000.0,25000.0,20000.0,30000.0,20000.0,30000.0,서울특별시 성동구 아차산로13길
27,27,뚜쿠소무야,"메뉴, 음식, 좋은, 분위기, 금태, 맛있었어요, 오뎅, 느낌, 다른, 맛있어요","['음식이 맛있는', '분위기 좋은']","음식이 맛있는, 분위기 좋은",서울특별시 성동구 성수이로3길,점심 영업안함 · 저녁 1 - 3만원,저녁,927,이자카야,일식,성수,성동구,예약,4.8,54,영업안함,20000.0,,,10000.0,30000.0,서울특별시 성동구 성수이로3길
28,28,뚝 다이닝,"안주, 음식, 맛집, 메뉴, 전통주, 피순대, 성수, 전골, 구이, 막창","['주류', '음식이 맛있는']","주류, 음식이 맛있는",서울특별시 성동구 연무장9길,점심 저녁 동일가 1 - 3만원,저녁,"2,280",한식,한식,성수,성동구,예약,4.6,121,20000.0,20000.0,10000.0,30000.0,10000.0,30000.0,서울특별시 성동구 연무장9길
29,29,레타주,"음식, 와인, 메뉴, 분위기, 추천, 레타주, 버터, 서비스, 좋은, 맛있어요","['서비스 좋은', '추천하는', '분위기 좋은', '주류', '음식이 맛있는']","서비스 좋은, 추천하는, 분위기 좋은, 주류, 음식이 맛있는",서울특별시 성동구 왕십리로10길,점심 영업안함 · 저녁 1 - 3만원,저녁,"2,891",요리주점,주류,성수,성동구,예약,4.7,99,영업안함,20000.0,,,10000.0,30000.0,서울특별시 성동구 왕십리로10길
30,30,로컬릿,"비건, 메뉴, 음식, 느낌, 맛있어요, 맛있게, 맛있고, 재료, 직원, 맛있었어요","['친절한', '음식이 맛있는', '분위기 좋은']","친절한, 음식이 맛있는, 분위기 좋은",서울특별시 성동구 한림말길,점심 저녁 동일가 1 - 3만원,저녁,"2,616",베지테리안/비건,양식,옥수,성동구,예약,4.5,133,20000.0,20000.0,10000.0,30000.0,10000.0,30000.0,서울특별시 성동구 한림말길
31,31,리파인 성수점,"음식, 분위기, 맛있고, 좋았어요, 메뉴, 주류, 전통주, 데이트, 리파, 맛있어서","['주류', '음식이 맛있는', '분위기 좋은', '데이트/연인과 함께']","주류, 음식이 맛있는, 분위기 좋은, 데이트/연인과 함께",서울특별시 성동구 연무장5가길,점심 저녁 동일가 1 - 4만원,저녁,"4,843",한식,한식,성수,성동구,예약,4.8,337,25000.0,25000.0,10000.0,40000.0,10000.0,40000.0,서울특별시 성동구 연무장5가길
32,32,리호,"와인, 메뉴, 분위기, 파스타, 음식, 좋은, 테라스, 추천, 데이트, 소스","['주류', '분위기 좋은', '추천하는', '데이트/연인과 함께']","주류, 분위기 좋은, 추천하는, 데이트/연인과 함께",서울특별시 성동구 연무장길,점심 저녁 동일가 2 - 4만원,저녁,"2,785",양식,양식,성수,성동구,예약,4.8,143,30000.0,30000.0,20000.0,40000.0,20000.0,40000.0,서울특별시 성동구 연무장길
33,33,마마리와 뱅글,"와인, 음식, 메뉴, 분위기, 좋고, 좋아요, 파스타, 리스트, 마마, 뱅글","['주류', '분위기 좋은']","주류, 분위기 좋은",서울특별시 성동구 연무장18길,점심 저녁 동일가 1 - 4만원,점심,"7,039",한식,한식,성수,성동구,예약,4.5,379,25000.0,25000.0,10000.0,40000.0,10000.0,40000.0,서울특별시 성동구 연무장18길
34,34,마블상회,"고기, 소고기, 갈비살, 맛집, 라면, 성수동, 차돌, 마블, 서비스, 창살","['음식이 맛있는', '서비스 좋은']","음식이 맛있는, 서비스 좋은",서울특별시 성동구 광나루로8길,점심 영업안함 · 저녁 2 - 5만원,저녁,87,소고기구이,한식,성수,성동구,예약,5.0,59,영업안함,35000.0,,,20000.0,50000.0,서울특별시 성동구 광나루로8길
35,35,매치스 성수,"와인, 음식, 분위기, 메뉴, 추천, 성수, 매치, 시간, 기분, 스팅","['주류', '분위기 좋은', '추천하는']","주류, 분위기 좋은, 추천하는",서울특별시 성동구 뚝섬로13길,점심 영업안함 · 저녁 1 - 3만원,저녁,"2,835",와인,주류,성수,성동구,예약,4.8,178,영업안함,20000.0,,,10000.0,30000.0,서울특별시 성동구 뚝섬로13길
36,36,맷돌,"타코, 예약, 좋은, 메뉴, 분위기, 음식, 코스, 가격, 맛있는, 맛있어서","['음식이 맛있는', '분위기 좋은']","음식이 맛있는, 분위기 좋은",서울특별시 성동구 성덕정길,점심 저녁 동일가 3.9만원,저녁,"3,295",멕시코음식,양식,성수,성동구,예약,4.8,208,39000.0,39000.0,39000.0,39000.0,39000.0,39000.0,서울특별시 성동구 성덕정길
37,37,메종 파이프그라운드,"피자, 옥수수, 맛있어요, 맛있었어요, 음식, 테이블, 화이트, 예약, 파스타, 메뉴",['음식이 맛있는'],음식이 맛있는,서울특별시 성동구 왕십리로,점심 저녁 동일가 1 - 3만원,점심,"4,108",브런치,양식,서울숲,성동구,예약,4.5,323,20000.0,20000.0,10000.0,30000.0,10000.0,30000.0,서울특별시 성동구 왕십리로
38,38,메종성수돈,"고기, 토마토, 라면, 분위기, 서비스, 직원, 목살, 음식, 고깃집, 조합","['친절한', '서비스 좋은', '분위기 좋은']","친절한, 서비스 좋은, 분위기 좋은",서울특별시 성동구 연무장7가길,점심 저녁 동일가 1 - 4만원,저녁,"6,847",돼지고기구이,한식,성수,성동구,예약,4.9,768,25000.0,25000.0,10000.0,40000.0,10000.0,40000.0,서울특별시 성동구 연무장7가길
39,39,모르므로,"분위기, 음식, 좋고, 파스타, 화장실, 메뉴, 예약, 맛있고, 맛있어서, 맛있어요","['음식이 맛있는', '분위기 좋은']","음식이 맛있는, 분위기 좋은",서울특별시 성동구 연무장길,점심 영업안함 · 저녁 2 - 3만원,저녁,"1,787",양식,양식,성수,성동구,웨이팅,4.8,87,영업안함,25000.0,,,20000.0,30000.0,서울특별시 성동구 연무장길
40,40,모르므로,"분위기, 음식, 좋고, 파스타, 화장실, 메뉴, 예약, 맛있고, 맛있어서, 맛있어요","['음식이 맛있는', '분위기 좋은']","음식이 맛있는, 분위기 좋은",서울특별시 성동구 연무장길,점심 영업안함 · 저녁 2 - 3만원,저녁,"1,787",양식,양식,성수,성동구,예약,4.8,87,영업안함,25000.0,,,20000.0,30000.0,서울특별시 성동구 연무장길
41,41,모르므로,"분위기, 음식, 좋고, 파스타, 화장실, 메뉴, 예약, 맛있고, 맛있어서, 맛있어요","['음식이 맛있는', '분위기 좋은']","음식이 맛있는, 분위기 좋은",서울특별시 성동구 연무장길,점심 영업안함 · 저녁 2 - 3만원,저녁,"1,787",양식,양식,성수,성동구,예약-웨이팅,4.8,87,영업안함,25000.0,,,20000.0,30000.0,서울특별시 성동구 연무장길
42,42,무색 MUSAEK,"메뉴, 서비스, 음식, 최고, 분위기, 맛있어요, 사시미, 숙성, 좋은, 기념일","['서비스 좋은', '추천하는', '특별한 날', '분위기 좋은', '음식이 맛있는']","서비스 좋은, 추천하는, 특별한 날, 분위기 좋은, 음식이 맛있는",서울특별시 성동구 상원2길,점심 2.9만원 · 저녁 9천원 ~ 5만원,점심,"6,722",일식,일식,성수,성동구,예약,4.8,537,29000.0,29500.0,29000.0,29000.0,9000.0,50000.0,서울특별시 성동구 상원2길
43,43,문츠바베큐,"바베큐, 고기, 메뉴, 느낌, 버섯, 직원, 문츠, 식사, 좋았어요, 텍사스","['친절한', '분위기 좋은']","친절한, 분위기 좋은",서울특별시 성동구 상원1길,점심 영업안함 · 저녁 1 - 4만원,저녁,"9,999+",바베큐,양식,성수,성동구,예약,4.3,1688,40000.0,40000.0,20000.0,60000.0,20000.0,60000.0,서울특별시 성동구 상원1길
44,44,문화식당 성수점,"분위기, 음식, 좋은, 직원, 맛있어요, 서비스, 좋고, 맛있었어요, 친절하시고, 가족","['친절한', '서비스 좋은', '음식이 맛있는', '분위기 좋은']","친절한, 서비스 좋은, 음식이 맛있는, 분위기 좋은",서울특별시 성동구 성수일로4길,점심 저녁 동일가 1 - 5만원,점심,456,파스타,양식,성수,성동구,웨이팅,4.7,65,30000.0,30000.0,10000.0,50000.0,10000.0,50000.0,서울특별시 성동구 성수일로4길
45,45,문화식당 성수점,"분위기, 음식, 좋은, 직원, 맛있어요, 서비스, 좋고, 맛있었어요, 친절하시고, 가족","['친절한', '서비스 좋은', '음식이 맛있는', '분위기 좋은']","친절한, 서비스 좋은, 음식이 맛있는, 분위기 좋은",서울특별시 성동구 성수일로4길,점심 저녁 동일가 1 - 5만원,점심,456,파스타,양식,성수,성동구,예약,4.7,65,30000.0,30000.0,10000.0,50000.0,10000.0,50000.0,서울특별시 성동구 성수일로4길
46,46,문화식당 성수점,"분위기, 음식, 좋은, 직원, 맛있어요, 서비스, 좋고, 맛있었어요, 친절하시고, 가족","['친절한', '서비스 좋은', '음식이 맛있는', '분위기 좋은']","친절한, 서비스 좋은, 음식이 맛있는, 분위기 좋은",서울특별시 성동구 성수일로4길,점심 저녁 동일가 1 - 5만원,점심,456,파스타,양식,성수,성동구,예약-웨이팅,4.7,65,30000.0,30000.0,10000.0,50000.0,10000.0,50000.0,서울특별시 성동구 성수일로4길
47,47,바위파스타바,"요리, 예약, 메뉴, 와인, 음식, 파스타, 바위, 식사, 서비스, 마음","['주류', '서비스 좋은']","주류, 서비스 좋은",서울특별시 성동구 뚝섬로15길,점심 영업안함 · 저녁 12.5만원,저녁,"7,424",파스타,양식,성수,성동구,예약,4.8,352,영업안함,125000.0,,,125000.0,125000.0,서울특별시 성동구 뚝섬로15길
48,48,부우이,"음식, 분위기, 맛있어요, 감자, 리조또, 맛있게, 문어, 스테이크, 식사, 루프","['음식이 맛있는', '분위기 좋은']","음식이 맛있는, 분위기 좋은",서울특별시 성동구 서울숲2길,점심 저녁 동일가 1 - 4만원,저녁,"2,540",이탈리아음식,양식,서울숲,성동구,예약,4.5,103,25000.0,25000.0,10000.0,40000.0,10000.0,40000.0,서울특별시 성동구 서울숲2길
49,49,사델스 서울 / Sadelle's at Kith Seoul,"테라스, 서비스, 분위기, 음식, 메뉴, 직원, 좋고, 사델스, 샐러드, 식사","['친절한', '서비스 좋은', '분위기 좋은']","친절한, 서비스 좋은, 분위기 좋은",서울특별시 성동구 연무장길,점심 저녁 동일가 3 - 5만원,저녁,"3,127",브런치,양식,성수,성동구,예약,4.3,116,40000.0,40000.0,30000.0,50000.0,30000.0,50000.0,서울특별시 성동구 연무장길
50,50,산도스 성수 (SANDOS),"산도, 소스, 카츠, 치아바타, 고기, 샌드위치, 음식, 감자, 세트, 인테리어",[],,서울특별시 성동구 서울숲2길,점심 저녁 동일가 1 - 2만원,점심,770,브런치,양식,서울숲,성동구,예약,4.9,173,15000.0,15000.0,10000.0,20000.0,10000.0,20000.0,서울특별시 성동구 서울숲2길
51,51,살라댕템플,"음식, 분위기, 태국, 직원, 좋은, 팟타이, 기분, 예약, 주문, 국적","['친절한', '분위기 좋은']","친절한, 분위기 좋은",서울특별시 성동구 성수이로16길,점심 저녁 동일가 2 - 5만원,저녁,"9,999+",퓨전음식,퓨전,성수,성동구,웨이팅,4.3,1991,50000.0,50000.0,20000.0,80000.0,20000.0,80000.0,서울특별시 성동구 성수이로16길
52,52,샌드페블스,"음식, 메뉴, 분위기, 서비스, 공간, 맛있고, 와인, 좋았어요, 기분, 맛있게","['서비스 좋은', '주류', '음식이 맛있는', '분위기 좋은']","서비스 좋은, 주류, 음식이 맛있는, 분위기 좋은",서울특별시 성동구 금호산길,점심 저녁 동일가 1 - 3만원,저녁,889,와인,주류,금호,성동구,예약,4.6,62,20000.0,20000.0,10000.0,30000.0,10000.0,30000.0,서울특별시 성동구 금호산길
53,53,샤브인서울 성수점,"샤브샤브, 샤브, 분위기, 고기, 예약, 모시, 음식, 식사, 야채, 인테리어",['분위기 좋은'],분위기 좋은,서울특별시 성동구 성수일로6길,점심 저녁 동일가 2 - 4만원,저녁,475,샤브샤브,한식,성수,성동구,웨이팅,4.9,148,30000.0,30000.0,20000.0,40000.0,20000.0,40000.0,서울특별시 성동구 성수일로6길
54,54,서우 룸다이닝 성수점,"짜장면, 음식, 스테이크, 탕수육, 한우, 메뉴, 버터, 중식, 모임, 서비스","['특별한 날', '서비스 좋은']","특별한 날, 서비스 좋은",서울특별시 성동구 서울숲2길,점심 저녁 동일가 1 - 9만원,저녁,938,중식,중식,서울숲,성동구,웨이팅,4.5,123,50000.0,50000.0,10000.0,90000.0,10000.0,90000.0,서울특별시 성동구 서울숲2길
55,55,서우 룸다이닝 성수점,"짜장면, 음식, 스테이크, 탕수육, 한우, 메뉴, 버터, 중식, 모임, 서비스","['특별한 날', '서비스 좋은']","특별한 날, 서비스 좋은",서울특별시 성동구 서울숲2길,점심 저녁 동일가 1 - 9만원,저녁,938,중식,중식,서울숲,성동구,예약,4.5,123,50000.0,50000.0,10000.0,90000.0,10000.0,90000.0,서울특별시 성동구 서울숲2길
56,56,서우 룸다이닝 성수점,"짜장면, 음식, 스테이크, 탕수육, 한우, 메뉴, 버터, 중식, 모임, 서비스","['특별한 날', '서비스 좋은']","특별한 날, 서비스 좋은",서울특별시 성동구 서울숲2길,점심 저녁 동일가 1 - 9만원,저녁,938,중식,중식,서울숲,성동구,예약-웨이팅,4.5,123,50000.0,50000.0,10000.0,90000.0,10000.0,90000.0,서울특별시 성동구 서울숲2길
57,57,서울로인 서울숲점,"서울숲, 좋고, 식사, 코스, 분위기, 음식, 좋은, 요리, 메뉴, 한우",['분위기 좋은'],분위기 좋은,서울특별시 성동구 서울숲2길,점심 2.9만 - 9.9만원 · 저녁 7.9만 - 13.9만원,저녁,"3,558",소고기구이,한식,서울숲,성동구,예약,4.6,392,59500.0,114500.0,29000.0,90000.0,90000.0,139000.0,서울특별시 성동구 서울숲2길
58,58,성수 리타르단도,"분위기, 음식, 메뉴, 칵테일, 데이트, 파스타, 샐러드, 맛있었어요, 성수, 추천","['추천하는', '분위기 좋은', '주류', '음식이 맛있는', '데이트/연인과 함께']","추천하는, 분위기 좋은, 주류, 음식이 맛있는, 데이트/연인과 함께",서울특별시 성동구 뚝섬로,점심 저녁 동일가 1 - 3만원,점심,"9,377",양식,양식,성수,성동구,예약,4.9,516,20000.0,20000.0,10000.0,30000.0,10000.0,30000.0,서울특별시 성동구 뚝섬로
59,59,성수 수집,"메뉴, 음식, 맛있고, 사케, 구성, 맛있어요, 분위기, 기념일, 재료, 좋고","['특별한 날', '음식이 맛있는', '분위기 좋은']","특별한 날, 음식이 맛있는, 분위기 좋은",서울특별시 성동구 성수일로1길,점심 영업안함 · 저녁 6.5 ~ 7.9만원,저녁,"9,999+",일식,일식,성수,성동구,예약,4.9,684,영업안함,72000.0,,,65000.0,79000.0,서울특별시 성동구 성수일로1길
60,60,성수 신데렐라,"칵테일, 분위기, 음식, 신데렐라, 좋고, 좋았어요, 친절하시고, 기념일, 느낌, 사진","['친절한', '주류', '특별한 날', '분위기 좋은']","친절한, 주류, 특별한 날, 분위기 좋은",서울특별시 성동구 아차산로7가길,점심 저녁 동일가 2 - 3만원,저녁,"1,476",양식,양식,성수,성동구,예약,4.7,149,25000.0,25000.0,20000.0,30000.0,20000.0,30000.0,서울특별시 성동구 아차산로7가길
61,61,세디치(sedici),"뇨끼, 메뉴, 분위기, 음식, 파스타, 맛집, 맛있어요, 성수, 좋은, 타르","['음식이 맛있는', '분위기 좋은']","음식이 맛있는, 분위기 좋은",서울특별시 성동구 성수이로22길,점심 저녁 동일가 1 - 3만원,점심,"8,893",이탈리아음식,양식,성수,성동구,예약,4.6,636,20000.0,20000.0,10000.0,30000.0,10000.0,30000.0,서울특별시 성동구 성수이로22길
62,62,소랑호젠,"메뉴, 음식, 분위기, 스테이크, 제주, 파스타, 느낌, 좋고, 돼지, 맛있어요","['음식이 맛있는', '분위기 좋은']","음식이 맛있는, 분위기 좋은",서울특별시 성동구 왕십리로,점심 저녁 동일가 1 - 4만원,점심,"4,833",파스타,양식,서울숲,성동구,웨이팅,4.6,376,25000.0,25000.0,10000.0,40000.0,10000.0,40000.0,서울특별시 성동구 왕십리로
63,63,소랑호젠,"메뉴, 음식, 분위기, 스테이크, 제주, 파스타, 느낌, 좋고, 돼지, 맛있어요","['음식이 맛있는', '분위기 좋은']","음식이 맛있는, 분위기 좋은",서울특별시 성동구 왕십리로,점심 저녁 동일가 1 - 4만원,점심,"4,833",파스타,양식,서울숲,성동구,예약,4.6,375,25000.0,25000.0,10000.0,40000.0,10000.0,40000.0,서울특별시 성동구 왕십리로
64,64,소랑호젠,"메뉴, 음식, 분위기, 스테이크, 제주, 파스타, 느낌, 좋고, 돼지, 맛있어요","['음식이 맛있는', '분위기 좋은']","음식이 맛있는, 분위기 좋은",서울특별시 성동구 왕십리로,점심 저녁 동일가 1 - 4만원,점심,"4,833",파스타,양식,서울숲,성동구,예약-웨이팅,4.6,375,25000.0,25000.0,10000.0,40000.0,10000.0,40000.0,서울특별시 성동구 왕십리로
65,65,소설옥 금남시장점,"와인, 고기, 맛있고, 최고, 아이, 좋고, 기분, 맛집, 서비스, 시간","['주류', '음식이 맛있는', '서비스 좋은', '추천하는']","주류, 음식이 맛있는, 서비스 좋은, 추천하는",서울특별시 성동구 독서당로,점심 영업안함 · 저녁 1 - 4만원,저녁,"1,112","육류,고기요리",한식,금호,성동구,예약,4.8,121,영업안함,25000.0,,,10000.0,40000.0,서울특별시 성동구 독서당로
66,66,소와나 성수,"서비스, 고기, 좋은, 와나, 부위, 분위기, 친절하게, 마카, 음식, 입문","['서비스 좋은', '분위기 좋은']","서비스 좋은, 분위기 좋은",서울특별시 성동구 서울숲2길,소와나 성수,점심,"1,364",소고기구이,한식,서울숲,성동구,예약,4.7,149,60000.0,60000.0,50000.0,70000.0,50000.0,70000.0,서울특별시 성동구 서울숲2길
67,67,수랑화,"음식, 분위기, 직원, 가족, 좋아요, 모시, 테이블, 맛있어요, 미나리, 서비스","['친절한', '서비스 좋은', '음식이 맛있는', '분위기 좋은']","친절한, 서비스 좋은, 음식이 맛있는, 분위기 좋은",서울특별시 성동구 독서당로,점심 저녁 동일가 1 - 3만원,저녁,706,샤브샤브,한식,옥수,성동구,예약,4.5,186,20000.0,20000.0,10000.0,30000.0,10000.0,30000.0,서울특별시 성동구 독서당로
68,68,스시 히나타,"마카, 쉐프, 가격, 스시, 음식, 생일, 좋은, 퀄리티, 식사, 디너",['특별한 날'],특별한 날,서울특별시 성동구 무학로2길,점심 3.9만원 · 저녁 6.5만원,저녁,"8,285",스시오마카세,일식,상왕십리,성동구,예약,4.9,971,39000.0,65000.0,39000.0,39000.0,65000.0,65000.0,서울특별시 성동구 무학로2길
69,69,스시&스낵바 논데 (성수점),"음식, 가격, 마카, 스시, 메뉴, 사케, 좋은, 분위기, 서비스, 안주","['서비스 좋은', '분위기 좋은']","서비스 좋은, 분위기 좋은",서울특별시 성동구 왕십리로,점심 영업안함 · 저녁 3.9만원 - 4.5만원,저녁,"1,774",기타 오마카세,일식,서울숲,성동구,웨이팅,4.8,220,영업안함,67500.0,,,45000.0,90000.0,서울특별시 성동구 왕십리로
70,70,스시도쿠 더성수,"스시, 맛집, 메뉴, 스키야키, 이벤트, 좋았어요, 추천, 가격, 기분, 성수","['음식이 맛있는', '추천하는']","음식이 맛있는, 추천하는",서울특별시 성동구 서울숲6길,점심 1 - 3만원 · 저녁 1 - 7만원,점심,910,"스시,초밥",일식,서울숲,성동구,웨이팅,4.5,119,20000.0,40000.0,10000.0,30000.0,10000.0,70000.0,서울특별시 성동구 서울숲6길
71,71,스시도쿠 더성수,"스시, 맛집, 메뉴, 스키야키, 이벤트, 좋았어요, 추천, 가격, 기분, 성수","['음식이 맛있는', '추천하는']","음식이 맛있는, 추천하는",서울특별시 성동구 서울숲6길,점심 1 - 3만원 · 저녁 1 - 7만원,점심,910,"스시,초밥",일식,서울숲,성동구,예약,4.5,119,20000.0,40000.0,10000.0,30000.0,10000.0,70000.0,서울특별시 성동구 서울숲6길
72,72,스시도쿠 더성수,"스시, 맛집, 메뉴, 스키야키, 이벤트, 좋았어요, 추천, 가격, 기분, 성수","['음식이 맛있는', '추천하는']","음식이 맛있는, 추천하는",서울특별시 성동구 서울숲6길,점심 1 - 3만원 · 저녁 1 - 7만원,점심,910,"스시,초밥",일식,서울숲,성동구,예약-웨이팅,4.5,119,20000.0,40000.0,10000.0,30000.0,10000.0,70000.0,서울특별시 성동구 서울숲6길
73,73,스시도쿠 카미동,"스시, 미동, 데이트, 메뉴, 왕십리, 좋았습니다, 주문, 테이블, 모임, 이벤트","['특별한 날', '데이트/연인과 함께']","특별한 날, 데이트/연인과 함께",서울특별시 성동구 왕십리로,점심 저녁 동일가 1 - 6만원,점심,"1,425",일식,일식,왕십리,성동구,웨이팅,4.6,205,35000.0,35000.0,10000.0,60000.0,10000.0,60000.0,서울특별시 성동구 왕십리로
74,74,스시도쿠 카미동,"스시, 미동, 데이트, 메뉴, 왕십리, 좋았습니다, 주문, 테이블, 모임, 이벤트","['특별한 날', '데이트/연인과 함께']","특별한 날, 데이트/연인과 함께",서울특별시 성동구 왕십리로,점심 저녁 동일가 1 - 6만원,점심,"1,425",일식,일식,왕십리,성동구,예약,4.6,205,35000.0,35000.0,10000.0,60000.0,10000.0,60000.0,서울특별시 성동구 왕십리로
75,75,스시도쿠 카미동,"스시, 미동, 데이트, 메뉴, 왕십리, 좋았습니다, 주문, 테이블, 모임, 이벤트","['특별한 날', '데이트/연인과 함께']","특별한 날, 데이트/연인과 함께",서울특별시 성동구 왕십리로,점심 저녁 동일가 1 - 6만원,점심,"1,425",일식,일식,왕십리,성동구,예약-웨이팅,4.6,205,35000.0,35000.0,10000.0,60000.0,10000.0,60000.0,서울특별시 성동구 왕십리로
76,76,스시무카,"식사, 음식, 셰프, 최고, 서비스, 스시, 좋은, 맛있게, 시간, 좋고","['음식이 맛있는', '서비스 좋은', '추천하는']","음식이 맛있는, 서비스 좋은, 추천하는",서울특별시 성동구 왕십리로,점심 4 - 9만원 · 저녁 8 - 19만원,점심,"1,075",스시오마카세,일식,상왕십리,성동구,예약,4.9,153,65000.0,135000.0,40000.0,90000.0,80000.0,190000.0,서울특별시 성동구 왕십리로
77,77,스케줄 성수,"음식, 분위기, 좋은, 좋고, 좋아요, 친구, 시간, 파스타, 성수, 맛있고","['음식이 맛있는', '분위기 좋은']","음식이 맛있는, 분위기 좋은",서울특별시 성동구 아차산로,점심 5만원 · 저녁 8.5만원,점심,"9,999+",이탈리아음식,양식,성수,성동구,예약,4.4,2069,35000.0,35000.0,20000.0,50000.0,20000.0,50000.0,서울특별시 성동구 아차산로
78,78,시옹마오,"우육, 튀김, 맛있어요, 음식, 가지, 만두, 맛있게, 치킨, 맛있고, 맛있었어요",['음식이 맛있는'],음식이 맛있는,서울특별시 성동구 연무장7길,점심 저녁 동일가 1 - 2만원,점심,817,아시아음식,아시아음식,성수,성동구,예약,4.7,117,15000.0,15000.0,10000.0,20000.0,10000.0,20000.0,서울특별시 성동구 연무장7길
79,79,신팡이,"고기, 소스, 친구, 돼지, 분위기, 인테리어, 돼지고기, 맛있게, 반찬, 맛있는","['음식이 맛있는', '분위기 좋은']","음식이 맛있는, 분위기 좋은",서울특별시 성동구 행당로17길,점심 1 - 2만원 · 저녁 1 - 3만원,저녁,294,돼지고기구이,한식,왕십리,성동구,예약,5.0,313,15000.0,20000.0,10000.0,20000.0,10000.0,30000.0,서울특별시 성동구 행당로17길
80,80,써니눅,"뇨끼, 파스타, 메뉴, 음식, 대파, 크림, 맛있었어요, 리조또, 라따뚜이, 맛있는",['음식이 맛있는'],음식이 맛있는,서울특별시 성동구 뚝섬로11길,점심 저녁 동일가 1 - 4만원,저녁,"3,546",브런치,양식,성수,성동구,예약,4.7,265,25000.0,25000.0,10000.0,40000.0,10000.0,40000.0,서울특별시 성동구 뚝섬로11길
81,81,쏘티,"와인, 음식, 분위기, 맛있고, 메뉴, 친구, 서비스, 좋은, 최고, 파스타","['서비스 좋은', '추천하는', '분위기 좋은', '주류', '음식이 맛있는']","서비스 좋은, 추천하는, 분위기 좋은, 주류, 음식이 맛있는",서울특별시 성동구 성덕정15길,점심 저녁 동일가 1 - 2만원,저녁,"1,940",와인,주류,성수,성동구,예약,4.8,132,15000.0,15000.0,10000.0,20000.0,10000.0,20000.0,서울특별시 성동구 성덕정15길
82,82,아카이브 서울,"와인, 분위기, 루프, 음식, 좋은, 직원, 추천, 맛집, 자리, 맛있고","['추천하는', '분위기 좋은', '친절한', '주류', '음식이 맛있는']","추천하는, 분위기 좋은, 친절한, 주류, 음식이 맛있는",서울특별시 성동구 왕십리로4길,점심 영업안함 · 저녁 1 - 3만원,저녁,"6,100",와인,주류,성수,성동구,예약,4.7,140,영업안함,20000.0,,,10000.0,30000.0,서울특별시 성동구 왕십리로4길
83,83,아타리,"분위기, 시간, 아타리, 꼬치, 야키토리, 예약, 좋았어요, 맛있고, 메뉴, 서비스","['서비스 좋은', '음식이 맛있는', '분위기 좋은']","서비스 좋은, 음식이 맛있는, 분위기 좋은",서울특별시 성동구 성덕정19길,점심 영업안함 · 저녁 1 - 4만원,저녁,"9,999+",야키토리,일식,성수,성동구,예약,4.7,597,영업안함,25000.0,,,10000.0,40000.0,서울특별시 성동구 성덕정19길
84,84,에디슨바이댄,"음식, 튀김, 분위기, 스테이크, 좋은, 레몬, 루프, 맛있어요, 버섯, 소르베","['음식이 맛있는', '분위기 좋은']","음식이 맛있는, 분위기 좋은",서울특별시 성동구 서울숲2길,점심 저녁 동일가 1 - 4만원,저녁,"3,379",아메리칸음식,양식,서울숲,성동구,예약,4.8,157,25000.0,25000.0,10000.0,40000.0,10000.0,40000.0,서울특별시 성동구 서울숲2길
85,85,에보 오스테리아,"음식, 파스타, 생면, 와인, 최고, 맛있어요, 분위기, 좋고, 추천, 맛있게","['주류', '음식이 맛있는', '분위기 좋은', '추천하는']","주류, 음식이 맛있는, 분위기 좋은, 추천하는",서울특별시 성동구 상원길,점심 저녁 동일가 1 - 5만원,점심,"3,262",양식,양식,성수,성동구,예약,4.9,258,30000.0,30000.0,10000.0,50000.0,10000.0,50000.0,서울특별시 성동구 상원길
86,86,엘로코 El Loco,"음식, 메뉴, 분위기, 와인, 요리, 서비스, 추천, 데이트, 소스, 식사","['서비스 좋은', '추천하는', '분위기 좋은', '주류', '데이트/연인과 함께']","서비스 좋은, 추천하는, 분위기 좋은, 주류, 데이트/연인과 함께",서울특별시 성동구 동일로,점심 6만원 · 저녁 6-10만원,저녁,"5,170",스페인음식,양식,성수,성동구,예약,4.9,356,60000.0,80000.0,60000.0,60000.0,60000.0,100000.0,서울특별시 성동구 동일로
87,87,오르트oort,"음식, 좋은, 메뉴, 분위기, 시간, 와인, 파스타, 맛있었습니다, 맛있고, 맛있습니다","['주류', '음식이 맛있는', '분위기 좋은']","주류, 음식이 맛있는, 분위기 좋은",서울특별시 성동구 마장로,점심 영업안함 · 저녁 1 - 4만원,저녁,840,양식,양식,왕십리,성동구,예약,4.7,120,영업안함,25000.0,,,10000.0,40000.0,서울특별시 성동구 마장로
88,88,오블리비언 Oblivion,"와인, 음식, 추천, 메뉴, 좋은, 공간, 파스타, 요리, 시간, 조합","['주류', '추천하는']","주류, 추천하는",서울특별시 성동구 왕십리로21길,점심 가격변동 · 저녁 가격변동,저녁,595,양식,양식,왕십리,성동구,예약,5.0,95,가격변동,가격변동,,,,,서울특별시 성동구 왕십리로21길
89,89,오스테리아 파로,"음식, 파스타, 맛있었어요, 분위기, 뇨끼, 메뉴, 주문, 좋은, 스테이크, 트러플","['음식이 맛있는', '분위기 좋은']","음식이 맛있는, 분위기 좋은",서울특별시 성동구 서울숲6길,점심 저녁 동일가 1 - 7만원,저녁,"2,238",파스타,양식,서울숲,성동구,예약,4.5,112,40000.0,40000.0,10000.0,70000.0,10000.0,70000.0,서울특별시 성동구 서울숲6길
90,90,옥스라이브파이어그릴 성수,"음식, 기념일, 좋은, 분위기, 와인, 시간, 직원, 코스, 식사, 고민","['친절한', '주류', '특별한 날', '분위기 좋은']","친절한, 주류, 특별한 날, 분위기 좋은",서울특별시 성동구 둘레15길,점심 영업안함 · 저녁 9.8만원,저녁,"2,370",코스요리,퓨전,성수,성동구,예약,4.9,207,영업안함,98000.0,,,98000.0,98000.0,서울특별시 성동구 둘레15길
91,91,온류,"메뉴, 음식, 파스타, 김밥, 분위기, 식사, 육회, 한식, 맛있었어요, 문어","['음식이 맛있는', '분위기 좋은']","음식이 맛있는, 분위기 좋은",서울특별시 성동구 서울숲2길,점심 저녁 동일가 1 - 3만원,점심,"3,800",한식,한식,서울숲,성동구,예약,4.8,243,20000.0,20000.0,10000.0,30000.0,10000.0,30000.0,서울특별시 성동구 서울숲2길
92,92,온슬,"맛있어요, 음식, 분위기, 성수, 파스타, 메뉴, 친구, 온슬, 맛있어서, 새우","['음식이 맛있는', '분위기 좋은']","음식이 맛있는, 분위기 좋은",서울특별시 성동구 연무장7가길,점심 영업안함 · 저녁 2 - 3만원,저녁,884,"회,사시미",일식,성수,성동구,예약,4.3,71,영업안함,25000.0,,,20000.0,30000.0,서울특별시 성동구 연무장7가길
93,93,올드핸즈,"스테이크, 애플파이, 디저트, 샐러드, 예약, 시간, 최고, 음식, 준비, 고기",['추천하는'],추천하는,서울특별시 성동구 금호로,점심 저녁 동일가 1 - 3만원,저녁,"4,256","스테이크,립",양식,금호,성동구,예약,4.9,397,20000.0,20000.0,10000.0,30000.0,10000.0,30000.0,서울특별시 성동구 금호로
94,94,와이즈오렌지(The wise orange),"분위기, 음식, 좋고, 와인, 메뉴, 스테이크, 맛있었어요, 파스타, 맛있게, 서비스","['서비스 좋은', '주류', '음식이 맛있는', '분위기 좋은']","서비스 좋은, 주류, 음식이 맛있는, 분위기 좋은",서울특별시 성동구 독서당로39길,점심 저녁 동일가 1 - 3만원,점심,"1,089",양식,양식,옥수,성동구,예약,4.7,104,20000.0,20000.0,10000.0,30000.0,10000.0,30000.0,서울특별시 성동구 독서당로39길
95,95,요시 성수,"함바, 맛있어요, 일본, 소스, 육즙, 직원, 함박, 고기, 맛있게, 맛있는","['친절한', '음식이 맛있는']","친절한, 음식이 맛있는",서울특별시 성동구 서울숲6길,점심 저녁 동일가 1 - 4만원,점심,639,일식,일식,서울숲,성동구,웨이팅,4.0,99,25000.0,25000.0,10000.0,40000.0,10000.0,40000.0,서울특별시 성동구 서울숲6길
96,96,우바(UVA) 성수,"피자, 분위기, 서울숲, 와인, 파스타, 성수, 좋은, 메뉴, 음식, 맛집","['주류', '음식이 맛있는', '분위기 좋은']","주류, 음식이 맛있는, 분위기 좋은",서울특별시 성동구 서울숲2길,점심 저녁 동일가 1 - 4만원,점심,"1,321",이탈리아음식,양식,서울숲,성동구,예약,4.7,106,25000.0,25000.0,10000.0,40000.0,10000.0,40000.0,서울특별시 성동구 서울숲2길
97,97,원기옥,"메뉴, 음식, 좋은, 모시, 부모님, 가족, 모임, 예약, 주문, 차림",['특별한 날'],특별한 날,서울특별시 성동구 아차산로17길,점심 저녁 동일가 1 - 3만원,저녁,"3,610",한식,한식,성수,성동구,예약,4.5,449,50000.0,50000.0,10000.0,90000.0,10000.0,90000.0,서울특별시 성동구 아차산로17길
98,98,유어네이키드치즈 성수점,"치즈, 와인, 플래터, 분위기, 메뉴, 추천, 친구, 좋아요, 기분, 음식","['주류', '분위기 좋은', '추천하는']","주류, 분위기 좋은, 추천하는",서울특별시 성동구 왕십리로10길,점심 저녁 동일가 2 - 5만원,저녁,"3,475",와인,주류,성수,성동구,예약,4.7,236,35000.0,35000.0,20000.0,50000.0,20000.0,50000.0,서울특별시 성동구 왕십리로10길
99,99,이오로비스트로 성수점,"파스타, 음식, 맛있었어요, 메뉴, 명란, 토마, 매콤, 마키, 후토, 맛있게",['음식이 맛있는'],음식이 맛있는,서울특별시 성동구 연무장5길,점심 저녁 동일가 1 - 3만원,점심,927,퓨전음식,퓨전,성수,성동구,예약,4.2,96,20000.0,20000.0,10000.0,30000.0,10000.0,30000.0,서울특별시 성동구 연무장5길
100,100,이와자루,"음식, 좋은, 분위기, 추천, 메뉴, 안주, 직원, 자루, 최고, 가도","['친절한', '분위기 좋은', '추천하는']","친절한, 분위기 좋은, 추천하는",서울시 성동구 연무장,점심 영업안함 · 저녁 1 - 3만원,저녁,754,이자카야,일식,성수,성동구,예약,5.0,77,영업안함,20000.0,,,10000.0,30000.0,서울시 성동구 연무장
101,101,정이담,"음식, 직원, 맛있고, 식사, 예약, 메뉴, 좋은, 가족, 맛있게, 좋고","['친절한', '음식이 맛있는']","친절한, 음식이 맛있는",서울특별시 성동구 왕십리로,점심 저녁 동일가 1 - 4만원,점심,226,한식,한식,서울숲,성동구,웨이팅,3.7,70,25000.0,25000.0,10000.0,40000.0,10000.0,40000.0,서울특별시 성동구 왕십리로
102,102,정이담,"음식, 직원, 맛있고, 식사, 예약, 메뉴, 좋은, 가족, 맛있게, 좋고","['친절한', '음식이 맛있는']","친절한, 음식이 맛있는",서울특별시 성동구 왕십리로,점심 저녁 동일가 1 - 4만원,점심,226,한식,한식,서울숲,성동구,예약,3.7,70,25000.0,25000.0,10000.0,40000.0,10000.0,40000.0,서울특별시 성동구 왕십리로
103,103,정이담,"음식, 직원, 맛있고, 식사, 예약, 메뉴, 좋은, 가족, 맛있게, 좋고","['친절한', '음식이 맛있는']","친절한, 음식이 맛있는",서울특별시 성동구 왕십리로,점심 저녁 동일가 1 - 4만원,점심,226,한식,한식,서울숲,성동구,예약-웨이팅,3.7,70,25000.0,25000.0,10000.0,40000.0,10000.0,40000.0,서울특별시 성동구 왕십리로
104,104,제이드앤워터 (Jade & Water),"음식, 파스타, 메뉴, 분위기, 맛있어요, 와인, 맛있었어요, 다른, 리가토니, 몬테","['주류', '음식이 맛있는', '분위기 좋은']","주류, 음식이 맛있는, 분위기 좋은",서울특별시 성동구 한림말3길,점심 1 - 3만원 · 저녁 2 - 5만원,저녁,"8,339",브런치,양식,옥수,성동구,예약,4.6,754,20000.0,35000.0,10000.0,30000.0,20000.0,50000.0,서울특별시 성동구 한림말3길
105,105,제제,"음식, 메뉴, 딤섬, 맛있었어요, 식사, 맛있고, 우창, 추천, 가격, 간이","['음식이 맛있는', '추천하는']","음식이 맛있는, 추천하는",서울특별시 성동구 서울숲길,점심 저녁 동일가 1 - 3만원,저녁,"2,106",중식,중식,서울숲,성동구,예약,4.4,183,20000.0,20000.0,10000.0,30000.0,10000.0,30000.0,서울특별시 성동구 서울숲길
106,106,젤코바세라타,"와인, 메뉴, 음식, 파스타, 서비스, 감자, 맛있었어요, 예약, 좋은, 아이스크림","['주류', '음식이 맛있는', '서비스 좋은']","주류, 음식이 맛있는, 서비스 좋은",서울특별시 성동구 왕십리로16길,점심 1 - 2만원 · 저녁 1 - 4만원,저녁,"1,561",와인,주류,성수,성동구,예약,4.8,111,15000.0,25000.0,10000.0,20000.0,10000.0,40000.0,서울특별시 성동구 왕십리로16길
107,107,주052,"음식, 메뉴, 분위기, 전통주, 좋았어요, 플레이, 좋은, 최고, 맛있었고, 서비스","['서비스 좋은', '추천하는', '분위기 좋은', '주류', '음식이 맛있는']","서비스 좋은, 추천하는, 분위기 좋은, 주류, 음식이 맛있는",서울특별시 성동구 고산자로14길,점심 1 - 3만원 · 저녁 1 - 4만원,저녁,"8,987",한식,한식,왕십리,성동구,예약,4.7,592,20000.0,25000.0,10000.0,30000.0,10000.0,40000.0,서울특별시 성동구 고산자로14길
108,108,진작다이닝,"음식, 분위기, 메뉴, 좋고, 파스타, 맛있게, 깔끔하고, 사진, 예약, 테이블","['음식이 맛있는', '분위기 좋은']","음식이 맛있는, 분위기 좋은",서울특별시 성동구 왕십리로14나길,점심 저녁 동일가 1 - 3만원,점심,"5,742",일식,일식,성수,성동구,예약,4.5,331,20000.0,20000.0,10000.0,30000.0,10000.0,30000.0,서울특별시 성동구 왕십리로14나길
109,109,차만다 서울숲점,"음식, 분위기, 식사, 영국, 맛있었어요, 메뉴, 창가, 서울숲, 시간, 예약","['음식이 맛있는', '분위기 좋은']","음식이 맛있는, 분위기 좋은",서울특별시 성동구 서울숲2길,점심 저녁 동일가 1 - 5만원,점심,"2,845",유러피안음식,양식,서울숲,성동구,예약,4.6,283,30000.0,30000.0,10000.0,50000.0,10000.0,50000.0,서울특별시 성동구 서울숲2길
110,110,청주한씨,"음식, 메뉴, 친구, 맛있고, 생일, 시간, 전통주, 코스, 식사, 좋았습니다","['주류', '음식이 맛있는', '특별한 날']","주류, 음식이 맛있는, 특별한 날",서울특별시 성동구 연무장길,점심 영업안함 · 저녁 4.2만원,저녁,"7,752",전통주,주류,성수,성동구,예약,4.6,483,영업안함,42000.0,,,42000.0,42000.0,서울특별시 성동구 연무장길
111,111,칠칠칠 chillchillchill,"와인, 메뉴, 분위기, 음식, 타르, 추천, 칠칠칠, 좋은, 서비스, 파스타","['서비스 좋은', '주류', '분위기 좋은', '추천하는']","서비스 좋은, 주류, 분위기 좋은, 추천하는",서울특별시 성동구 연무장길,점심 1 - 2만원 · 저녁 1 - 3만원,저녁,"6,241",양식,양식,성수,성동구,예약,4.8,310,20000.0,20000.0,10000.0,30000.0,10000.0,30000.0,서울특별시 성동구 연무장길
112,112,코치 성수점,"음식, 서비스, 메뉴, 꼬치, 야키토리, 코스, 분위기, 추천, 맛있게, 맛있는","['서비스 좋은', '음식이 맛있는', '분위기 좋은', '추천하는']","서비스 좋은, 음식이 맛있는, 분위기 좋은, 추천하는",서울특별시 성동구 성덕정17길,점심 영업안함 · 저녁 1 - 3만원,저녁,"8,146",야키토리,일식,성수,성동구,예약,4.8,194,영업안함,20000.0,,,10000.0,30000.0,서울특별시 성동구 성덕정17길
113,113,퀴바라 qui va la,"음식, 와인, 시간, 좋은, 분위기, 서비스, 최고, 느낌, 맛있게, 맛있었어요","['서비스 좋은', '추천하는', '분위기 좋은', '주류', '음식이 맛있는']","서비스 좋은, 추천하는, 분위기 좋은, 주류, 음식이 맛있는",서울특별시 성동구 성수일로1길,점심 저녁 동일가 1 - 5만원,저녁,"5,775",프랑스음식,양식,성수,성동구,예약,4.8,433,30000.0,30000.0,10000.0,50000.0,10000.0,50000.0,서울특별시 성동구 성수일로1길
114,114,퀴버(Quiver) 서울숲,"음식, 맛있어요, 분위기, 좋고, 파스타, 맛있었어요, 떡볶이, 서비스, 스테이크, 가족","['서비스 좋은', '음식이 맛있는', '분위기 좋은']","서비스 좋은, 음식이 맛있는, 분위기 좋은",서울특별시 성동구 왕십리로5길,점심 저녁 동일가 1 - 3만원,점심,"3,499",유러피안음식,양식,서울숲,성동구,예약,4.5,229,20000.0,20000.0,10000.0,30000.0,10000.0,30000.0,서울특별시 성동구 왕십리로5길
115,115,키친오늘 금호점,"메뉴, 음식, 조금, 맛있고, 맛있어요, 예약, 추천, 가격, 맛있게, 분위기","['음식이 맛있는', '분위기 좋은', '추천하는']","음식이 맛있는, 분위기 좋은, 추천하는",서울특별시 성동구 장터5길,점심 영업안함 · 저녁 1 - 3만원,저녁,"1,275",퓨전음식,퓨전,금호,성동구,예약,4.5,106,영업안함,20000.0,,,10000.0,30000.0,서울특별시 성동구 장터5길
116,116,타이거풀,"분위기, 음식, 스테이크, 파스타, 고기, 미디움, 좋고, 샐러드, 좋았습니다, 직원","['친절한', '분위기 좋은']","친절한, 분위기 좋은",서울특별시 성동구 성수이로7가길,점심 저녁 동일가 1 - 3만원,점심,"4,579","스테이크,립",양식,성수,성동구,예약,4.3,379,20000.0,20000.0,10000.0,30000.0,10000.0,30000.0,서울특별시 성동구 성수이로7가길
117,117,타코튜즈데이,"타코, 음식, 창가, 맛있었어요, 맛있게, 맛있어요, 맥주, 소스, 플래터, 맛집","['주류', '음식이 맛있는']","주류, 음식이 맛있는",서울특별시 성동구 왕십리로10길,점심 저녁 동일가 1 - 5만원,,"3,244",아메리칸음식,양식,성수,성동구,예약,4.6,259,30000.0,30000.0,10000.0,50000.0,10000.0,50000.0,서울특별시 성동구 왕십리로10길
118,118,테니,"메뉴, 분위기, 음식, 브런치, 서비스, 좋았어요, 좋은, 맛있었어요, 에그베네딕트, 연어","['서비스 좋은', '음식이 맛있는', '분위기 좋은']","서비스 좋은, 음식이 맛있는, 분위기 좋은",서울특별시 성동구 뚝섬로17가길,점심 저녁 동일가 1 - 6만원,점심,"2,090",프랑스음식,양식,성수,성동구,예약,4.4,105,35000.0,35000.0,10000.0,60000.0,10000.0,60000.0,서울특별시 성동구 뚝섬로17가길
119,119,텐바,"음식, 초밥, 텐바, 메뉴, 분위기, 파스타, 성수, 예약, 좋고, 친구",['분위기 좋은'],분위기 좋은,서울특별시 성동구 연무장길,점심 영업안함 · 저녁 1 - 4만원,저녁,"4,557",이자카야,일식,성수,성동구,예약,4.8,476,영업안함,25000.0,,,10000.0,40000.0,서울특별시 성동구 연무장길
120,120,파라디,"와인, 요리, 추천, 메뉴, 분위기, 서비스, 음식, 맛있어요, 한치, 좋은","['서비스 좋은', '추천하는', '분위기 좋은', '주류', '음식이 맛있는']","서비스 좋은, 추천하는, 분위기 좋은, 주류, 음식이 맛있는",서울특별시 성동구 뚝섬로9길,점심 영업안함 · 저녁 1 - 3만원,저녁,"7,297",와인,주류,성수,성동구,예약,4.9,343,영업안함,20000.0,,,10000.0,30000.0,서울특별시 성동구 뚝섬로9길
121,121,팩피 (FAGP),"파스타, 고수, 음식, 메뉴, 오징어, 리가토니, 팩피, 사람, 식감, 좋은",[],,서울특별시 성동구 왕십리로,점심 2 - 20만원 · 저녁 2 - 38만원,저녁,"9,999+",파스타,양식,성수,성동구,예약,4.7,1295,25000.0,25000.0,20000.0,30000.0,20000.0,30000.0,서울특별시 성동구 왕십리로
122,122,폭폭(POKPOK),"음식, 뇨끼, 메뉴, 맛있었어요, 폭폭, 맛있고, 분위기, 추천, 비스트, 서비스","['서비스 좋은', '음식이 맛있는', '분위기 좋은', '추천하는']","서비스 좋은, 음식이 맛있는, 분위기 좋은, 추천하는",서울특별시 성동구 뚝섬로,점심 저녁 동일가 1 - 3만원,저녁,"1,349",한식,한식,성수,성동구,예약,4.9,78,20000.0,20000.0,10000.0,30000.0,10000.0,30000.0,서울특별시 성동구 뚝섬로
123,123,플레이버타운,"메뉴, 음식, 가격, 추천, 요리, 족발, 최고, 튀김, 서비스, 와인","['주류', '서비스 좋은', '추천하는']","주류, 서비스 좋은, 추천하는",서울특별시 성동구 서울숲4길,점심 저녁 동일가 1 - 6만원,저녁,"9,999+",아시아음식,아시아음식,서울숲,성동구,예약,4.6,962,35000.0,35000.0,10000.0,60000.0,10000.0,60000.0,서울특별시 성동구 서울숲4길
124,124,피키니키 라자냐,"라자냐, 음식, 맛있어요, 좋았어요, 메뉴, 서비스, 샐러드, 당근, 맛있고, 분위기","['서비스 좋은', '음식이 맛있는', '분위기 좋은']","서비스 좋은, 음식이 맛있는, 분위기 좋은",서울특별시 성동구 서울숲2길,점심 저녁 동일가 1 - 2만원,점심,889,이탈리아음식,양식,서울숲,성동구,예약,4.6,53,15000.0,15000.0,10000.0,20000.0,10000.0,20000.0,서울특별시 성동구 서울숲2길
125,125,하이홀본,"음식, 와인, 분위기, 서비스, 추천, 맛있게, 요리, 좋고, 좋은, 꽃다발","['서비스 좋은', '추천하는', '분위기 좋은', '주류', '음식이 맛있는']","서비스 좋은, 추천하는, 분위기 좋은, 주류, 음식이 맛있는",서울특별시 성동구 독서당로48길,점심 저녁 동일가 2 - 4만원,점심,"1,369",양식,양식,옥수,성동구,예약,4.9,101,30000.0,30000.0,20000.0,40000.0,20000.0,40000.0,서울특별시 성동구 독서당로48길
126,126,한우드림,"한우, 고기, 드림, 라면, 파김치, 서비스, 카레, 맛있고, 볶음밥, 식사","['음식이 맛있는', '서비스 좋은']","음식이 맛있는, 서비스 좋은",서울특별시 성동구 고산자로,점심 영업안함 · 저녁 11만원,저녁,"2,019",소고기구이,한식,마장,성동구,예약,4.6,233,영업안함,110000.0,,,110000.0,110000.0,서울특별시 성동구 고산자로
127,127,핫쵸 성수,"음식, 분위기, 좋았어요, 직원, 노미, 서비스, 입장, 가격, 구경, 맛있었어요","['친절한', '서비스 좋은', '음식이 맛있는', '분위기 좋은']","친절한, 서비스 좋은, 음식이 맛있는, 분위기 좋은",서울특별시 성동구 왕십리로5길,점심 저녁 동일가 1 - 2만원,저녁,"7,196",일식,일식,서울숲,성동구,웨이팅,4.6,440,15000.0,15000.0,10000.0,20000.0,10000.0,20000.0,서울특별시 성동구 왕십리로5길
128,128,핫쵸 성수,"음식, 분위기, 좋았어요, 직원, 노미, 서비스, 입장, 가격, 구경, 맛있었어요","['친절한', '서비스 좋은', '음식이 맛있는', '분위기 좋은']","친절한, 서비스 좋은, 음식이 맛있는, 분위기 좋은",서울특별시 성동구 왕십리로5길,점심 저녁 동일가 1 - 2만원,저녁,"7,196",일식,일식,서울숲,성동구,예약,4.6,440,15000.0,15000.0,10000.0,20000.0,10000.0,20000.0,서울특별시 성동구 왕십리로5길
129,129,핫쵸 성수,"음식, 분위기, 좋았어요, 직원, 노미, 서비스, 입장, 가격, 구경, 맛있었어요","['친절한', '서비스 좋은', '음식이 맛있는', '분위기 좋은']","친절한, 서비스 좋은, 음식이 맛있는, 분위기 좋은",서울특별시 성동구 왕십리로5길,점심 저녁 동일가 1 - 2만원,저녁,"7,196",일식,일식,서울숲,성동구,예약-웨이팅,4.6,440,15000.0,15000.0,10000.0,20000.0,10000.0,20000.0,서울특별시 성동구 왕십리로5길
130,130,햄서울 HAM SEOUL,"와인, 음식, 추천, 메뉴, 분위기, 타르, 파스타, 가격, 옥수수, 좋고","['주류', '분위기 좋은', '추천하는']","주류, 분위기 좋은, 추천하는",서울특별시 성동구 광나루로,점심 영업안함 · 저녁 1 - 4만원,저녁,"2,745",양식,양식,성수,성동구,예약,4.9,213,영업안함,25000.0,,,10000.0,40000.0,서울특별시 성동구 광나루로
131,131,호감도,"스지찜, 메뉴, 음식, 분위기, 맛있고, 서비스, 직원, 맛있었어요, 좋았습니다, 좋은","['친절한', '서비스 좋은', '음식이 맛있는', '분위기 좋은']","친절한, 서비스 좋은, 음식이 맛있는, 분위기 좋은",서울특별시 성동구 연무장9길,점심 저녁 동일가 1 - 3만원,저녁,"8,866",일식,일식,성수,성동구,예약,4.7,435,20000.0,20000.0,10000.0,30000.0,10000.0,30000.0,서울특별시 성동구 연무장9길
132,132,호미담,"분위기, 음식, 맛있어요, 추천, 감자전, 좋고, 좋아요, 종류, 한식, 좋은","['음식이 맛있는', '분위기 좋은', '추천하는']","음식이 맛있는, 분위기 좋은, 추천하는",서울특별시 성동구 상원2길,점심 저녁 동일가 1 - 3만원,저녁,"1,084",한식,한식,성수,성동구,웨이팅,4.7,143,20000.0,20000.0,10000.0,30000.0,10000.0,30000.0,서울특별시 성동구 상원2길
133,133,희릿,"분위기, 비프, 웰링턴, 테라스, 음식, 메뉴, 뇨끼, 와인, 좋은, 파스타","['주류', '분위기 좋은']","주류, 분위기 좋은",서울특별시 성동구 왕십리로2길,점심 2 - 5만원 · 저녁 7 - 10만원,저녁,"9,999+",브런치,양식,서울숲,성동구,예약,4.5,1121,20000.0,25000.0,10000.0,30000.0,10000.0,40000.0,서울특별시 성동구 왕십리로2길
