,shop_name,shop_rating,r_num,Category,Location,region,Price_range,nickname,user_rating,lun_di,times,review,save
0,히키니쿠토코메 도산,4.5,352,다이닝바,압구정,서울특별시 강남구 선릉로155길 21 2층,점심 저녁 동일가 2 - 8만원,조용한 식객_63081,5.0 ,저녁,2024.05.26,지난번엔 진저에일이 솔드아웃이었는데 드디어 먹어봤어요 진한맛이 아주👍🏻 가장 빨리 서빙되는 포테이토 사라다를 먹고 있으면 밥과 국이 서빙되고 그 후에 함박이 하나씩 서빙 됩니다 밥이 나오는 순간부터 저는 설레어요 계란밥 먹을 생각에..ㅎㅎ 저는 계란밥에 함박 소스없이 그냥 베어먹는게 가장 맛있어서 항상 그렇게 먹고있는데 먹다가 육즙에 조금 치이면 갈은 무에 폰즈소스 정말 조금만 뿌려서 같이 먹으면 또 깔끔한 맛에 끝까지 입맛 살아있더라고요? 오늘도 깔끔하게 완밥하고 갑니다~ 잘 먹었습니다🤓  ,"3,065"
1,히키니쿠토코메 도산,4.5,352,다이닝바,압구정,서울특별시 강남구 선릉로155길 21 2층,점심 저녁 동일가 2 - 8만원,kimeunice,5.0 ,점심,2024.06.25,"함박 스테이크도 찰지고 맛있었는데 특히!!! 밥이 참 맛있더라구요. 밥 추가 하고 싶었는데 참았는데 참지 말걸 그랬나봐요. 사람에 따라 짠맛을 느낄수도 있겠네요.   라운드 테이블 식으로 크게 두 공간이라 대중적인 느낌도 있었습니다. 내내 고기 굽는 소리, 탁탁 다지는 고기 소리, 그리고 사람 소리가 가득해서 활기찬 공간인것 같습니다.  맛있게 잘 먹었습니다.😝💗💗💗💗💗  ","3,065"
2,히키니쿠토코메 도산,4.5,352,다이닝바,압구정,서울특별시 강남구 선릉로155길 21 2층,점심 저녁 동일가 2 - 8만원,프로혼밥스,5.0 ,점심,2024.06.30,주말 11시반 예약하고 갔는데 웨이팅도 없었고 한산해서 좋았어요. 이렇게 부드러운 함박은 처음이었고 간도 딱 알맞았어요. 밥은 계속 리필 가능하니 이 부분도 좋았어요. 직원분들 모두 친절하십니다.  ,"3,065"
3,히키니쿠토코메 도산,4.5,352,다이닝바,압구정,서울특별시 강남구 선릉로155길 21 2층,점심 저녁 동일가 2 - 8만원,강강민원,5.0 ,점심,2024.06.13,맛있어요 정말 일본에 놀러온거같은 인테리어와 디자인과 식기류  아기자기하고 정갈해요  요즘 핫하다 그래서 갔는데 또 갈 의향 있고 오픈 하자마자 대기가 기니까 꼭 예약하고 가시길  아 아쉬운건 좌석이 조금 불편해서 그게 아쉽네요  ,"3,065"
4,히키니쿠토코메 도산,4.5,352,다이닝바,압구정,서울특별시 강남구 선릉로155길 21 2층,점심 저녁 동일가 2 - 8만원,고독한 개척가_39664,5.0 ,저녁,2024.06.07,맛있게 잘 먹었습니다~♡  ,"3,065"
5,히키니쿠토코메 도산,4.5,352,다이닝바,압구정,서울특별시 강남구 선릉로155길 21 2층,점심 저녁 동일가 2 - 8만원,LEEEO,5.0 ,점심,2024.06.16,"직원분들이 다들 일본어로 커뮤니케이션을 해서 현지 레스토랑에 온 기분이 듭니다. 메뉴 구성과 먹는 방법과 순서를 안내하는 테이블마다 브로슈어가 잘 구비되어있었고 직원 분들이 고기 한 덩어리가 나올때마다 한번 더 구두로도 잘 설명해주어서 좋았습니다. 식감과 육즙이 살아있는 함박스테이크, 함께 먹는 솥밥도 고슬고슬 윤기가 있고 된장국도 깔끔합니다. 예약 후 방문으로 웨이팅없이 입장할 수 있었으며 식사시간은 총 40분 가량 소요 되었습니다. 촉촉한 육즙의 함박스테이크를 경험할 수 있는 깔끔한 레스토랑입니다.  ","3,065"
6,히키니쿠토코메 도산,4.5,352,다이닝바,압구정,서울특별시 강남구 선릉로155길 21 2층,점심 저녁 동일가 2 - 8만원,별로또,5.0 ,저녁,2024.05.25,어렵게 예약해서 갔는데 좋았어요!!! 도쿄에서 실패한 메뉴를 한국에서 먹다니!!! 육즙이 촉촉하니 맛있었고 직원분들도 너무너무 친절하셔서 기분좋은 저녁이였습니다~~ 다음에 또 예약성공해서 가야지~~~ 아! 그리고 계란은 노른자만해서 밥에 드시면  고소하게 더 맛있는거 같아용  ,"3,065"
7,히키니쿠토코메 도산,4.5,352,다이닝바,압구정,서울특별시 강남구 선릉로155길 21 2층,점심 저녁 동일가 2 - 8만원,성공한 개척가_85402,4.7 ,,2024.04.06,"한달전에 시부야점 다녀왔었는데 도산에 생긴다길래 반가워서 방문했습니다 맛은 분명히 있으나 웨이팅 시스템에 개선이 필요해보입니다  토요일 점심에 매장 가는길에 어플로 봤을 때 웨이팅이 어느 정도 이상에서 늘어나질 않길래 현장에 가면 왠지 마감 해놨을 것 같았지만 일단 방문해보자 싶어서 갔습니다. 가는 도중 계속 웨이팅이 줄었고, 도착해보니 역시나 웨이팅 등록은 마감시켜 두었더라구요. 그런데 4팀 정도 밖에 안남아 있었고 라스트오더가 20분 남은 상황이라 혹시 라스트오더 이전에 한 자리가 남으면 들어갈 수 있는지 여쭤보려고 문 앞에서 기다리고 있었습니다. 그때 유리문 너머에 자리가 꽤 많이 비어 있었습니다(왜 안부르지? 싶었어요)    그리고 웨이팅 등록하신 분들이 순번이 가까워지니 매장으로 오시더라고요 그런데  갑자기 ""취소당했어"" 하셨습니다 그 때 어플을 봤더니 남아있던 4팀 모두 취소하신것 같더라고요   그 때가 1시 55분이었습니다 런치 라스트오더는 2시 15분 이었는데 20분 전에 자리가 남아 있는데 마감 하시더라고요  재료소진시 웨이팅 취소될 수 있는 거 압니다 고지 해놓으셨구요 그런데 메뉴가 여러개도 아니고 단일메뉴 하나고 변수가 있어봤자 고기 추가 하시는 분들 정도인데 그런 분들 얼마나 될까요? 충분히 인원수대로 갯수 계산 하실 수 있으실텐데 몇시간 기다리신 분들 매장 앞에 계신데 취소를 하는게 이해가 안가더라고요  중년 어머님과 따님이 함께 방문하신 것 같았는데 어머님이 그냥 가자.. 하시는게 안타까웠습니다 웨이팅 등록 마감한지도 오래된것 같은데 번호가 있다는건 꽤나 오래 기다리셨을테고요 그 시간이면 주변 식당 다른데가서도 밥 못 먹습니다 다 브레이크타임이라;;  그 뒤로 따님이 매장에 들어가셔서 문의를 하시던데 전 나와버려서 어떻게 됐는지 모르겠습니다  저는 결국 3시간 정도 더 기다려서 디너로 먹고왔습니다  맛도 있고 직원들은 친절합니다만 일본에 비해 너무 가격이 비싸긴합니다. 도산공원이라는 위치를 생각하더라도 일본에서도 부동산 비싸기로 소문난 키치조지, 시부야에 있으니까요;;  일부러 줄세우기 마케팅을 하시는거면 티 안나게 하셔야 고객이 기분 나빠서 다신 안오겠단 소리가 안 나올 것 같고, 그게 아니고 정말 재료소진 때문에 취소하시는거먼 대기하시는 분들을 위해서 빨리 갯수파악해서 마감하시는게 낫지 않을까 싶습니다  가게 사정을 모르고 고객입장에서 적은 것이니 편향적일 수 있습니다 하지만 고객은 가게 사정을 알 리가 없어요 ^^,    ","3,065"
8,히키니쿠토코메 도산,4.5,352,다이닝바,압구정,서울특별시 강남구 선릉로155길 21 2층,점심 저녁 동일가 2 - 8만원,d012_sky,5.0 ,,2024.06.08,너무 맛있었고 친절하셔서 너무 좋았어요 직접 하나하나 구워주시고 육즙이 그냥 가득가득 최고!! 고시히카리로 지은 밥맛도 너무 맛나고 같이 내어주는 미소장국이 너무 맛있었어요! 또 올거같아요!!!  ,"3,065"
9,히키니쿠토코메 도산,4.5,352,다이닝바,압구정,서울특별시 강남구 선릉로155길 21 2층,점심 저녁 동일가 2 - 8만원,쿠고사홍,5.0 ,저녁,2024.06.10,조아용 맛있어용  ,"3,065"
10,히키니쿠토코메 도산,4.5,352,다이닝바,압구정,서울특별시 강남구 선릉로155길 21 2층,점심 저녁 동일가 2 - 8만원,applere****,4.5 ,저녁,2024.07.01,테이블은 없고 바타입의 식당이라 함박스테이크가 숯불에 구워지는  모습을 보며 기다리는 과정도 즐거웠습니다.  한 번에 3개가 나오는 게 아니라 먹는 속도에 따라 하나씩 주는 시스템이라 마지막까지 따뜻한 함박스태이크를 먹을 수 있었다는 게 제일 큰 장점인 것 같습니다. 밥은 계속 먹을 수 있지만 조금 질다는 느낌이 있어서 보다 찰진 밥이 된다면 더욱 일본같을 것 같습니다.   ,"3,065"
11,히키니쿠토코메 도산,4.5,352,다이닝바,압구정,서울특별시 강남구 선릉로155길 21 2층,점심 저녁 동일가 2 - 8만원,맥뿌기,5.0 ,점심,2024.05.26,"어머니와 함께 방문하게 되었는데, 결과적으로 너무 만족스러웠던 경험이었습니다.  첫 번째로, 역에서 가까운 거리여서 교통이 편리했습니다. 그리고, 예약을 통해 빠른 입장을 하게 되었는데 들어갈 때부터 밝게 맞이해주셔서 서비스가 좋다고 생각되었네요 ☺️  두 번째로, 구어와 함께 안내문이 제공되어서 식사법에 대해 이해하는데 무리가 없었습니다.  스테이크는 총 3개가 제공되는데, 크기와 다르게 고기가 빵빵하게 압축되어 있어서 다 먹고 나니 충분히 배불렀네요 🐽  마지막으로 샐러드와 레몬 사와 너무 맛있었습니다! 특히 사와는 레몬 알갱이가 톡톡 씹히는게 식감이 좋았네요.  재방문 하고 싶은 맛집이었어요 ㅎㅎ  ","3,065"
12,히키니쿠토코메 도산,4.5,352,다이닝바,압구정,서울특별시 강남구 선릉로155길 21 2층,점심 저녁 동일가 2 - 8만원,Soyeonkim07 ,4.3 ,점심,2024.06.20,양도 적당하고 밥맛이 좋았어요.  단지 고기의 느끼함을 잡아줄 야채가 다양하지 않은게 좀 아싑네요  ,"3,065"
13,히키니쿠토코메 도산,4.5,352,다이닝바,압구정,서울특별시 강남구 선릉로155길 21 2층,점심 저녁 동일가 2 - 8만원,저아세요,5.0 ,점심,2024.05.22,"벌써 3번째 방문입니다 여전히 너무 맛있고 가게가 깨끗해서 식사하면서도 기분이 좋아요. 너무 맛있어서 예전부터 궁금해했던 지인을 데려왔는데 지인도 밥 먹으면서, 돌아가는 내내 너무 맛있게 잘먹었다고 칭찬하고, 서비스해주시는 분들도 너무 좋으셔서 너무 기분이 좋아서 적은 금액이지만 구워주신 2분에게 팁도 드렸네요ㅋㅋㅋㅋㅋ 사진에 나오신 분이랑 사진엔 안찍혔지만 같이 구워주신 안경쓰신 남자분. 너무 감사히 잘먹었습니다. 같이간 지인도 너무 만족해했어요. 6월에 또 오겠습니다!  아크라거 맥주 최고!!  ","3,065"
14,히키니쿠토코메 도산,4.5,352,다이닝바,압구정,서울특별시 강남구 선릉로155길 21 2층,점심 저녁 동일가 2 - 8만원,찐갱최고,5.0 ,,2024.04.09,결론 : 밥 반공기도 못 먹는 사람이 밥 2공기 먹고 나옴! 존맛탱인정!  오후3시59분에 웨이팅 걸었을 때 7번 째 였습니다. 그래서 오후5시에 밥을 먹을 수 있었습니다. 키오스크로 주문해야하고 메뉴는 딱 단품 하나밖에 없습니다. 그만큼 정말 자신있다는 느낌이 들었어요. 정식 2개와 하이볼과 제로콜라를 주문하고 의자에 앉아 있으면 직원분들께서 극진히 대접해주십니다. 밥은 몇 공기를 먹든 무료이고 경기 평택 쌀로 갓지은 밥을 대접해주시는데 밥이 정말 맛있어요ㅎㅎㅎ 함바그는 총 3덩이가 나오는데 먹는 속도에 맞춰서 주시는 센스...<3 함바그는 촉촉하고 부드러워요! 일반 식당에서는 접할 수 없는 식감가 맛이라도 생각합니다. 육즙도 가득하구요. 아마 지금 일본에서 일하셨던 분들도 한국에 오셔서 같이 일하고 있더라구요! 그래서 일본에서 먹는 맛이랑 똑같다고 주위에서 그러는데 만족스러웠습니다. 그러니까 압구정 왔는데 이 함바그를 안 먹고 그냥 간다...? 그럼 다음 날 다시 와서 먹어야 하는 개존맛탱 맛집입니다. 제발 가주세요 제발ㅠㅠㅠㅠㅠ 아 그리고 하이볼은 달달하지 않아요! 딱 일본스타일입니다.  ,"3,065"
15,히키니쿠토코메 도산,4.5,352,다이닝바,압구정,서울특별시 강남구 선릉로155길 21 2층,점심 저녁 동일가 2 - 8만원,한여름밤,5.0 ,,2024.06.23,"함바그 정식 단일메뉴에요. 함바그가 세개 나오는데, 맛있게 먹는 방법을 친절하게 설명해 주셔서 더 맛있게 먹었습니다. 다양한 소스가 있는데, 저는 순수한 함바그맛이 좋아서 소스없이 먹는게 제일 맛있었습니다. 본점인 키치조지점을 가보고 싶지만 웨이팅이 어마어마 하더라구요. 한국에서 맛볼 수 있어서 만죡합니다.   ","3,065"
16,히키니쿠토코메 도산,4.5,352,다이닝바,압구정,서울특별시 강남구 선릉로155길 21 2층,점심 저녁 동일가 2 - 8만원,에이미석골찬,5.0 ,,2024.06.17,"도쿄 갈때마다 가보려고 했는데 실패해서 너무 아쉬웠는데 서울에 생겨서 기쁜맘에 방문했네요 ㅎㅎ 분위기도 독특하고 이것저것 뭐가 많아서 신기했습니다. 음료 메뉴도 많아서 좋았고요, 함박도 부드럽고 맛있습니다. 밥, 국 리필 되고요, 서비스도 친절하심. 살짝 비싼감은 있긴 하네요.  ","3,065"
17,히키니쿠토코메 도산,4.5,352,다이닝바,압구정,서울특별시 강남구 선릉로155길 21 2층,점심 저녁 동일가 2 - 8만원,edich,5.0 ,저녁,2024.05.31,본점은 예약이 힘들어서 못 가봤지만 확실히 원조는 다르네요. 밥이 진짜 맛있어요. 함박도 촉촉합니다. 계란 셀프인지 모르고 있다가 들고왔습니다. 예약해서도 있긴 하지만 아직까진 타이밍 잘 노리면 바로 입장가능합니다. 더 힘들어지기 전에 한번 더 가볼 예정입니다  ,"3,065"
18,히키니쿠토코메 도산,4.5,352,다이닝바,압구정,서울특별시 강남구 선릉로155길 21 2층,점심 저녁 동일가 2 - 8만원,hy0630,4.7 ,,2024.04.07,웨이팅 등록하고 내 번호로 몇 시 타임 식사가 가능한지 표기가 되어있다. 1시간 동안 20명을 받고 신선함 유지를 위해 그 타임 손님이 모두 빠진 후 정리하고 다음 타임 손님을 받는다는 내용. 때문에 누구는 십 분 만에 식사를 끝내고 누구는 한 시간 동안 식사를 한다 한들 그 시간 입장은 불가하다. 그래서 1번째임에도 불구하고 한 시간을 더 기다려야 했고 처음엔 이해가 안 갔는데 식사하는 도중 치우고 나가고 하는 일이 반복되면 이용에 불편할 거 같다는 생각. 아주 나중이 된다면 시부야처럼 예약금 받고 예약하는 시스템이 손님 입장엔 편할지도. 아무튼 한입 먹고 맛있어서 길바닥에서 한 시간 넘게 기다린 거 기분 풀렸고 사장님도 직원들도 너무 친절했다. 아무래도 육즙 가득 기름 가득이라 느끼함 없진 않은데 여러 가지 소스와 맛있는 밥 잘 어우러진다. 진짜 일본에 온 느낌. 당분간 못 가겠지만 일단 도산에 생긴 거 반갑고 이 브랜드 애정 하기 때문에 모두가 좋아하는 공간이 되었으면.  ,"3,065"
19,히키니쿠토코메 도산,4.5,352,다이닝바,압구정,서울특별시 강남구 선릉로155길 21 2층,점심 저녁 동일가 2 - 8만원,저아세요,5.0 ,점심,2024.05.09,이틀 연속 방문 첫째날은 함바그 5개에 생맥2잔 둘째날은 함바그8개에 생맥2잔 너무 맛있어서 계속 들어간다ㅋㅋㅋㅋ 지인들 데리고 자주 오겠습니다ㅋㅋ  ,"3,065"
20,히키니쿠토코메 도산,4.5,352,다이닝바,압구정,서울특별시 강남구 선릉로155길 21 2층,점심 저녁 동일가 2 - 8만원,sao76,5.0 ,점심,2024.06.27,도쿄에서 3시간 웨이팅이라 포기했는데 ~ 서울 압구정동에서 먹을 수 있다니^~ 고기 냄새도 없고 육즙이 예술 흰쌀밥은 어쩜 이리 달콤한지 함박스테이크를 썩 좋아하지 않은데 매력에 푹 빠졌네요 지인들~ 다 데리고 또 가고 싶은곳이에요   ,"3,065"
21,히키니쿠토코메 도산,4.5,352,다이닝바,압구정,서울특별시 강남구 선릉로155길 21 2층,점심 저녁 동일가 2 - 8만원,썸원파이크,5.0 ,저녁,2024.06.27,200% 만족스러웠던 식사였어요. 지불한 비용이 아깝지 않았어요. 너무 맛있습니다!  ,"3,065"
22,히키니쿠토코메 도산,4.5,352,다이닝바,압구정,서울특별시 강남구 선릉로155길 21 2층,점심 저녁 동일가 2 - 8만원,강직한 맛사냥꾼_37037,5.0 ,,2024.04.13,"도쿄에서 가보고 싶었는데 못 가서 아쉬우던 찰나 한국에 들어왔다고해서 바로 와봤어요!  토요일 오전 10시 18분 도착해서 순서는 21번째였고 12시 54분에 입장 알림톡 받았어요. 점심 대기의 경우 태블릿으로 확인했을 때 10시 53분에 대기 마감된 것 같았습니다!  주문은 키오스크로 진행되고 좌석은 30석 정도? 있더라구요. 새로 생긴 곳이라 쾌적했습니다! 직원분들도 친절하셨구요. 일본 분들이 많아서인지 잠시 일본에 온 것 같은 느낌도 들었어요 :)  고기는 육즙이 뚝뚝 흐를 정도로 정말 부드러웠고, 소스도 다양해서 먹는 재미가 있었어요. 밥이랑 날달걀도 제공해주셔서 계란간장밥도 맛있게 먹었습니다.  먹으면서 찾아보니 도산점은 한우, 일본에 있는 지점은 와규를 사용한다고 하던데 일본 지점도 더 궁금해졌어요!  다시 가기엔 웨이팅이 힘들 것 같지만.. 나중에 기회가 되면 다시 또 가고 싶네요!  ","3,065"
23,히키니쿠토코메 도산,4.5,352,다이닝바,압구정,서울특별시 강남구 선릉로155길 21 2층,점심 저녁 동일가 2 - 8만원,정종민의 식도락 여행,5.0 ,점심,2024.06.22,"일본에서 처음 먹어보고 맛있어서 한국 지점에도 여러번 왔는데, 일본만큼 퀄리티 유지도 잘되고 직원분들 친절해서 만족스러운 곳입니다. 앞으로도 지금처럼만 운영되면 좋겠어요  ","3,065"
24,히키니쿠토코메 도산,4.5,352,다이닝바,압구정,서울특별시 강남구 선릉로155길 21 2층,점심 저녁 동일가 2 - 8만원,소소ㅡ*,5.0 ,저녁,2024.06.11,도쿄에서 먹었던 그 맛을 압구정에서 ㅎㅎ좋았습니다 ~  ,"3,065"
25,히키니쿠토코메 도산,4.5,352,다이닝바,압구정,서울특별시 강남구 선릉로155길 21 2층,점심 저녁 동일가 2 - 8만원,자연산광어,5.0 ,저녁,2024.06.02,기대하고 갔는데 기대한만큼 좋았습니다^^♡ 우선 고기가 부드럽고 육즙이 한가득 느껴지는 맛이였습니다!! 함박스테이크에 약간의 간이 되어있기 때문에 소금+후추 살짝 찍어서 흰쌀밥이랑 먹는게 제일 좋았습니다.  중간 중간 먹었던 백김치도 굿굿^-^ (개인적으로 몇몇 소스들은 없어도 될 것 같았어요ㅠㅠㅎ 오히려 함바그 맛을 해치는 느낌...) 먹다가 맛있어서 바로 밥이랑 함바그 추가 주문해서 먹었어요 맛.있.어.서 3덩이는 아쉽더라구요 ㅋㅋㅋㅋㅋ 꼭 한번 가보세요 저희는 아주만족했어요 : )  ,"3,065"
26,히키니쿠토코메 도산,4.5,352,다이닝바,압구정,서울특별시 강남구 선릉로155길 21 2층,점심 저녁 동일가 2 - 8만원,온화한 식객_99498,4.7 ,저녁,2024.06.01,경험삼아 가봤는데 기대보다 더 맛있었어요😋  ,"3,065"
27,히키니쿠토코메 도산,4.5,352,다이닝바,압구정,서울특별시 강남구 선릉로155길 21 2층,점심 저녁 동일가 2 - 8만원,hanana_,5.0 ,점심,2024.05.13,정말 맛있고 새로운 경험이었어요 친구랑 갔다가 너무 맛있어서 일주일만에 남편도 데려갔습니다. 밥이 너무 맛있고 함바그는 더 맛있었어요  ,"3,065"
28,히키니쿠토코메 도산,4.5,352,다이닝바,압구정,서울특별시 강남구 선릉로155길 21 2층,점심 저녁 동일가 2 - 8만원,songdan****,5.0 ,점심,2024.06.05,최고의맛~  잘 먹었습니다~~~  ,"3,065"
29,히키니쿠토코메 도산,4.5,352,다이닝바,압구정,서울특별시 강남구 선릉로155길 21 2층,점심 저녁 동일가 2 - 8만원,저아세요,5.0 ,,2024.05.07,일본에 갔을 때 일정이 안맞아서 못갔는데 한국에 생겼다는말 듣고 신나서 방문했는데 너무 맛있네요 너무 맛있어서 생맥주를 2잔이나 주문했습니다 특히 홀에서 접객하시는 안경 쓰신 남자분 접객이 너무 좋아서 그 날 안좋은 일 있었는데도 먹기 전부터 기분이 좋아졌습니다 웨이팅 인원 변경을 2번이나 했는데도 내색하나 안하고 친절히 대해주셔서 인상에 남네요 너무 맛있어서 가까운 시일내에 또 방문할려고 합니다 여기 생맥주는 꼭 드세요 존맛입니다  ,"3,065"
30,히키니쿠토코메 도산,4.5,352,다이닝바,압구정,서울특별시 강남구 선릉로155길 21 2층,점심 저녁 동일가 2 - 8만원,재능있는 맛사냥꾼_6764,5.0 ,점심,2024.06.05,예약하고 방문했는데 오분정도늦어도 바로 들여보내주셨습니다 안에 직원들이 일본어로 반갑게 맞아주는데 활기차고 친절하십니다 음식은 늦게나오는데 고기를 구워야되는 특성상 이해할수밖에 없더라고요.. 그사이에 밑반찬 종류가많아서 이것저것 먹다보면 고기 3덩어리를 주십니다 일본에서 매번 예약 실패해서 못먹을줄알았는데 대만족이요!!  ,"3,065"
31,히키니쿠토코메 도산,4.5,352,다이닝바,압구정,서울특별시 강남구 선릉로155길 21 2층,점심 저녁 동일가 2 - 8만원,별라라라,5.0 ,점심,2024.04.28,일본에서도 유명한 식당이어서 일본식 함박을 제대로 먹은 느낌이어서 좋았습니다.  육즙이 가득한 함박과 고슬고슬한 고시히카리밥에 너무나 맛있었던 미소시루~! 다양한 소스류 날계란도 안비리고 맛있었어요.  바로앞에 굽는 함박보는것도 묘미였어요. 추천합니다.  ,"3,065"
32,히키니쿠토코메 도산,4.5,352,다이닝바,압구정,서울특별시 강남구 선릉로155길 21 2층,점심 저녁 동일가 2 - 8만원,jijunseoyeon,5.0 ,저녁,2024.05.31,한입 베어무는 순간 육즙이 가득해서 진짜 놀랐어요! 먹어본 함바그중에 제일 맛있었습니다! 남녀노소 누구나 다 좋아할 것 같아 지인들 모두 데려와보고 싶어요! 다음에 기회되면 또 예약하고 방문할 예정입니다~~!  ,"3,065"
33,히키니쿠토코메 도산,4.5,352,다이닝바,압구정,서울특별시 강남구 선릉로155길 21 2층,점심 저녁 동일가 2 - 8만원,연두둗,5.0 ,저녁,2024.05.07,함박 스테이크 향과 육즙이 미쳤어요. 너무 맛있게 잘 먹었습니다!! 여유 있으시면 예약하시는 걸 추천 드려요. 계란을 먹게 되면 풀지 말고 꼭 노른자 살려서 드세요. 저는 풀어서 먹는데 애 좀 먹었습니다.   ,"3,065"
34,히키니쿠토코메 도산,4.5,352,다이닝바,압구정,서울특별시 강남구 선릉로155길 21 2층,점심 저녁 동일가 2 - 8만원,오2꽥꽥꽥,4.2 ,저녁,2024.06.06,일본에서 먹었던 것보다 식감이 조금 아쉬웠습니다. 씹는 식감 없이 너무 흐물흐물한 느낌이었어요. 식감 외의 함박스테이크의 맛은 너무 좋았습니다. 과하지 않은 서비스 또한 좋았습니다.  ,"3,065"
35,히키니쿠토코메 도산,4.5,352,다이닝바,압구정,서울특별시 강남구 선릉로155길 21 2층,점심 저녁 동일가 2 - 8만원,꽁이z,5.0 ,저녁,2024.05.29,어렵게 예약 성공한 히키니쿠토코메 !! 모두들 친절하시구 분위기도 좋았어요 ㅎ  고기하나더 추가해서 먹었어요 배불렀지만 다먹었습니당 그리구 밥이 진짜 맛있어요!! ㅎ 최고~  ,"3,065"
36,히키니쿠토코메 도산,4.5,352,다이닝바,압구정,서울특별시 강남구 선릉로155길 21 2층,점심 저녁 동일가 2 - 8만원,enchante,4.7 ,점심,2024.05.08,"육즙이 있는 그대로 밥이랑 먹으니까 정말 맛있었어요. 백김치와 고추절임 같은 종류와 먹었을때도 깔끔했구요, 다만 환기가 잘 되지않는 것 같습니다....ㅠㅠ  ","3,065"
37,히키니쿠토코메 도산,4.5,352,다이닝바,압구정,서울특별시 강남구 선릉로155길 21 2층,점심 저녁 동일가 2 - 8만원,강직한 마스터_7801,5.0 ,저녁,2024.06.06,"미리 예약하고 가니 입장이 수월했고, 고기도 빨리 준비되어 편했습니다! 직원분들 모두 친절히 안내해주셔서 기분 좋은 식사를 했습니다  ","3,065"
38,히키니쿠토코메 도산,4.5,352,다이닝바,압구정,서울특별시 강남구 선릉로155길 21 2층,점심 저녁 동일가 2 - 8만원,조나벨,4.7 ,,2024.06.17,굉장히 맛이 훌룡했거 함바그 자체 만으로도 너무 맛있었습니다. 함바그를 구어주시는 일본분이 친절함의 끝판왕이였습니다.  ,"3,065"
39,히키니쿠토코메 도산,4.5,352,다이닝바,압구정,서울특별시 강남구 선릉로155길 21 2층,점심 저녁 동일가 2 - 8만원,혼밥하는 돼식가,5.0 ,점심,2024.05.11,가성비는 떨어지는 편이지만 직접 구어다 주셔서 편하게 잘 먹었습니다. 소스로는 청양고추절임이 취향에 맞았습니다.   ,"3,065"
40,히키니쿠토코메 도산,4.5,352,다이닝바,압구정,서울특별시 강남구 선릉로155길 21 2층,점심 저녁 동일가 2 - 8만원,개랄부,5.0 ,,2024.04.20,비오는 날 정말 운이 좋게 앞에 5팀 밖에 없었어요! 11:44에 가서 12:05에 들어갔습니다! 안이 생각보다 되게 넓구요 저는 고기추가 해서 먹었는데 대식가 아니시면 기본 3개도 충분합니다 함바그 좋아하는 사람이 아님에도 불구하고 되게 맛있게 먹었습니다  다양한 소스랑 특히 밥에 올려 먹는 간장이 진짜 맛있어요! 강추 입니다!!  ,"3,065"
41,히키니쿠토코메 도산,4.5,352,다이닝바,압구정,서울특별시 강남구 선릉로155길 21 2층,점심 저녁 동일가 2 - 8만원,화려한 마스터_22301,5.0 ,점심,2024.05.07,분위기 좋고 고기도 맛있네요. 완전 꿀맛 고기 구워주시는분이 친절하고 직원분들도 다들 너무 친절하셨어요  ,"3,065"
42,히키니쿠토코메 도산,4.5,352,다이닝바,압구정,서울특별시 강남구 선릉로155길 21 2층,점심 저녁 동일가 2 - 8만원,ranns2,4.7 ,저녁,2024.06.16,함박 육즙 장난아니에요 너무 너무 맛있게 먹었고 밥 리필까지 챙겨주시는 친절함 ㅎㅎ 재방문 할게요!  ,"3,065"
43,히키니쿠토코메 도산,4.5,352,다이닝바,압구정,서울특별시 강남구 선릉로155길 21 2층,점심 저녁 동일가 2 - 8만원,Jeeeeein,4.7 ,,2024.05.15,직원분들이 너무 친절했고 함바그도 육즙이 진짜 미쳤습니다 일본분위기느끼기에 너무 좋았습니다  ,"3,065"
44,히키니쿠토코메 도산,4.5,352,다이닝바,압구정,서울특별시 강남구 선릉로155길 21 2층,점심 저녁 동일가 2 - 8만원,외로운 식객_15413,5.0 ,점심,2024.06.01,"일본가서 기다릴 만한 맛은 아니지만, 이곳에서 예약하고 먹긴 좋습니다  ","3,065"
45,히키니쿠토코메 도산,4.5,352,다이닝바,압구정,서울특별시 강남구 선릉로155길 21 2층,점심 저녁 동일가 2 - 8만원,그레고르 잠자,4.7 ,,2024.05.09,맛 좋아요. 다만 샐러드나 음료는 가격이 필요이상 높은 듯 합니다  ,"3,065"
46,히키니쿠토코메 도산,4.5,352,다이닝바,압구정,서울특별시 강남구 선릉로155길 21 2층,점심 저녁 동일가 2 - 8만원,이네이트,5.0 ,저녁,2024.05.09,돈 많이 벌어서 함바그 6개 먹을게요 3개는 금방끝나버리네요  ,"3,065"
47,히키니쿠토코메 도산,4.5,352,다이닝바,압구정,서울특별시 강남구 선릉로155길 21 2층,점심 저녁 동일가 2 - 8만원,정종민의 식도락 여행,5.0 ,저녁,2024.05.05,재방문인데 잘먹고갑니다. 육즙 많고 아주 맛있어요  ,"3,065"
48,히키니쿠토코메 도산,4.5,352,다이닝바,압구정,서울특별시 강남구 선릉로155길 21 2층,점심 저녁 동일가 2 - 8만원,저아세요,5.0 ,,2024.05.25,5월에만 4번 갔다 형 믿고 가라 질문 안받는다  ,"3,065"
49,히키니쿠토코메 도산,4.5,352,다이닝바,압구정,서울특별시 강남구 선릉로155길 21 2층,점심 저녁 동일가 2 - 8만원,꼼햐,5.0 ,점심,2024.05.28,맛있어요. 입에서 살살 녹네요.   ,"3,065"
50,히키니쿠토코메 도산,4.5,352,다이닝바,압구정,서울특별시 강남구 선릉로155길 21 2층,점심 저녁 동일가 2 - 8만원,hkim429,5.0 ,점심,2024.05.26,너무너무 맛있습니다!!  ,"3,065"
51,히키니쿠토코메 도산,4.5,352,다이닝바,압구정,서울특별시 강남구 선릉로155길 21 2층,점심 저녁 동일가 2 - 8만원,조용한 식객_63081,5.0 ,,2024.04.28,밥이 정말 맛있어서 두공기 뚝딱입니다👍🏻 계란과 특제간장양념에 밥을 비비니.. 한공이 뚝딱이고 맨밥과 함박으로 또 한공기 뚝딱 그리고 함박과 함께하는 소스를 모두 먹어보았는데요. 그냥 순정으로 입으로 베어먹는 함박이 가장 맛이 좋았어요😃 참! 사전 예약 시스템인지 모르고 현장 웨이팅하려고 5시에 방문했는데 벌써 대기 마감이더라고요. 3번째로 줄서서 조금 기다리니 매니저님이 나오셔서 남은 시간에 웨이팅 걸어주셨고 운좋게 오늘 라스트 손님로 당첨되어서 식사할 수 있었어요. 덕분에 맛있는 식사하고 살가운 배웅까지 즐거운 일요일 저녁이 되었습니다! 친절함과 맛에 다음 방문의사 200%  ,"3,065"
52,히키니쿠토코메 도산,4.5,352,다이닝바,압구정,서울특별시 강남구 선릉로155길 21 2층,점심 저녁 동일가 2 - 8만원,Rumirui,5.0 ,점심,2024.06.09,너무 맛있어요~!  ,"3,065"
53,히키니쿠토코메 도산,4.5,352,다이닝바,압구정,서울특별시 강남구 선릉로155길 21 2층,점심 저녁 동일가 2 - 8만원,요거트만두,4.7 ,점심,2024.06.15,음식 기다리는 동안 함바그가 구워지는 걸 보고 있으니 기다리는 시간이 덜 지루 하고 정성 스레 구워주시는 모습을 더 보니 더 맛있게 느껴졌습니다👍 직원 분들이 중간 중간 일본어 쓰셔서 일본인이 아니신가 착각 했는데 구수하게 한국말 하시는 걸 보고 아니구나 느꼈네요 ㅎㅎ 중간 중간 필요 한건 없는지 세심하게 챙겨주셔서 편안하고 뭔가 대접받는 기분 느끼며 기분 좋게 식사 할수 있었습니다. 햄버그도 정말 인생 햄버그라 할 정도로 너무나 부드러웠고 갓 지은 쌀과 함께 먹어서 더 맛있었습니다. 마지막으로 장국이 너무 맛있어서 리필 하려다 참았습니다🤭  ,"3,065"
54,히키니쿠토코메 도산,4.5,352,다이닝바,압구정,서울특별시 강남구 선릉로155길 21 2층,점심 저녁 동일가 2 - 8만원,흥칫뿡,5.0 ,,2024.04.12,기다릴 가치가 있습니다 함바그 좋아하시면 꼭 방문하세요 웨이팅 더 심해지기 전에 꼭꼭!! 정시 방문하시면 못 먹습니다 현장 대기 오픈 시간 전에 가셔야해요 전 20분 전쯤 갔는데 아마 이제 더 빨리 가셔야할거 같습니다  ,"3,065"
55,히키니쿠토코메 도산,4.5,352,다이닝바,압구정,서울특별시 강남구 선릉로155길 21 2층,점심 저녁 동일가 2 - 8만원,헌하,4.3 ,점심,2024.06.08,히키니쿠토코메 일본현지랑 동일합니다 잘먹고갑니다  ,"3,065"
56,히키니쿠토코메 도산,4.5,352,다이닝바,압구정,서울특별시 강남구 선릉로155길 21 2층,점심 저녁 동일가 2 - 8만원,쯩쯩,5.0 ,저녁,2024.06.29,"진짜 일하시는 종업원 분들 모두가 다 친절하십니다. 정말 한분도 빠짐없이 친절하게 응대해주셔서 기분 좋은 시간이었습니다. 그리고 맛은.. 정말 근래 먹었던 고기류 집에서 제일 맛있게 먹은 것 같아요. 육즙 정말 제대로 느껴볼 수 있었습니다. 그리고 우리나라 상황에 맞게 숟가락도 중간에 갖다 주셨어요. 맨처음에 이런저런 소스와 음식 설명도 자세히 잘 해주셨고, 매장 이용법도 친절하게 잘 알려주셨어요. 제가 밥을 너무 많이 먹어서 리필을 부탁드리기 좀 눈치보이면 어쩌지? 싶었는데 일본인 종업원 분 같으셨는데 정말 밝게 리필해주셔서 눈치안보고 잘 먹고 나왔습니다.. 고기추가해서 4.5덩어리 / 4.5그릇 먹고 나왔습니다. 미소된장국도 간간한게 아주 좋고요. 차는 웬만하면 가져가지 마시길.  술이 참 고픕니다. 4월에 도쿄여행 갔었을 때 가보고 싶었는데 다른데 둘러보느라  동선이 꼬여서 포기했었던 곳인데 정말 너무 좋은 경험이었습니다. 가격은 두 사람이 정식2개 하이볼/ 사와/ 콜라2개/ 고기추가2개 해서 8-9만원돈 나왔던 것 같습니다. 그런데 정말 고기랑 밥, 간간한 미소된장국 좋아하신다면 무조건 추천드립니다.  밥도 고슬고슬허니 맛있고 단계별로(?) 직원분께서 어떻게 먹는지도 알려주신 덕분에 헤매지 않고 맛있게 잘 즐기고 왔습니다.  각종 소스(?)가 있는데 꼭 조금씩만 덜어서 맛을 다 즐겨보시길 권장해요! 음식하고 정말 잘 맞아요!  조만간 또 방문할 예정입니다!  ","3,065"
57,히키니쿠토코메 도산,4.5,352,다이닝바,압구정,서울특별시 강남구 선릉로155길 21 2층,점심 저녁 동일가 2 - 8만원,blessedyoon,5.0 ,,2024.04.28,"""갓 만든""  제발 분당, 신사에 또 생겼으면...   https://m.blog.naver.com/blessedsushi/223429589993 ","3,065"
58,히키니쿠토코메 도산,4.5,352,다이닝바,압구정,서울특별시 강남구 선릉로155길 21 2층,점심 저녁 동일가 2 - 8만원,어이이이이이,5.0 ,,2024.04.08,살짝 짭짤하긴했는데 맛이있었습니다 간을 살짝 줄여도 괜찮을듯합니다 그냥 밥이랑먹어도 맛있고 다이콘 이랑 먹어도 맛있고 계란이랑 먹어도 맛있습니다  ,"3,065"
59,히키니쿠토코메 도산,4.5,352,다이닝바,압구정,서울특별시 강남구 선릉로155길 21 2층,점심 저녁 동일가 2 - 8만원,Namm,5.0 ,,2024.04.06,초기라 그런건지  일본에서 직원들이 넘어와서 일을 하고 있습니다 그래서인지 맛이 시부야 지점 보다 떨어지고 그런거는 없습니다  강추 존맛탱  ,"3,065"
60,히키니쿠토코메 도산,4.5,352,다이닝바,압구정,서울특별시 강남구 선릉로155길 21 2층,점심 저녁 동일가 2 - 8만원,으으미,5.0 ,점심,2024.05.04,진짜 맛있어요!! 예약제로 바뀐거 너무 좋고 직원분들이 특히 친절해서 기분도 좋아요! 밥두공기는 뚝딱입니다❤️❤️❤️  ,"3,065"
61,히키니쿠토코메 도산,4.5,352,다이닝바,압구정,서울특별시 강남구 선릉로155길 21 2층,점심 저녁 동일가 2 - 8만원,나다쩡,4.3 ,점심,2024.05.15,"캐치테이블 이용해서 가니 대기없이 바로 입장할 수 있었고 쾌적했어요! 그리고 직원분들이 센스있게 응대를 잘해주셔서 너무 좋았습니다. 맛은 굉장히 부드러운 타입의 함버그였고, 육즙이 촉촉하니 맛있었어요. 특별한 느낌까지는 아니어서 다양하게 토핑을 얹어먹는 맛이 있고 백김치가 진짜 굳굳!! 한번쯤 먹어보기 좋은 맛!  ","3,065"
62,히키니쿠토코메 도산,4.5,352,다이닝바,압구정,서울특별시 강남구 선릉로155길 21 2층,점심 저녁 동일가 2 - 8만원,륙구,4.8 ,,2024.04.19,웨이팅이 고통스럽지만  만족하고 나오실 겁니다.  ,"3,065"
63,히키니쿠토코메 도산,4.5,352,다이닝바,압구정,서울특별시 강남구 선릉로155길 21 2층,점심 저녁 동일가 2 - 8만원,이홍주ㅇ,5.0 ,점심,2024.05.05,너무 맛있었고 일본가게에 간 기분이였네요 ㅎㅎ  ,"3,065"
64,히키니쿠토코메 도산,4.5,352,다이닝바,압구정,서울특별시 강남구 선릉로155길 21 2층,점심 저녁 동일가 2 - 8만원,발랄한 맛사냥꾼_50774,5.0 ,저녁,2024.06.01,"시부야에서도 먹어보고 도산점 방문했습니다. 일본여행 온 것 같은 분위기 너무 좋구요! 시부야점 보다 쾌적합니다. 시부야점에서는 3덩이 나올때 마다 굽기가 다 달랐는데, 오히려 도산점이 함바그 굽기가 일정하게 나오더라구요! 구우시는 스킬이 최고👍 너무 촉촉하고 부드럽고 육즙이 터지다 못해 흐릅니다! 시부야점은 예약하기 너무 빡세니 경험해 보고 싶으시다면 도산점 방문 추천합니다👍  ","3,065"
65,히키니쿠토코메 도산,4.5,352,다이닝바,압구정,서울특별시 강남구 선릉로155길 21 2층,점심 저녁 동일가 2 - 8만원,Nora Kim,4.7 ,,2024.04.29,캐치테이블 예약이 10시라고 했다가 11시로 변경되면서 외국인들이랑 처음 온 우리는 마냥 기다리다가 안내가 없어서 우왕좌왕 하다가 예약 했습니다. 입구에서 명확한 안내가 없어서 많이 기다렸다가 입장했지만 음식은 시브야에서 먹었던 맛있는 느낌이였어요. 일본 현지에서 직접 오셔셔 배우시는 중인 것 같았고 현지 느낌으로 먹었습니다. 서울에서 느끼는 일본 음식 맛도 분위기도 좋습니다 ~   ,"3,065"
66,히키니쿠토코메 도산,4.5,352,다이닝바,압구정,서울특별시 강남구 선릉로155길 21 2층,점심 저녁 동일가 2 - 8만원,돈쓰는사람,5.0 ,,2024.04.22,"토요일 4시 30분쯤 도착해서 웨이팅 18번으로 등록했고 1시간 30분정도 기다렸어요 ! 도쿄에서 먹어보고 너무 만족했었는데 한국 매장도 역시 실망시키지 않네요 ,, ✨ 직원분들도 너무 친절하시고 맛있었어요 ! 아쉬운 점은 ,, 도쿄에선 1인 만엔으로 먹을 수 있었지만 가격이 꽤 비싸다는 점 🥹 금액적인 부담이 적다면 또 재방문 하고싶어요 -! 굿굿  ","3,065"
67,히키니쿠토코메 도산,4.5,352,다이닝바,압구정,서울특별시 강남구 선릉로155길 21 2층,점심 저녁 동일가 2 - 8만원,콩나물 마미,4.3 ,저녁,2024.07.01,아이 셋과 함께 5명 식구가 외식하러갔는데 5명이 나란히 앉는 것은 가게 방침상 안된다고 하셔서 5명이 앉는 자리가 있었는데요 못 앉게하시니 난감했어요 ㅠㆍㅠ 그것 빼고는 다 좋았어요  함박스테이크 정말 맛있어요 무항생제 한우라고 하니  더욱 좋네요  ,"3,065"
68,히키니쿠토코메 도산,4.5,352,다이닝바,압구정,서울특별시 강남구 선릉로155길 21 2층,점심 저녁 동일가 2 - 8만원,Mini Daisy,5.0 ,저녁,2024.05.27,"직원분들이 친절하시고 함박 육즙이 미쳤어요 ..🫠 3덩이 먹으면서 돈 아깝다는 생각 안 들었고 신선한 고기랑 따뜻한 밥을 오랜만에 먹으니까 힐링하는 기분 🥹 고기를 찍어먹는 소스들도 5~6 가지 종류라 질리지 않고 먹을 수 있는 느낌이 들었고, 가게 맞은 편이 난바 스낵이라는 가게라서 일본 느낌도 나서 좋았습니다 ! 😝  ","3,065"
69,히키니쿠토코메 도산,4.5,352,다이닝바,압구정,서울특별시 강남구 선릉로155길 21 2층,점심 저녁 동일가 2 - 8만원,월급통장,4.7 ,,2024.04.08,함바그 정식 깔끔하고 너무 맛있었어요. 갓 구운 함바그를 하나씩 구워주셔서 따뜻하게 먹었어요. 테이블서랍에 젓가락과 함께 함바그 먹는법과 시즈닝 반찬에 대한 설명이 있어서 다양하게 즐길 수 있었습니다. 함바그에 진심인 메뉴구성과 메뉴판과 키오스크 속 일러스트들이 아기자기해서 잠시 일본여행 온 듯한 기분이였어요.  ,"3,065"
70,히키니쿠토코메 도산,4.5,352,다이닝바,압구정,서울특별시 강남구 선릉로155길 21 2층,점심 저녁 동일가 2 - 8만원,깜찍한 미식가_67692,4.3 ,점심,2024.05.27,음식은 생각보다 간간해요 그래서인지 모든음식이 염분이 없는맛 육즙많은 함박스테이크 일본에서 먹던 와규의 불맛은 생각보다 덜 해서 아쉬웠어요  ㅡㅡ;; 직원분들은 친절하십니다 갈은무(다이콘오로시)는 정말 실망입니다  ,"3,065"
71,히키니쿠토코메 도산,4.5,352,다이닝바,압구정,서울특별시 강남구 선릉로155길 21 2층,점심 저녁 동일가 2 - 8만원,차니김,4.7 ,저녁,2024.06.19,"함바그스테이크가 개당 90그램, 3피스 나오고, 먹는 속도대로 하나씩 주심. 매우 맛있음. 서버분들 친절하신데 다소 설명을 다다다다다 하시는 경향이 있어서  처음인 분들이 알아듣기가 좋지는 않았네요.ㅎ 대충 알아서 먹으면 되긴해서 문제될 건 없습니다.^^ 아주 맛있었으므로 다시 방문할 예정입니다.  ","3,065"
72,히키니쿠토코메 도산,4.5,352,다이닝바,압구정,서울특별시 강남구 선릉로155길 21 2층,점심 저녁 동일가 2 - 8만원,빵지이빵,4.7 ,저녁,2024.06.11,"제 기준 함박스테이크는 3분요리밖에 없었지만, 이걸 먹어보고 모든 생각이 달라졌습니당 ㅎ 동선이 조금 불편하긴 하지만 그건 문제가 되지 않아요 왜냐하면 다섯덩이에 밥 리필한번 했을 정도로 (여자임) 많이 먹었거든요 아무말없이 남자친구랑 음미하느라 대화도 못할 정도였어요 또갈거에요 체고체고  ","3,065"
73,히키니쿠토코메 도산,4.5,352,다이닝바,압구정,서울특별시 강남구 선릉로155길 21 2층,점심 저녁 동일가 2 - 8만원,Claraaaa,4.7 ,저녁,2024.06.24,"3월에 남자친구랑 도쿄에서 맛있게 먹었는데, 한국에 들어왔다길래 다녀왔습니다 ! 분위기나 인테리어는 도쿄와 똑같았습니다 ㅎㅎㅎ  직원분들 너무 친절하시고 음식은 도쿄보다 한국이 더 맛있는거 같은 느낌이였어요 ^^!!  저는 이번주 일요일에 가족과 함께 재방문 예정입니다 ~~  ","3,065"
74,히키니쿠토코메 도산,4.5,352,다이닝바,압구정,서울특별시 강남구 선릉로155길 21 2층,점심 저녁 동일가 2 - 8만원,자룡쿤,5.0 ,점심,2024.05.04,캐치테이블로 예약해서 편하게 방문했어요 고기가 엄청 부드럽고 특히 쌀밥이 너무 맛있어서 두공기나 흡입했어요ㅎㅎ 이번주만 두번째인데 또 먹어도 맛있네요 직원분들 친절하시고 바로바로 음식이 나와서 아주 좋았어요 현장대기는 좀 오래 기다려야 하더라구요 미리 예약하고 방문하세요~  ,"3,065"
75,히키니쿠토코메 도산,4.5,352,다이닝바,압구정,서울특별시 강남구 선릉로155길 21 2층,점심 저녁 동일가 2 - 8만원,1na0,4.7 ,점심,2024.05.08,"인스타에서 반짝뜨는 음식점일줄 알았는데 생각이상으로 높은 퀄리티에 놀랐어요👍 취향에 맞춰 고를수 있는 소스와 잘지은 밥과 계란이 무제한 제공입니다 ㅎㅎ 눈앞에서 구워지는 함바그를 기다리는데 좀 고통스러웠지만, 먹기 시작하면 기다림의 고통은 잊게되는 맛집입니다  ","3,065"
76,히키니쿠토코메 도산,4.5,352,다이닝바,압구정,서울특별시 강남구 선릉로155길 21 2층,점심 저녁 동일가 2 - 8만원,다다S2,4.7 ,,2024.04.07,"드디어 한국상륙!  1. 웨이팅은 생각보단 길지 않았어요. 이제 막 오픈했으니 1시간 반 정도 웨이팅은 주변 즐기면서 할만 해요. 2. 웨이팅 방식은 고심해주시길 바래요. 매장 앞 기계에서만 웨이팅 접수할수있는데 매장 오르는 계단이 너무 가파릅니다. 1층에서 웨이팅 접수 or 어플 접수 가능하면 좋겠어요. 비오는날은 분명 아수라장 될것같네요 3. 웨이팅 후 10번 전, 5번 전에 알람이 온다고 안내되어있는데 알람 전혀 없었습니다. 생각보다 빠른 회전률때문에 급“매장방문하세요”알람 받고 뛰어갔어요. 다행히 알람 후 20분이라는 시간이 있었기에 취소 되기 전에 도착 4. 많은 손님들이 오시는만큼 여자화장실 관리는 좀 더 신경써주셨음 해요!  맛은 역시나 최고입니다. 이 웨이팅 시간과 꽤 비싼 가격을 생각해도 추천할만해요. 신사점도 오픈예정이라 들었어요. 여러 후기들 참고하셔서 번창하시길요!  ","3,065"
77,히키니쿠토코메 도산,4.5,352,다이닝바,압구정,서울특별시 강남구 선릉로155길 21 2층,점심 저녁 동일가 2 - 8만원,오하오하모하,4.7 ,점심,2024.06.18,함박을 숯에 구워 앞에 놔주시는데 향도 좋고 맛있어요. 좋은쌀로 짓는다는 밥도 넘 맛있어요. 부족한게 없는지 세심하게 신경써주시고 설명도 친절하게 해주셔서 좋았어요. 다만 분위기가 좀 번잡하고 좌석이 불편하고 연기도 자욱하고.. 공간은 조금 아쉬웠어요.  ,"3,065"
78,히키니쿠토코메 도산,4.5,352,다이닝바,압구정,서울특별시 강남구 선릉로155길 21 2층,점심 저녁 동일가 2 - 8만원,꿈꾸는 개척가_42150,4.7 ,점심,2024.05.31,맛있습니다. 숯불에 갓구운 함박에 육즙이 장난 아니네요. 직원분들도 모두 친절함이 몸에 배어있는게 느껴집니다. 소스나 먹는 방법 등이 잘 설명되어있는 종이가 자리마다 있어서 편리한것 같습니다. 정말 모든게 만족스러운 시간이었어요. 빨리 또 가고싶네요..  ,"3,065"
79,히키니쿠토코메 도산,4.5,352,다이닝바,압구정,서울특별시 강남구 선릉로155길 21 2층,점심 저녁 동일가 2 - 8만원,고래엄마,5.0 ,저녁,2024.06.30,저 진짜 할말을 잃었습니다.. 너무맛있어서.....!!!! 도쿄에 맛잇는 함박스테이크집보다 훨씬맛잇어요. 두세트 시켜서 저 두조각반 남편(대식가) 세조각반먹고 배터지고 나왔습니다.. 저희를 위해 정성스럽게 구워주셔서 감사합니다! 오래오래있어주세요~~!  ,"3,065"
80,히키니쿠토코메 도산,4.5,352,다이닝바,압구정,서울특별시 강남구 선릉로155길 21 2층,점심 저녁 동일가 2 - 8만원,검은달,5.0 ,저녁,2024.05.04,"최근 성수동 ㅇㅅ에 다녀와 비교가 됐습니다. 서비스 부분에서는 훨씬 훌륭했다고 생각합니다. 맛도 아주 훌륭했으나 아쉬운점은 계란 분리기가 없었던 것, 함바그 단일 메뉴였다는 점입니다. ㅇㅅ와 기본 함바그만 비교한다면 훨씬 훌륭한 곳이라 생각합니다  ","3,065"
81,히키니쿠토코메 도산,4.5,352,다이닝바,압구정,서울특별시 강남구 선릉로155길 21 2층,점심 저녁 동일가 2 - 8만원,쾌활한 셀럽_33113,3.7 ,저녁,2024.05.16,첫번째가 작년에 시부야히키니쿠이고 두번째가 도산이에요 거의 차이가없이 똑같고 맛도 거의같아요 밥찰기나 맛이 조금 다르고 미소시루가 조금다른것빼고는  거의 차이가 없다고보시면 될거같아요 아 그리거 고기익힘차이가 조금다른거같아요 일본히키니쿠가 조금더 익혀주시는거같아요  음…한번은 가보면 좋을거같은데..아주아주 꼭 가보세요는 아닌거같아요 일본에서도 한번가면 될집이라고 일본친구들도 말하는데 혹시 차이가있을까하고 가봤는데 정말 똑같아요 ㅋㅋ한국말로 주문하면 일어로 주문넣으시는데..꼭 저래야할까..싶기도한데 아마 일하는직원분들중에 일본분들이 있어서 그런가싶어요 조금 간질거리는느낌이 재밌긴했어요   ,"3,065"
82,히키니쿠토코메 도산,4.5,352,다이닝바,압구정,서울특별시 강남구 선릉로155길 21 2층,점심 저녁 동일가 2 - 8만원,규지니파파,5.0 ,저녁,2024.06.08,너무 맛나요 정말 정통 함바그중에서 젤 맛나요! 소스중에 데미그라나 타레류가 있으면 더 좋을듯 싶어요!  같은 시간대에 3~4팀이 겹치니 놀라지 마세요 ㅇㅅㅇ!!  더운날에 계단에서 대기하는건 생지옥이니 뭔가 조치좀 해주세요!!  ,"3,065"
83,히키니쿠토코메 도산,4.5,352,다이닝바,압구정,서울특별시 강남구 선릉로155길 21 2층,점심 저녁 동일가 2 - 8만원,르네킴,4.7 ,,2024.05.10,평일 점심이었는데도 웨이팅 한 시간 넘게 한 뒤에 입성.  소문대로 고기 육즙이 정말 촉촉하고 부드러워요.  밥도 맛있고요. 직원분들도 다 친절하시고요. 도쿄 유명 맛집이라고 하니 웨이팅해서 한 번 쯤 먹어볼 만 해요.    ,"3,065"
84,히키니쿠토코메 도산,4.5,352,다이닝바,압구정,서울특별시 강남구 선릉로155길 21 2층,점심 저녁 동일가 2 - 8만원,베트멍,4.7 ,저녁,2024.05.12,비록 소스 조절 뚜껑이 없고 옆자리 기름떨어진 연기가 저에게 다 오는 방향이었지만 그걸 뒤집을 만큼 맛이 있어용   또갈거 같아요 계란 어케 먹어야 맛있는지 설명이 좀더 있다면 좋겠어요. 밥에 계란 다비벼서 추가했네요 ㅠ  ,"3,065"
85,히키니쿠토코메 도산,4.5,352,다이닝바,압구정,서울특별시 강남구 선릉로155길 21 2층,점심 저녁 동일가 2 - 8만원,Ten,4.7 ,점심,2024.05.10,기대했던만큼 아주 감동적인 맛은 아니었지만 소스 구성이 다양해 이것저것 맛보는 재미가 있었고 함바그 육즙이 매우 인상깊었습니다! 바 테이블이라 데이트 장소로 추천드리고 생맥주 >ㅐ 맛있음 T.T 예약 꼭 하고 가셔용  ,"3,065"
86,히키니쿠토코메 도산,4.5,352,다이닝바,압구정,서울특별시 강남구 선릉로155길 21 2층,점심 저녁 동일가 2 - 8만원,말랑말랑피치,3.7 ,저녁,2024.05.31,일본 현지에 간 것만 같은 기분이 드는 식당이었습니다. 음식 맛이 참 좋았어요. 다만 사람이 많고 좌석 간격이 좁아서 식사를 할 때 살짝 불편한 감이 없지 않아 있습니다. 여하튼 맛있게 잘 먹었습니다.  ,"3,065"
87,히키니쿠토코메 도산,4.5,352,다이닝바,압구정,서울특별시 강남구 선릉로155길 21 2층,점심 저녁 동일가 2 - 8만원,자스민그린티,5.0 ,점심,2024.06.01,원래 함바그를 즐겨먹진 않는데 일본에서 엄청 인기있다고 해서 궁금해서 예약하고 방문했습니다. 바로 구워주는 함바그도 너무 맛있고 밥도 쌀이 좋은건지 맛있었어요 :) 다음에 또 방문하고 싶어요  ,"3,065"
88,히키니쿠토코메 도산,4.5,352,다이닝바,압구정,서울특별시 강남구 선릉로155길 21 2층,점심 저녁 동일가 2 - 8만원,함지지지,4.7 ,,2024.04.18,일본에 갔을때도 먹엇는데 맛이 똑같네여! 심지어 시부야점보다 분위기 좋고 깨끗하고 5시에 가면 사람 별로 없으니까 🤫✨️ 또 올게요🤫✨️ 행복한 혼밥이엇어영❤️  ,"3,065"
89,히키니쿠토코메 도산,4.5,352,다이닝바,압구정,서울특별시 강남구 선릉로155길 21 2층,점심 저녁 동일가 2 - 8만원,떠욤이V,5.0 ,저녁,2024.06.16,도쿄에서 먹고 기대하고 방문했는데 여전히 맛있습니다  분위기도 좋고 직원분들도 친절하세요! 다만 비싸서 자주는 못 갈 것 같네용 :) 잘 먹었습니다 ~~~~~!   ,"3,065"
90,히키니쿠토코메 도산,4.5,352,다이닝바,압구정,서울특별시 강남구 선릉로155길 21 2층,점심 저녁 동일가 2 - 8만원,아름다운 셀럽_19743,4.7 ,저녁,2024.06.30,즉석에서 하나씩 간격을 두고 구워주니 더 맛있네요. 하지만 예약을 하고 정시에 도착했음에도 불구하고 줄을 세워두고 기다리게 하는 부분은 개선이 필요합니다.  ,"3,065"
91,히키니쿠토코메 도산,4.5,352,다이닝바,압구정,서울특별시 강남구 선릉로155길 21 2층,점심 저녁 동일가 2 - 8만원,뚜링링링,5.0 ,점심,2024.05.11,"분위기, 맛, 서비스  모든게 좋았고 일본 사장님 너무 친절하셨어요!!😆 일본에서 갔던 히키니쿠토코메랑 맛도 분위기도 똑같아요!! 美味しかったです👍   ","3,065"
92,히키니쿠토코메 도산,4.5,352,다이닝바,압구정,서울특별시 강남구 선릉로155길 21 2층,점심 저녁 동일가 2 - 8만원,Soulkey,4.7 ,,2024.04.09,도쿄에서 웨이팅이 너무 길어서 자주 못가던 그 가게를 서울에서 갈 수 있다니 좋았습니다. 무엇보다 친절함이나 서비스 분위기는 정말 최고!!  ,"3,065"
93,히키니쿠토코메 도산,4.5,352,다이닝바,압구정,서울특별시 강남구 선릉로155길 21 2층,점심 저녁 동일가 2 - 8만원,민쑥이,5.0 ,,2024.04.07,진심 맛있다 육즙 좔좔 일본에서도 못먹었는데  한국입맛에 더 맞는  직원들도 친절하고 넘 좋음  빠른 웨이팅 마감으로 눈치작전 필수  ,"3,065"
94,히키니쿠토코메 도산,4.5,352,다이닝바,압구정,서울특별시 강남구 선릉로155길 21 2층,점심 저녁 동일가 2 - 8만원,윤니버스,4.7 ,점심,2024.05.23,"맛있네요~  일본까지가서 안기다려도 되고,  다만 부드러운 고기와 육즙이 2덩이째부터는 좀 힘드네요!  밥도 맛나고 리필가능해서 좋았어요 👌  ","3,065"
95,히키니쿠토코메 도산,4.5,352,다이닝바,압구정,서울특별시 강남구 선릉로155길 21 2층,점심 저녁 동일가 2 - 8만원,대왕나뇽,5.0 ,저녁,2024.05.18,너무 맛있어요! 함박 스테이크에 대한 고정관념을 완전 깨주었네요! 육즙도 많고 너무 촉촉한 함박 스테이크에요! 이제 다른 곳에서는 못 먹을듯!  ,"3,065"
96,히키니쿠토코메 도산,4.5,352,다이닝바,압구정,서울특별시 강남구 선릉로155길 21 2층,점심 저녁 동일가 2 - 8만원,KE HAN,5.0 ,저녁,2024.04.27,동경에서의 긴 웨이팅으로 맛보지 못한 프리미엄 함박스테이크를 압구정에서  만났네요.^^  맛도 최고!! 서비스도 감사!!  ,"3,065"
97,히키니쿠토코메 도산,4.5,352,다이닝바,압구정,서울특별시 강남구 선릉로155길 21 2층,점심 저녁 동일가 2 - 8만원,beetdori,5.0 ,점심,2024.05.19,너무너무 맛있었어요. 부드럽고 육즙이 나오는데 이렇게 맛있는 함박스테이크는 처음이에요.  나중에 한번 더 먹으러 가고싶어요. !!!!  ,"3,065"
98,히키니쿠토코메 도산,4.5,352,다이닝바,압구정,서울특별시 강남구 선릉로155길 21 2층,점심 저녁 동일가 2 - 8만원,즈후걸프라안,5.0 ,,2024.05.04,시부야점에서 처음먹고 한국에도 생긴다고 해서 냉큼 왔는데 일본에 있는것처럼 느끼고 먹을 수 있어서 너무 좋았어요  ,"3,065"
99,히키니쿠토코메 도산,4.5,352,다이닝바,압구정,서울특별시 강남구 선릉로155길 21 2층,점심 저녁 동일가 2 - 8만원,냠냠20,5.0 ,점심,2024.05.21,너무 맛있어요!!!!!! 입에서 녹는 촉촉한 식감에 곁들여 먹는 토핑도 다양하게 즐길수 있어서 세조각 순식간에 다 먹었어요.  ,"3,065"
100,우감만족,4.8,738,일식,압구정로데오,서울특별시 강남구 압구정로54길 26 1층,점심 저녁 동일가 2 - 3만원,밝은 마스터_50137,5.0 ,저녁,2024.06.26,일단 정말 너무 맛있었고 식사 속도도 잘 맞아서 좋았어요 부위별로 구워주실 때 마다 어떻게 먹으면 맛있는지 하나하나 다 자세히 설명해주시고 및반찬류도 직접 만드셔서 그런지 정말 맛있었어요!! 남편 생일이라 캐치테이블로 미리 예약하면서 기념일 케이크 선택했는데 바스크 치즈케이크도 다 방부제 없이 직접 만드시고 레시피 연구만 반년이 걸리셨다고 하시는데 정말 다른데서 먹어본 바스크 치즈케익이랑 뭔가 달라도 달랐어요 특별한날 너무 좋은 시간 맛있는 음식 좋은 추억 남길 수 있었습니다!  ,"9,999+"
101,우감만족,4.8,738,일식,압구정로데오,서울특별시 강남구 압구정로54길 26 1층,점심 저녁 동일가 2 - 3만원,루체쫑,5.0 ,점심,2024.05.18,"압구정로데오맛집 우감만족에서 B코스로 즐겨보고왔답니다. 첫 한우 카르파초에서부터 마지막 디저트 유자샤벳과 방울토마토 절임까지 완벽했어요!  한우오마카세를 직접 셰프님이 조리해주시는 과정과 친절한 설명을 들으며 즐길수 있는 곳이라 더욱 만족스러웠던 우감만족이였어요. 한우안심, 등심, 살치살, 제비추리, 차돌박이 다양한부위별 맛과 식감을 음미하며 천천히 즐길 수 있는 식사시간이여서 행복했어요.   다음 기념일에도 또 방문하고 싶어졌답니다.  ","9,999+"
102,우감만족,4.8,738,일식,압구정로데오,서울특별시 강남구 압구정로54길 26 1층,점심 저녁 동일가 2 - 3만원,NA,NA,NA,NA,NA,"9,999+"
103,우감만족,4.8,738,일식,압구정로데오,서울특별시 강남구 압구정로54길 26 1층,점심 저녁 동일가 2 - 3만원,NA,NA,NA,NA,NA,"9,999+"
104,우감만족,4.8,738,일식,압구정로데오,서울특별시 강남구 압구정로54길 26 1층,점심 저녁 동일가 2 - 3만원,NA,NA,NA,NA,NA,"9,999+"
105,우감만족,4.8,738,일식,압구정로데오,서울특별시 강남구 압구정로54길 26 1층,점심 저녁 동일가 2 - 3만원,NA,NA,NA,NA,NA,"9,999+"
106,우감만족,4.8,738,일식,압구정로데오,서울특별시 강남구 압구정로54길 26 1층,점심 저녁 동일가 2 - 3만원,NA,NA,NA,NA,NA,"9,999+"
107,우감만족,4.8,738,일식,압구정로데오,서울특별시 강남구 압구정로54길 26 1층,점심 저녁 동일가 2 - 3만원,NA,NA,NA,NA,NA,"9,999+"
108,우감만족,4.8,738,일식,압구정로데오,서울특별시 강남구 압구정로54길 26 1층,점심 저녁 동일가 2 - 3만원,NA,NA,NA,NA,NA,"9,999+"
109,우감만족,4.8,738,일식,압구정로데오,서울특별시 강남구 압구정로54길 26 1층,점심 저녁 동일가 2 - 3만원,NA,NA,NA,NA,NA,"9,999+"
110,우감만족,4.8,738,일식,압구정로데오,서울특별시 강남구 압구정로54길 26 1층,점심 저녁 동일가 2 - 3만원,NA,NA,NA,NA,NA,"9,999+"
111,우감만족,4.8,738,일식,압구정로데오,서울특별시 강남구 압구정로54길 26 1층,점심 저녁 동일가 2 - 3만원,NA,NA,NA,NA,NA,"9,999+"
112,우감만족,4.8,738,일식,압구정로데오,서울특별시 강남구 압구정로54길 26 1층,점심 저녁 동일가 2 - 3만원,NA,NA,NA,NA,NA,"9,999+"
113,우감만족,4.8,738,일식,압구정로데오,서울특별시 강남구 압구정로54길 26 1층,점심 저녁 동일가 2 - 3만원,NA,NA,NA,NA,NA,"9,999+"
114,우감만족,4.8,738,일식,압구정로데오,서울특별시 강남구 압구정로54길 26 1층,점심 저녁 동일가 2 - 3만원,NA,NA,NA,NA,NA,"9,999+"
115,우감만족,4.8,738,일식,압구정로데오,서울특별시 강남구 압구정로54길 26 1층,점심 저녁 동일가 2 - 3만원,NA,NA,NA,NA,NA,"9,999+"
116,우감만족,4.8,738,일식,압구정로데오,서울특별시 강남구 압구정로54길 26 1층,점심 저녁 동일가 2 - 3만원,NA,NA,NA,NA,NA,"9,999+"
117,우감만족,4.8,738,일식,압구정로데오,서울특별시 강남구 압구정로54길 26 1층,점심 저녁 동일가 2 - 3만원,NA,NA,NA,NA,NA,"9,999+"
118,우감만족,4.8,738,일식,압구정로데오,서울특별시 강남구 압구정로54길 26 1층,점심 저녁 동일가 2 - 3만원,NA,NA,NA,NA,NA,"9,999+"
119,우감만족,4.8,738,일식,압구정로데오,서울특별시 강남구 압구정로54길 26 1층,점심 저녁 동일가 2 - 3만원,NA,NA,NA,NA,NA,"9,999+"
120,우감만족,4.8,738,일식,압구정로데오,서울특별시 강남구 압구정로54길 26 1층,점심 저녁 동일가 2 - 3만원,NA,NA,NA,NA,NA,"9,999+"
121,우감만족,4.8,738,일식,압구정로데오,서울특별시 강남구 압구정로54길 26 1층,점심 저녁 동일가 2 - 3만원,NA,NA,NA,NA,NA,"9,999+"
122,우감만족,4.8,738,일식,압구정로데오,서울특별시 강남구 압구정로54길 26 1층,점심 저녁 동일가 2 - 3만원,NA,NA,NA,NA,NA,"9,999+"
123,우감만족,4.8,738,일식,압구정로데오,서울특별시 강남구 압구정로54길 26 1층,점심 저녁 동일가 2 - 3만원,NA,NA,NA,NA,NA,"9,999+"
124,우감만족,4.8,738,일식,압구정로데오,서울특별시 강남구 압구정로54길 26 1층,점심 저녁 동일가 2 - 3만원,NA,NA,NA,NA,NA,"9,999+"
125,우감만족,4.8,738,일식,압구정로데오,서울특별시 강남구 압구정로54길 26 1층,점심 저녁 동일가 2 - 3만원,NA,NA,NA,NA,NA,"9,999+"
126,우감만족,4.8,738,일식,압구정로데오,서울특별시 강남구 압구정로54길 26 1층,점심 저녁 동일가 2 - 3만원,NA,NA,NA,NA,NA,"9,999+"
127,우감만족,4.8,738,일식,압구정로데오,서울특별시 강남구 압구정로54길 26 1층,점심 저녁 동일가 2 - 3만원,NA,NA,NA,NA,NA,"9,999+"
128,우감만족,4.8,738,일식,압구정로데오,서울특별시 강남구 압구정로54길 26 1층,점심 저녁 동일가 2 - 3만원,NA,NA,NA,NA,NA,"9,999+"
129,우감만족,4.8,738,일식,압구정로데오,서울특별시 강남구 압구정로54길 26 1층,점심 저녁 동일가 2 - 3만원,NA,NA,NA,NA,NA,"9,999+"
130,우감만족,4.8,738,일식,압구정로데오,서울특별시 강남구 압구정로54길 26 1층,점심 저녁 동일가 2 - 3만원,NA,NA,NA,NA,NA,"9,999+"
131,우감만족,4.8,738,일식,압구정로데오,서울특별시 강남구 압구정로54길 26 1층,점심 저녁 동일가 2 - 3만원,NA,NA,NA,NA,NA,"9,999+"
132,우감만족,4.8,738,일식,압구정로데오,서울특별시 강남구 압구정로54길 26 1층,점심 저녁 동일가 2 - 3만원,NA,NA,NA,NA,NA,"9,999+"
133,우감만족,4.8,738,일식,압구정로데오,서울특별시 강남구 압구정로54길 26 1층,점심 저녁 동일가 2 - 3만원,NA,NA,NA,NA,NA,"9,999+"
134,우감만족,4.8,738,일식,압구정로데오,서울특별시 강남구 압구정로54길 26 1층,점심 저녁 동일가 2 - 3만원,NA,NA,NA,NA,NA,"9,999+"
135,우감만족,4.8,738,일식,압구정로데오,서울특별시 강남구 압구정로54길 26 1층,점심 저녁 동일가 2 - 3만원,NA,NA,NA,NA,NA,"9,999+"
136,우감만족,4.8,738,일식,압구정로데오,서울특별시 강남구 압구정로54길 26 1층,점심 저녁 동일가 2 - 3만원,NA,NA,NA,NA,NA,"9,999+"
137,우감만족,4.8,738,일식,압구정로데오,서울특별시 강남구 압구정로54길 26 1층,점심 저녁 동일가 2 - 3만원,NA,NA,NA,NA,NA,"9,999+"
138,우감만족,4.8,738,일식,압구정로데오,서울특별시 강남구 압구정로54길 26 1층,점심 저녁 동일가 2 - 3만원,NA,NA,NA,NA,NA,"9,999+"
139,우감만족,4.8,738,일식,압구정로데오,서울특별시 강남구 압구정로54길 26 1층,점심 저녁 동일가 2 - 3만원,NA,NA,NA,NA,NA,"9,999+"
140,우감만족,4.8,738,일식,압구정로데오,서울특별시 강남구 압구정로54길 26 1층,점심 저녁 동일가 2 - 3만원,NA,NA,NA,NA,NA,"9,999+"
141,우감만족,4.8,738,일식,압구정로데오,서울특별시 강남구 압구정로54길 26 1층,점심 저녁 동일가 2 - 3만원,NA,NA,NA,NA,NA,"9,999+"
142,우감만족,4.8,738,일식,압구정로데오,서울특별시 강남구 압구정로54길 26 1층,점심 저녁 동일가 2 - 3만원,NA,NA,NA,NA,NA,"9,999+"
143,우감만족,4.8,738,일식,압구정로데오,서울특별시 강남구 압구정로54길 26 1층,점심 저녁 동일가 2 - 3만원,NA,NA,NA,NA,NA,"9,999+"
144,우감만족,4.8,738,일식,압구정로데오,서울특별시 강남구 압구정로54길 26 1층,점심 저녁 동일가 2 - 3만원,NA,NA,NA,NA,NA,"9,999+"
145,우감만족,4.8,738,일식,압구정로데오,서울특별시 강남구 압구정로54길 26 1층,점심 저녁 동일가 2 - 3만원,NA,NA,NA,NA,NA,"9,999+"
146,우감만족,4.8,738,일식,압구정로데오,서울특별시 강남구 압구정로54길 26 1층,점심 저녁 동일가 2 - 3만원,NA,NA,NA,NA,NA,"9,999+"
147,우감만족,4.8,738,일식,압구정로데오,서울특별시 강남구 압구정로54길 26 1층,점심 저녁 동일가 2 - 3만원,NA,NA,NA,NA,NA,"9,999+"
148,우감만족,4.8,738,일식,압구정로데오,서울특별시 강남구 압구정로54길 26 1층,점심 저녁 동일가 2 - 3만원,NA,NA,NA,NA,NA,"9,999+"
149,우감만족,4.8,738,일식,압구정로데오,서울특별시 강남구 압구정로54길 26 1층,점심 저녁 동일가 2 - 3만원,NA,NA,NA,NA,NA,"9,999+"
150,우감만족,4.8,738,일식,압구정로데오,서울특별시 강남구 압구정로54길 26 1층,점심 저녁 동일가 2 - 3만원,NA,NA,NA,NA,NA,"9,999+"
151,우감만족,4.8,738,일식,압구정로데오,서울특별시 강남구 압구정로54길 26 1층,점심 저녁 동일가 2 - 3만원,NA,NA,NA,NA,NA,"9,999+"
152,우감만족,4.8,738,일식,압구정로데오,서울특별시 강남구 압구정로54길 26 1층,점심 저녁 동일가 2 - 3만원,NA,NA,NA,NA,NA,"9,999+"
153,우감만족,4.8,738,일식,압구정로데오,서울특별시 강남구 압구정로54길 26 1층,점심 저녁 동일가 2 - 3만원,NA,NA,NA,NA,NA,"9,999+"
154,우감만족,4.8,738,일식,압구정로데오,서울특별시 강남구 압구정로54길 26 1층,점심 저녁 동일가 2 - 3만원,NA,NA,NA,NA,NA,"9,999+"
155,우감만족,4.8,738,일식,압구정로데오,서울특별시 강남구 압구정로54길 26 1층,점심 저녁 동일가 2 - 3만원,NA,NA,NA,NA,NA,"9,999+"
156,우감만족,4.8,738,일식,압구정로데오,서울특별시 강남구 압구정로54길 26 1층,점심 저녁 동일가 2 - 3만원,NA,NA,NA,NA,NA,"9,999+"
157,우감만족,4.8,738,일식,압구정로데오,서울특별시 강남구 압구정로54길 26 1층,점심 저녁 동일가 2 - 3만원,NA,NA,NA,NA,NA,"9,999+"
158,우감만족,4.8,738,일식,압구정로데오,서울특별시 강남구 압구정로54길 26 1층,점심 저녁 동일가 2 - 3만원,NA,NA,NA,NA,NA,"9,999+"
159,우감만족,4.8,738,일식,압구정로데오,서울특별시 강남구 압구정로54길 26 1층,점심 저녁 동일가 2 - 3만원,NA,NA,NA,NA,NA,"9,999+"
160,우감만족,4.8,738,일식,압구정로데오,서울특별시 강남구 압구정로54길 26 1층,점심 저녁 동일가 2 - 3만원,NA,NA,NA,NA,NA,"9,999+"
161,우감만족,4.8,738,일식,압구정로데오,서울특별시 강남구 압구정로54길 26 1층,점심 저녁 동일가 2 - 3만원,NA,NA,NA,NA,NA,"9,999+"
162,우감만족,4.8,738,일식,압구정로데오,서울특별시 강남구 압구정로54길 26 1층,점심 저녁 동일가 2 - 3만원,NA,NA,NA,NA,NA,"9,999+"
163,우감만족,4.8,738,일식,압구정로데오,서울특별시 강남구 압구정로54길 26 1층,점심 저녁 동일가 2 - 3만원,NA,NA,NA,NA,NA,"9,999+"
164,우감만족,4.8,738,일식,압구정로데오,서울특별시 강남구 압구정로54길 26 1층,점심 저녁 동일가 2 - 3만원,NA,NA,NA,NA,NA,"9,999+"
165,우감만족,4.8,738,일식,압구정로데오,서울특별시 강남구 압구정로54길 26 1층,점심 저녁 동일가 2 - 3만원,NA,NA,NA,NA,NA,"9,999+"
166,우감만족,4.8,738,일식,압구정로데오,서울특별시 강남구 압구정로54길 26 1층,점심 저녁 동일가 2 - 3만원,NA,NA,NA,NA,NA,"9,999+"
167,우감만족,4.8,738,일식,압구정로데오,서울특별시 강남구 압구정로54길 26 1층,점심 저녁 동일가 2 - 3만원,NA,NA,NA,NA,NA,"9,999+"
168,우감만족,4.8,738,일식,압구정로데오,서울특별시 강남구 압구정로54길 26 1층,점심 저녁 동일가 2 - 3만원,NA,NA,NA,NA,NA,"9,999+"
169,우감만족,4.8,738,일식,압구정로데오,서울특별시 강남구 압구정로54길 26 1층,점심 저녁 동일가 2 - 3만원,NA,NA,NA,NA,NA,"9,999+"
170,우감만족,4.8,738,일식,압구정로데오,서울특별시 강남구 압구정로54길 26 1층,점심 저녁 동일가 2 - 3만원,NA,NA,NA,NA,NA,"9,999+"
171,우감만족,4.8,738,일식,압구정로데오,서울특별시 강남구 압구정로54길 26 1층,점심 저녁 동일가 2 - 3만원,NA,NA,NA,NA,NA,"9,999+"
172,우감만족,4.8,738,일식,압구정로데오,서울특별시 강남구 압구정로54길 26 1층,점심 저녁 동일가 2 - 3만원,NA,NA,NA,NA,NA,"9,999+"
173,우감만족,4.8,738,일식,압구정로데오,서울특별시 강남구 압구정로54길 26 1층,점심 저녁 동일가 2 - 3만원,NA,NA,NA,NA,NA,"9,999+"
174,우감만족,4.8,738,일식,압구정로데오,서울특별시 강남구 압구정로54길 26 1층,점심 저녁 동일가 2 - 3만원,NA,NA,NA,NA,NA,"9,999+"
175,우감만족,4.8,738,일식,압구정로데오,서울특별시 강남구 압구정로54길 26 1층,점심 저녁 동일가 2 - 3만원,NA,NA,NA,NA,NA,"9,999+"
176,우감만족,4.8,738,일식,압구정로데오,서울특별시 강남구 압구정로54길 26 1층,점심 저녁 동일가 2 - 3만원,NA,NA,NA,NA,NA,"9,999+"
177,우감만족,4.8,738,일식,압구정로데오,서울특별시 강남구 압구정로54길 26 1층,점심 저녁 동일가 2 - 3만원,NA,NA,NA,NA,NA,"9,999+"
178,우감만족,4.8,738,일식,압구정로데오,서울특별시 강남구 압구정로54길 26 1층,점심 저녁 동일가 2 - 3만원,NA,NA,NA,NA,NA,"9,999+"
179,우감만족,4.8,738,일식,압구정로데오,서울특별시 강남구 압구정로54길 26 1층,점심 저녁 동일가 2 - 3만원,NA,NA,NA,NA,NA,"9,999+"
180,우감만족,4.8,738,일식,압구정로데오,서울특별시 강남구 압구정로54길 26 1층,점심 저녁 동일가 2 - 3만원,NA,NA,NA,NA,NA,"9,999+"
181,우감만족,4.8,738,일식,압구정로데오,서울특별시 강남구 압구정로54길 26 1층,점심 저녁 동일가 2 - 3만원,NA,NA,NA,NA,NA,"9,999+"
182,우감만족,4.8,738,일식,압구정로데오,서울특별시 강남구 압구정로54길 26 1층,점심 저녁 동일가 2 - 3만원,NA,NA,NA,NA,NA,"9,999+"
183,우감만족,4.8,738,일식,압구정로데오,서울특별시 강남구 압구정로54길 26 1층,점심 저녁 동일가 2 - 3만원,NA,NA,NA,NA,NA,"9,999+"
184,우감만족,4.8,738,일식,압구정로데오,서울특별시 강남구 압구정로54길 26 1층,점심 저녁 동일가 2 - 3만원,NA,NA,NA,NA,NA,"9,999+"
185,우감만족,4.8,738,일식,압구정로데오,서울특별시 강남구 압구정로54길 26 1층,점심 저녁 동일가 2 - 3만원,NA,NA,NA,NA,NA,"9,999+"
186,우감만족,4.8,738,일식,압구정로데오,서울특별시 강남구 압구정로54길 26 1층,점심 저녁 동일가 2 - 3만원,NA,NA,NA,NA,NA,"9,999+"
187,우감만족,4.8,738,일식,압구정로데오,서울특별시 강남구 압구정로54길 26 1층,점심 저녁 동일가 2 - 3만원,NA,NA,NA,NA,NA,"9,999+"
188,우감만족,4.8,738,일식,압구정로데오,서울특별시 강남구 압구정로54길 26 1층,점심 저녁 동일가 2 - 3만원,NA,NA,NA,NA,NA,"9,999+"
189,우감만족,4.8,738,일식,압구정로데오,서울특별시 강남구 압구정로54길 26 1층,점심 저녁 동일가 2 - 3만원,NA,NA,NA,NA,NA,"9,999+"
190,우감만족,4.8,738,일식,압구정로데오,서울특별시 강남구 압구정로54길 26 1층,점심 저녁 동일가 2 - 3만원,NA,NA,NA,NA,NA,"9,999+"
191,우감만족,4.8,738,일식,압구정로데오,서울특별시 강남구 압구정로54길 26 1층,점심 저녁 동일가 2 - 3만원,NA,NA,NA,NA,NA,"9,999+"
192,우감만족,4.8,738,일식,압구정로데오,서울특별시 강남구 압구정로54길 26 1층,점심 저녁 동일가 2 - 3만원,NA,NA,NA,NA,NA,"9,999+"
193,우감만족,4.8,738,일식,압구정로데오,서울특별시 강남구 압구정로54길 26 1층,점심 저녁 동일가 2 - 3만원,NA,NA,NA,NA,NA,"9,999+"
194,우감만족,4.8,738,일식,압구정로데오,서울특별시 강남구 압구정로54길 26 1층,점심 저녁 동일가 2 - 3만원,NA,NA,NA,NA,NA,"9,999+"
195,우감만족,4.8,738,일식,압구정로데오,서울특별시 강남구 압구정로54길 26 1층,점심 저녁 동일가 2 - 3만원,NA,NA,NA,NA,NA,"9,999+"
196,우감만족,4.8,738,일식,압구정로데오,서울특별시 강남구 압구정로54길 26 1층,점심 저녁 동일가 2 - 3만원,NA,NA,NA,NA,NA,"9,999+"
197,우감만족,4.8,738,일식,압구정로데오,서울특별시 강남구 압구정로54길 26 1층,점심 저녁 동일가 2 - 3만원,NA,NA,NA,NA,NA,"9,999+"
198,우감만족,4.8,738,일식,압구정로데오,서울특별시 강남구 압구정로54길 26 1층,점심 저녁 동일가 2 - 3만원,NA,NA,NA,NA,NA,"9,999+"
199,우감만족,4.8,738,일식,압구정로데오,서울특별시 강남구 압구정로54길 26 1층,점심 저녁 동일가 2 - 3만원,NA,NA,NA,NA,NA,"9,999+"
200,아베크 청담,4.6,532,소고기구이,압구정로데오,서울특별시 강남구 선릉로 823,점심 저녁 동일가 3 - 4만원,야채빵야채,4.7 ,점심,2024.06.24,음식이 맛있어요! 분위기가 좋은 곳이지 맛은 그냥 그렇지 않을까 생각하면서 갔는데 생각보다 너무 맛있었습니다. 뇨끼의 두께가 적당하다고 느껴졌고 우니 파스타도 그렇게 느끼하지않고 남기지 않고 다 먹었어요. 팬이 열유지가 잘되서 라자냐가 금방 식지 않아서 좋았습니다. 임산부라고 마지막에 디저트 챙겨주셔서 잘 먹었습니다. 너무너무 친절하시고 담요도 챙겨주시고 여러모로 맘에 쏙 든 곳이었습니다!  ,"6,731"
201,아베크 청담,4.6,532,소고기구이,압구정로데오,서울특별시 강남구 선릉로 823,점심 저녁 동일가 3 - 4만원,유정920,5.0 ,점심,2024.05.14,오랜만에 지인을 만나기로 해서 신경써서 예약한 곳인데 분위기도 좋고 음식도 맛있어서 행복한 브런치 타임 했어요. 식사 후에 후식으로 바스크 치즈 케이크 시켜서 커피 타임도 했는데 치케에 바닐라빈 가득 들어있어 향도 진하고 촉촉해요. 굿 👍  ,"6,731"
202,아베크 청담,4.6,532,소고기구이,압구정로데오,서울특별시 강남구 선릉로 823,점심 저녁 동일가 3 - 4만원,NA,NA,NA,NA,NA,"6,731"
203,아베크 청담,4.6,532,소고기구이,압구정로데오,서울특별시 강남구 선릉로 823,점심 저녁 동일가 3 - 4만원,NA,NA,NA,NA,NA,"6,731"
204,아베크 청담,4.6,532,소고기구이,압구정로데오,서울특별시 강남구 선릉로 823,점심 저녁 동일가 3 - 4만원,NA,NA,NA,NA,NA,"6,731"
205,아베크 청담,4.6,532,소고기구이,압구정로데오,서울특별시 강남구 선릉로 823,점심 저녁 동일가 3 - 4만원,NA,NA,NA,NA,NA,"6,731"
206,아베크 청담,4.6,532,소고기구이,압구정로데오,서울특별시 강남구 선릉로 823,점심 저녁 동일가 3 - 4만원,NA,NA,NA,NA,NA,"6,731"
207,아베크 청담,4.6,532,소고기구이,압구정로데오,서울특별시 강남구 선릉로 823,점심 저녁 동일가 3 - 4만원,NA,NA,NA,NA,NA,"6,731"
208,아베크 청담,4.6,532,소고기구이,압구정로데오,서울특별시 강남구 선릉로 823,점심 저녁 동일가 3 - 4만원,NA,NA,NA,NA,NA,"6,731"
209,아베크 청담,4.6,532,소고기구이,압구정로데오,서울특별시 강남구 선릉로 823,점심 저녁 동일가 3 - 4만원,NA,NA,NA,NA,NA,"6,731"
210,아베크 청담,4.6,532,소고기구이,압구정로데오,서울특별시 강남구 선릉로 823,점심 저녁 동일가 3 - 4만원,NA,NA,NA,NA,NA,"6,731"
211,아베크 청담,4.6,532,소고기구이,압구정로데오,서울특별시 강남구 선릉로 823,점심 저녁 동일가 3 - 4만원,NA,NA,NA,NA,NA,"6,731"
212,아베크 청담,4.6,532,소고기구이,압구정로데오,서울특별시 강남구 선릉로 823,점심 저녁 동일가 3 - 4만원,NA,NA,NA,NA,NA,"6,731"
213,아베크 청담,4.6,532,소고기구이,압구정로데오,서울특별시 강남구 선릉로 823,점심 저녁 동일가 3 - 4만원,NA,NA,NA,NA,NA,"6,731"
214,아베크 청담,4.6,532,소고기구이,압구정로데오,서울특별시 강남구 선릉로 823,점심 저녁 동일가 3 - 4만원,NA,NA,NA,NA,NA,"6,731"
215,아베크 청담,4.6,532,소고기구이,압구정로데오,서울특별시 강남구 선릉로 823,점심 저녁 동일가 3 - 4만원,NA,NA,NA,NA,NA,"6,731"
216,아베크 청담,4.6,532,소고기구이,압구정로데오,서울특별시 강남구 선릉로 823,점심 저녁 동일가 3 - 4만원,NA,NA,NA,NA,NA,"6,731"
217,아베크 청담,4.6,532,소고기구이,압구정로데오,서울특별시 강남구 선릉로 823,점심 저녁 동일가 3 - 4만원,NA,NA,NA,NA,NA,"6,731"
218,아베크 청담,4.6,532,소고기구이,압구정로데오,서울특별시 강남구 선릉로 823,점심 저녁 동일가 3 - 4만원,NA,NA,NA,NA,NA,"6,731"
219,아베크 청담,4.6,532,소고기구이,압구정로데오,서울특별시 강남구 선릉로 823,점심 저녁 동일가 3 - 4만원,NA,NA,NA,NA,NA,"6,731"
220,아베크 청담,4.6,532,소고기구이,압구정로데오,서울특별시 강남구 선릉로 823,점심 저녁 동일가 3 - 4만원,NA,NA,NA,NA,NA,"6,731"
221,아베크 청담,4.6,532,소고기구이,압구정로데오,서울특별시 강남구 선릉로 823,점심 저녁 동일가 3 - 4만원,NA,NA,NA,NA,NA,"6,731"
222,아베크 청담,4.6,532,소고기구이,압구정로데오,서울특별시 강남구 선릉로 823,점심 저녁 동일가 3 - 4만원,NA,NA,NA,NA,NA,"6,731"
223,아베크 청담,4.6,532,소고기구이,압구정로데오,서울특별시 강남구 선릉로 823,점심 저녁 동일가 3 - 4만원,NA,NA,NA,NA,NA,"6,731"
224,아베크 청담,4.6,532,소고기구이,압구정로데오,서울특별시 강남구 선릉로 823,점심 저녁 동일가 3 - 4만원,NA,NA,NA,NA,NA,"6,731"
225,아베크 청담,4.6,532,소고기구이,압구정로데오,서울특별시 강남구 선릉로 823,점심 저녁 동일가 3 - 4만원,NA,NA,NA,NA,NA,"6,731"
226,아베크 청담,4.6,532,소고기구이,압구정로데오,서울특별시 강남구 선릉로 823,점심 저녁 동일가 3 - 4만원,NA,NA,NA,NA,NA,"6,731"
227,아베크 청담,4.6,532,소고기구이,압구정로데오,서울특별시 강남구 선릉로 823,점심 저녁 동일가 3 - 4만원,NA,NA,NA,NA,NA,"6,731"
228,아베크 청담,4.6,532,소고기구이,압구정로데오,서울특별시 강남구 선릉로 823,점심 저녁 동일가 3 - 4만원,NA,NA,NA,NA,NA,"6,731"
229,아베크 청담,4.6,532,소고기구이,압구정로데오,서울특별시 강남구 선릉로 823,점심 저녁 동일가 3 - 4만원,NA,NA,NA,NA,NA,"6,731"
230,아베크 청담,4.6,532,소고기구이,압구정로데오,서울특별시 강남구 선릉로 823,점심 저녁 동일가 3 - 4만원,NA,NA,NA,NA,NA,"6,731"
231,아베크 청담,4.6,532,소고기구이,압구정로데오,서울특별시 강남구 선릉로 823,점심 저녁 동일가 3 - 4만원,NA,NA,NA,NA,NA,"6,731"
232,아베크 청담,4.6,532,소고기구이,압구정로데오,서울특별시 강남구 선릉로 823,점심 저녁 동일가 3 - 4만원,NA,NA,NA,NA,NA,"6,731"
233,아베크 청담,4.6,532,소고기구이,압구정로데오,서울특별시 강남구 선릉로 823,점심 저녁 동일가 3 - 4만원,NA,NA,NA,NA,NA,"6,731"
234,아베크 청담,4.6,532,소고기구이,압구정로데오,서울특별시 강남구 선릉로 823,점심 저녁 동일가 3 - 4만원,NA,NA,NA,NA,NA,"6,731"
235,아베크 청담,4.6,532,소고기구이,압구정로데오,서울특별시 강남구 선릉로 823,점심 저녁 동일가 3 - 4만원,NA,NA,NA,NA,NA,"6,731"
236,아베크 청담,4.6,532,소고기구이,압구정로데오,서울특별시 강남구 선릉로 823,점심 저녁 동일가 3 - 4만원,NA,NA,NA,NA,NA,"6,731"
237,아베크 청담,4.6,532,소고기구이,압구정로데오,서울특별시 강남구 선릉로 823,점심 저녁 동일가 3 - 4만원,NA,NA,NA,NA,NA,"6,731"
238,아베크 청담,4.6,532,소고기구이,압구정로데오,서울특별시 강남구 선릉로 823,점심 저녁 동일가 3 - 4만원,NA,NA,NA,NA,NA,"6,731"
239,아베크 청담,4.6,532,소고기구이,압구정로데오,서울특별시 강남구 선릉로 823,점심 저녁 동일가 3 - 4만원,NA,NA,NA,NA,NA,"6,731"
240,아베크 청담,4.6,532,소고기구이,압구정로데오,서울특별시 강남구 선릉로 823,점심 저녁 동일가 3 - 4만원,NA,NA,NA,NA,NA,"6,731"
241,아베크 청담,4.6,532,소고기구이,압구정로데오,서울특별시 강남구 선릉로 823,점심 저녁 동일가 3 - 4만원,NA,NA,NA,NA,NA,"6,731"
242,아베크 청담,4.6,532,소고기구이,압구정로데오,서울특별시 강남구 선릉로 823,점심 저녁 동일가 3 - 4만원,NA,NA,NA,NA,NA,"6,731"
243,아베크 청담,4.6,532,소고기구이,압구정로데오,서울특별시 강남구 선릉로 823,점심 저녁 동일가 3 - 4만원,NA,NA,NA,NA,NA,"6,731"
244,아베크 청담,4.6,532,소고기구이,압구정로데오,서울특별시 강남구 선릉로 823,점심 저녁 동일가 3 - 4만원,NA,NA,NA,NA,NA,"6,731"
245,아베크 청담,4.6,532,소고기구이,압구정로데오,서울특별시 강남구 선릉로 823,점심 저녁 동일가 3 - 4만원,NA,NA,NA,NA,NA,"6,731"
246,아베크 청담,4.6,532,소고기구이,압구정로데오,서울특별시 강남구 선릉로 823,점심 저녁 동일가 3 - 4만원,NA,NA,NA,NA,NA,"6,731"
247,아베크 청담,4.6,532,소고기구이,압구정로데오,서울특별시 강남구 선릉로 823,점심 저녁 동일가 3 - 4만원,NA,NA,NA,NA,NA,"6,731"
248,아베크 청담,4.6,532,소고기구이,압구정로데오,서울특별시 강남구 선릉로 823,점심 저녁 동일가 3 - 4만원,NA,NA,NA,NA,NA,"6,731"
249,아베크 청담,4.6,532,소고기구이,압구정로데오,서울특별시 강남구 선릉로 823,점심 저녁 동일가 3 - 4만원,NA,NA,NA,NA,NA,"6,731"
250,아베크 청담,4.6,532,소고기구이,압구정로데오,서울특별시 강남구 선릉로 823,점심 저녁 동일가 3 - 4만원,NA,NA,NA,NA,NA,"6,731"
251,아베크 청담,4.6,532,소고기구이,압구정로데오,서울특별시 강남구 선릉로 823,점심 저녁 동일가 3 - 4만원,NA,NA,NA,NA,NA,"6,731"
252,아베크 청담,4.6,532,소고기구이,압구정로데오,서울특별시 강남구 선릉로 823,점심 저녁 동일가 3 - 4만원,NA,NA,NA,NA,NA,"6,731"
253,아베크 청담,4.6,532,소고기구이,압구정로데오,서울특별시 강남구 선릉로 823,점심 저녁 동일가 3 - 4만원,NA,NA,NA,NA,NA,"6,731"
254,아베크 청담,4.6,532,소고기구이,압구정로데오,서울특별시 강남구 선릉로 823,점심 저녁 동일가 3 - 4만원,NA,NA,NA,NA,NA,"6,731"
255,아베크 청담,4.6,532,소고기구이,압구정로데오,서울특별시 강남구 선릉로 823,점심 저녁 동일가 3 - 4만원,NA,NA,NA,NA,NA,"6,731"
256,아베크 청담,4.6,532,소고기구이,압구정로데오,서울특별시 강남구 선릉로 823,점심 저녁 동일가 3 - 4만원,NA,NA,NA,NA,NA,"6,731"
257,아베크 청담,4.6,532,소고기구이,압구정로데오,서울특별시 강남구 선릉로 823,점심 저녁 동일가 3 - 4만원,NA,NA,NA,NA,NA,"6,731"
258,아베크 청담,4.6,532,소고기구이,압구정로데오,서울특별시 강남구 선릉로 823,점심 저녁 동일가 3 - 4만원,NA,NA,NA,NA,NA,"6,731"
259,아베크 청담,4.6,532,소고기구이,압구정로데오,서울특별시 강남구 선릉로 823,점심 저녁 동일가 3 - 4만원,NA,NA,NA,NA,NA,"6,731"
260,아베크 청담,4.6,532,소고기구이,압구정로데오,서울특별시 강남구 선릉로 823,점심 저녁 동일가 3 - 4만원,NA,NA,NA,NA,NA,"6,731"
261,아베크 청담,4.6,532,소고기구이,압구정로데오,서울특별시 강남구 선릉로 823,점심 저녁 동일가 3 - 4만원,NA,NA,NA,NA,NA,"6,731"
262,아베크 청담,4.6,532,소고기구이,압구정로데오,서울특별시 강남구 선릉로 823,점심 저녁 동일가 3 - 4만원,NA,NA,NA,NA,NA,"6,731"
263,아베크 청담,4.6,532,소고기구이,압구정로데오,서울특별시 강남구 선릉로 823,점심 저녁 동일가 3 - 4만원,NA,NA,NA,NA,NA,"6,731"
264,아베크 청담,4.6,532,소고기구이,압구정로데오,서울특별시 강남구 선릉로 823,점심 저녁 동일가 3 - 4만원,NA,NA,NA,NA,NA,"6,731"
265,아베크 청담,4.6,532,소고기구이,압구정로데오,서울특별시 강남구 선릉로 823,점심 저녁 동일가 3 - 4만원,NA,NA,NA,NA,NA,"6,731"
266,아베크 청담,4.6,532,소고기구이,압구정로데오,서울특별시 강남구 선릉로 823,점심 저녁 동일가 3 - 4만원,NA,NA,NA,NA,NA,"6,731"
267,아베크 청담,4.6,532,소고기구이,압구정로데오,서울특별시 강남구 선릉로 823,점심 저녁 동일가 3 - 4만원,NA,NA,NA,NA,NA,"6,731"
268,아베크 청담,4.6,532,소고기구이,압구정로데오,서울특별시 강남구 선릉로 823,점심 저녁 동일가 3 - 4만원,NA,NA,NA,NA,NA,"6,731"
269,아베크 청담,4.6,532,소고기구이,압구정로데오,서울특별시 강남구 선릉로 823,점심 저녁 동일가 3 - 4만원,NA,NA,NA,NA,NA,"6,731"
270,아베크 청담,4.6,532,소고기구이,압구정로데오,서울특별시 강남구 선릉로 823,점심 저녁 동일가 3 - 4만원,NA,NA,NA,NA,NA,"6,731"
271,아베크 청담,4.6,532,소고기구이,압구정로데오,서울특별시 강남구 선릉로 823,점심 저녁 동일가 3 - 4만원,NA,NA,NA,NA,NA,"6,731"
272,아베크 청담,4.6,532,소고기구이,압구정로데오,서울특별시 강남구 선릉로 823,점심 저녁 동일가 3 - 4만원,NA,NA,NA,NA,NA,"6,731"
273,아베크 청담,4.6,532,소고기구이,압구정로데오,서울특별시 강남구 선릉로 823,점심 저녁 동일가 3 - 4만원,NA,NA,NA,NA,NA,"6,731"
274,아베크 청담,4.6,532,소고기구이,압구정로데오,서울특별시 강남구 선릉로 823,점심 저녁 동일가 3 - 4만원,NA,NA,NA,NA,NA,"6,731"
275,아베크 청담,4.6,532,소고기구이,압구정로데오,서울특별시 강남구 선릉로 823,점심 저녁 동일가 3 - 4만원,NA,NA,NA,NA,NA,"6,731"
276,아베크 청담,4.6,532,소고기구이,압구정로데오,서울특별시 강남구 선릉로 823,점심 저녁 동일가 3 - 4만원,NA,NA,NA,NA,NA,"6,731"
277,아베크 청담,4.6,532,소고기구이,압구정로데오,서울특별시 강남구 선릉로 823,점심 저녁 동일가 3 - 4만원,NA,NA,NA,NA,NA,"6,731"
278,아베크 청담,4.6,532,소고기구이,압구정로데오,서울특별시 강남구 선릉로 823,점심 저녁 동일가 3 - 4만원,NA,NA,NA,NA,NA,"6,731"
279,아베크 청담,4.6,532,소고기구이,압구정로데오,서울특별시 강남구 선릉로 823,점심 저녁 동일가 3 - 4만원,NA,NA,NA,NA,NA,"6,731"
280,아베크 청담,4.6,532,소고기구이,압구정로데오,서울특별시 강남구 선릉로 823,점심 저녁 동일가 3 - 4만원,NA,NA,NA,NA,NA,"6,731"
281,아베크 청담,4.6,532,소고기구이,압구정로데오,서울특별시 강남구 선릉로 823,점심 저녁 동일가 3 - 4만원,NA,NA,NA,NA,NA,"6,731"
282,아베크 청담,4.6,532,소고기구이,압구정로데오,서울특별시 강남구 선릉로 823,점심 저녁 동일가 3 - 4만원,NA,NA,NA,NA,NA,"6,731"
283,아베크 청담,4.6,532,소고기구이,압구정로데오,서울특별시 강남구 선릉로 823,점심 저녁 동일가 3 - 4만원,NA,NA,NA,NA,NA,"6,731"
284,아베크 청담,4.6,532,소고기구이,압구정로데오,서울특별시 강남구 선릉로 823,점심 저녁 동일가 3 - 4만원,NA,NA,NA,NA,NA,"6,731"
285,아베크 청담,4.6,532,소고기구이,압구정로데오,서울특별시 강남구 선릉로 823,점심 저녁 동일가 3 - 4만원,NA,NA,NA,NA,NA,"6,731"
286,아베크 청담,4.6,532,소고기구이,압구정로데오,서울특별시 강남구 선릉로 823,점심 저녁 동일가 3 - 4만원,NA,NA,NA,NA,NA,"6,731"
287,아베크 청담,4.6,532,소고기구이,압구정로데오,서울특별시 강남구 선릉로 823,점심 저녁 동일가 3 - 4만원,NA,NA,NA,NA,NA,"6,731"
288,아베크 청담,4.6,532,소고기구이,압구정로데오,서울특별시 강남구 선릉로 823,점심 저녁 동일가 3 - 4만원,NA,NA,NA,NA,NA,"6,731"
289,아베크 청담,4.6,532,소고기구이,압구정로데오,서울특별시 강남구 선릉로 823,점심 저녁 동일가 3 - 4만원,NA,NA,NA,NA,NA,"6,731"
290,아베크 청담,4.6,532,소고기구이,압구정로데오,서울특별시 강남구 선릉로 823,점심 저녁 동일가 3 - 4만원,NA,NA,NA,NA,NA,"6,731"
291,아베크 청담,4.6,532,소고기구이,압구정로데오,서울특별시 강남구 선릉로 823,점심 저녁 동일가 3 - 4만원,NA,NA,NA,NA,NA,"6,731"
292,아베크 청담,4.6,532,소고기구이,압구정로데오,서울특별시 강남구 선릉로 823,점심 저녁 동일가 3 - 4만원,NA,NA,NA,NA,NA,"6,731"
293,아베크 청담,4.6,532,소고기구이,압구정로데오,서울특별시 강남구 선릉로 823,점심 저녁 동일가 3 - 4만원,NA,NA,NA,NA,NA,"6,731"
294,아베크 청담,4.6,532,소고기구이,압구정로데오,서울특별시 강남구 선릉로 823,점심 저녁 동일가 3 - 4만원,NA,NA,NA,NA,NA,"6,731"
295,아베크 청담,4.6,532,소고기구이,압구정로데오,서울특별시 강남구 선릉로 823,점심 저녁 동일가 3 - 4만원,NA,NA,NA,NA,NA,"6,731"
296,아베크 청담,4.6,532,소고기구이,압구정로데오,서울특별시 강남구 선릉로 823,점심 저녁 동일가 3 - 4만원,NA,NA,NA,NA,NA,"6,731"
297,아베크 청담,4.6,532,소고기구이,압구정로데오,서울특별시 강남구 선릉로 823,점심 저녁 동일가 3 - 4만원,NA,NA,NA,NA,NA,"6,731"
298,아베크 청담,4.6,532,소고기구이,압구정로데오,서울특별시 강남구 선릉로 823,점심 저녁 동일가 3 - 4만원,NA,NA,NA,NA,NA,"6,731"
299,아베크 청담,4.6,532,소고기구이,압구정로데오,서울특별시 강남구 선릉로 823,점심 저녁 동일가 3 - 4만원,NA,NA,NA,NA,NA,"6,731"
300,묘:우 卯優,4.8,556,이탈리아음식,압구정로데오,서울특별시 강남구 논현로157길 8 지하1층,점심 1 - 4만원 · 저녁 2 - 7만원,라선배,5.0 ,저녁,2024.06.11,"맛, 서비스, 분위기 모두 좋았습니다:) 가성비 좋다고 느껴질 정도 였어요 ㅎㅎㅎ 생일 디저트 서비스까지 해주셔서 덕분에 즐거운 생일 보냈습니다.  앞으로 더욱 번창하시길 바랍니다🍀  ","9,999+"
301,묘:우 卯優,4.8,556,이탈리아음식,압구정로데오,서울특별시 강남구 논현로157길 8 지하1층,점심 1 - 4만원 · 저녁 2 - 7만원,Mk_w0n,5.0 ,저녁,2024.05.27,여자친구 생일 기념으로 방문해서 저녁 식사했습니다.  구성도 괜찮았고 배부르게 식사 마무리했네요. 다음에도 기회되면 재방문하겠습니다.   ,"9,999+"
302,묘:우 卯優,4.8,556,이탈리아음식,압구정로데오,서울특별시 강남구 논현로157길 8 지하1층,점심 1 - 4만원 · 저녁 2 - 7만원,NA,NA,NA,NA,NA,"9,999+"
303,묘:우 卯優,4.8,556,이탈리아음식,압구정로데오,서울특별시 강남구 논현로157길 8 지하1층,점심 1 - 4만원 · 저녁 2 - 7만원,NA,NA,NA,NA,NA,"9,999+"
304,묘:우 卯優,4.8,556,이탈리아음식,압구정로데오,서울특별시 강남구 논현로157길 8 지하1층,점심 1 - 4만원 · 저녁 2 - 7만원,NA,NA,NA,NA,NA,"9,999+"
305,묘:우 卯優,4.8,556,이탈리아음식,압구정로데오,서울특별시 강남구 논현로157길 8 지하1층,점심 1 - 4만원 · 저녁 2 - 7만원,NA,NA,NA,NA,NA,"9,999+"
306,묘:우 卯優,4.8,556,이탈리아음식,압구정로데오,서울특별시 강남구 논현로157길 8 지하1층,점심 1 - 4만원 · 저녁 2 - 7만원,NA,NA,NA,NA,NA,"9,999+"
307,묘:우 卯優,4.8,556,이탈리아음식,압구정로데오,서울특별시 강남구 논현로157길 8 지하1층,점심 1 - 4만원 · 저녁 2 - 7만원,NA,NA,NA,NA,NA,"9,999+"
308,묘:우 卯優,4.8,556,이탈리아음식,압구정로데오,서울특별시 강남구 논현로157길 8 지하1층,점심 1 - 4만원 · 저녁 2 - 7만원,NA,NA,NA,NA,NA,"9,999+"
309,묘:우 卯優,4.8,556,이탈리아음식,압구정로데오,서울특별시 강남구 논현로157길 8 지하1층,점심 1 - 4만원 · 저녁 2 - 7만원,NA,NA,NA,NA,NA,"9,999+"
310,묘:우 卯優,4.8,556,이탈리아음식,압구정로데오,서울특별시 강남구 논현로157길 8 지하1층,점심 1 - 4만원 · 저녁 2 - 7만원,NA,NA,NA,NA,NA,"9,999+"
311,묘:우 卯優,4.8,556,이탈리아음식,압구정로데오,서울특별시 강남구 논현로157길 8 지하1층,점심 1 - 4만원 · 저녁 2 - 7만원,NA,NA,NA,NA,NA,"9,999+"
312,묘:우 卯優,4.8,556,이탈리아음식,압구정로데오,서울특별시 강남구 논현로157길 8 지하1층,점심 1 - 4만원 · 저녁 2 - 7만원,NA,NA,NA,NA,NA,"9,999+"
313,묘:우 卯優,4.8,556,이탈리아음식,압구정로데오,서울특별시 강남구 논현로157길 8 지하1층,점심 1 - 4만원 · 저녁 2 - 7만원,NA,NA,NA,NA,NA,"9,999+"
314,묘:우 卯優,4.8,556,이탈리아음식,압구정로데오,서울특별시 강남구 논현로157길 8 지하1층,점심 1 - 4만원 · 저녁 2 - 7만원,NA,NA,NA,NA,NA,"9,999+"
315,묘:우 卯優,4.8,556,이탈리아음식,압구정로데오,서울특별시 강남구 논현로157길 8 지하1층,점심 1 - 4만원 · 저녁 2 - 7만원,NA,NA,NA,NA,NA,"9,999+"
316,묘:우 卯優,4.8,556,이탈리아음식,압구정로데오,서울특별시 강남구 논현로157길 8 지하1층,점심 1 - 4만원 · 저녁 2 - 7만원,NA,NA,NA,NA,NA,"9,999+"
317,묘:우 卯優,4.8,556,이탈리아음식,압구정로데오,서울특별시 강남구 논현로157길 8 지하1층,점심 1 - 4만원 · 저녁 2 - 7만원,NA,NA,NA,NA,NA,"9,999+"
318,묘:우 卯優,4.8,556,이탈리아음식,압구정로데오,서울특별시 강남구 논현로157길 8 지하1층,점심 1 - 4만원 · 저녁 2 - 7만원,NA,NA,NA,NA,NA,"9,999+"
319,묘:우 卯優,4.8,556,이탈리아음식,압구정로데오,서울특별시 강남구 논현로157길 8 지하1층,점심 1 - 4만원 · 저녁 2 - 7만원,NA,NA,NA,NA,NA,"9,999+"
320,묘:우 卯優,4.8,556,이탈리아음식,압구정로데오,서울특별시 강남구 논현로157길 8 지하1층,점심 1 - 4만원 · 저녁 2 - 7만원,NA,NA,NA,NA,NA,"9,999+"
321,묘:우 卯優,4.8,556,이탈리아음식,압구정로데오,서울특별시 강남구 논현로157길 8 지하1층,점심 1 - 4만원 · 저녁 2 - 7만원,NA,NA,NA,NA,NA,"9,999+"
322,묘:우 卯優,4.8,556,이탈리아음식,압구정로데오,서울특별시 강남구 논현로157길 8 지하1층,점심 1 - 4만원 · 저녁 2 - 7만원,NA,NA,NA,NA,NA,"9,999+"
323,묘:우 卯優,4.8,556,이탈리아음식,압구정로데오,서울특별시 강남구 논현로157길 8 지하1층,점심 1 - 4만원 · 저녁 2 - 7만원,NA,NA,NA,NA,NA,"9,999+"
324,묘:우 卯優,4.8,556,이탈리아음식,압구정로데오,서울특별시 강남구 논현로157길 8 지하1층,점심 1 - 4만원 · 저녁 2 - 7만원,NA,NA,NA,NA,NA,"9,999+"
325,묘:우 卯優,4.8,556,이탈리아음식,압구정로데오,서울특별시 강남구 논현로157길 8 지하1층,점심 1 - 4만원 · 저녁 2 - 7만원,NA,NA,NA,NA,NA,"9,999+"
326,묘:우 卯優,4.8,556,이탈리아음식,압구정로데오,서울특별시 강남구 논현로157길 8 지하1층,점심 1 - 4만원 · 저녁 2 - 7만원,NA,NA,NA,NA,NA,"9,999+"
327,묘:우 卯優,4.8,556,이탈리아음식,압구정로데오,서울특별시 강남구 논현로157길 8 지하1층,점심 1 - 4만원 · 저녁 2 - 7만원,NA,NA,NA,NA,NA,"9,999+"
328,묘:우 卯優,4.8,556,이탈리아음식,압구정로데오,서울특별시 강남구 논현로157길 8 지하1층,점심 1 - 4만원 · 저녁 2 - 7만원,NA,NA,NA,NA,NA,"9,999+"
329,묘:우 卯優,4.8,556,이탈리아음식,압구정로데오,서울특별시 강남구 논현로157길 8 지하1층,점심 1 - 4만원 · 저녁 2 - 7만원,NA,NA,NA,NA,NA,"9,999+"
330,묘:우 卯優,4.8,556,이탈리아음식,압구정로데오,서울특별시 강남구 논현로157길 8 지하1층,점심 1 - 4만원 · 저녁 2 - 7만원,NA,NA,NA,NA,NA,"9,999+"
331,묘:우 卯優,4.8,556,이탈리아음식,압구정로데오,서울특별시 강남구 논현로157길 8 지하1층,점심 1 - 4만원 · 저녁 2 - 7만원,NA,NA,NA,NA,NA,"9,999+"
332,묘:우 卯優,4.8,556,이탈리아음식,압구정로데오,서울특별시 강남구 논현로157길 8 지하1층,점심 1 - 4만원 · 저녁 2 - 7만원,NA,NA,NA,NA,NA,"9,999+"
333,묘:우 卯優,4.8,556,이탈리아음식,압구정로데오,서울특별시 강남구 논현로157길 8 지하1층,점심 1 - 4만원 · 저녁 2 - 7만원,NA,NA,NA,NA,NA,"9,999+"
334,묘:우 卯優,4.8,556,이탈리아음식,압구정로데오,서울특별시 강남구 논현로157길 8 지하1층,점심 1 - 4만원 · 저녁 2 - 7만원,NA,NA,NA,NA,NA,"9,999+"
335,묘:우 卯優,4.8,556,이탈리아음식,압구정로데오,서울특별시 강남구 논현로157길 8 지하1층,점심 1 - 4만원 · 저녁 2 - 7만원,NA,NA,NA,NA,NA,"9,999+"
336,묘:우 卯優,4.8,556,이탈리아음식,압구정로데오,서울특별시 강남구 논현로157길 8 지하1층,점심 1 - 4만원 · 저녁 2 - 7만원,NA,NA,NA,NA,NA,"9,999+"
337,묘:우 卯優,4.8,556,이탈리아음식,압구정로데오,서울특별시 강남구 논현로157길 8 지하1층,점심 1 - 4만원 · 저녁 2 - 7만원,NA,NA,NA,NA,NA,"9,999+"
338,묘:우 卯優,4.8,556,이탈리아음식,압구정로데오,서울특별시 강남구 논현로157길 8 지하1층,점심 1 - 4만원 · 저녁 2 - 7만원,NA,NA,NA,NA,NA,"9,999+"
339,묘:우 卯優,4.8,556,이탈리아음식,압구정로데오,서울특별시 강남구 논현로157길 8 지하1층,점심 1 - 4만원 · 저녁 2 - 7만원,NA,NA,NA,NA,NA,"9,999+"
340,묘:우 卯優,4.8,556,이탈리아음식,압구정로데오,서울특별시 강남구 논현로157길 8 지하1층,점심 1 - 4만원 · 저녁 2 - 7만원,NA,NA,NA,NA,NA,"9,999+"
341,묘:우 卯優,4.8,556,이탈리아음식,압구정로데오,서울특별시 강남구 논현로157길 8 지하1층,점심 1 - 4만원 · 저녁 2 - 7만원,NA,NA,NA,NA,NA,"9,999+"
342,묘:우 卯優,4.8,556,이탈리아음식,압구정로데오,서울특별시 강남구 논현로157길 8 지하1층,점심 1 - 4만원 · 저녁 2 - 7만원,NA,NA,NA,NA,NA,"9,999+"
343,묘:우 卯優,4.8,556,이탈리아음식,압구정로데오,서울특별시 강남구 논현로157길 8 지하1층,점심 1 - 4만원 · 저녁 2 - 7만원,NA,NA,NA,NA,NA,"9,999+"
344,묘:우 卯優,4.8,556,이탈리아음식,압구정로데오,서울특별시 강남구 논현로157길 8 지하1층,점심 1 - 4만원 · 저녁 2 - 7만원,NA,NA,NA,NA,NA,"9,999+"
345,묘:우 卯優,4.8,556,이탈리아음식,압구정로데오,서울특별시 강남구 논현로157길 8 지하1층,점심 1 - 4만원 · 저녁 2 - 7만원,NA,NA,NA,NA,NA,"9,999+"
346,묘:우 卯優,4.8,556,이탈리아음식,압구정로데오,서울특별시 강남구 논현로157길 8 지하1층,점심 1 - 4만원 · 저녁 2 - 7만원,NA,NA,NA,NA,NA,"9,999+"
347,묘:우 卯優,4.8,556,이탈리아음식,압구정로데오,서울특별시 강남구 논현로157길 8 지하1층,점심 1 - 4만원 · 저녁 2 - 7만원,NA,NA,NA,NA,NA,"9,999+"
348,묘:우 卯優,4.8,556,이탈리아음식,압구정로데오,서울특별시 강남구 논현로157길 8 지하1층,점심 1 - 4만원 · 저녁 2 - 7만원,NA,NA,NA,NA,NA,"9,999+"
349,묘:우 卯優,4.8,556,이탈리아음식,압구정로데오,서울특별시 강남구 논현로157길 8 지하1층,점심 1 - 4만원 · 저녁 2 - 7만원,NA,NA,NA,NA,NA,"9,999+"
350,묘:우 卯優,4.8,556,이탈리아음식,압구정로데오,서울특별시 강남구 논현로157길 8 지하1층,점심 1 - 4만원 · 저녁 2 - 7만원,NA,NA,NA,NA,NA,"9,999+"
351,묘:우 卯優,4.8,556,이탈리아음식,압구정로데오,서울특별시 강남구 논현로157길 8 지하1층,점심 1 - 4만원 · 저녁 2 - 7만원,NA,NA,NA,NA,NA,"9,999+"
352,묘:우 卯優,4.8,556,이탈리아음식,압구정로데오,서울특별시 강남구 논현로157길 8 지하1층,점심 1 - 4만원 · 저녁 2 - 7만원,NA,NA,NA,NA,NA,"9,999+"
353,묘:우 卯優,4.8,556,이탈리아음식,압구정로데오,서울특별시 강남구 논현로157길 8 지하1층,점심 1 - 4만원 · 저녁 2 - 7만원,NA,NA,NA,NA,NA,"9,999+"
354,묘:우 卯優,4.8,556,이탈리아음식,압구정로데오,서울특별시 강남구 논현로157길 8 지하1층,점심 1 - 4만원 · 저녁 2 - 7만원,NA,NA,NA,NA,NA,"9,999+"
355,묘:우 卯優,4.8,556,이탈리아음식,압구정로데오,서울특별시 강남구 논현로157길 8 지하1층,점심 1 - 4만원 · 저녁 2 - 7만원,NA,NA,NA,NA,NA,"9,999+"
356,묘:우 卯優,4.8,556,이탈리아음식,압구정로데오,서울특별시 강남구 논현로157길 8 지하1층,점심 1 - 4만원 · 저녁 2 - 7만원,NA,NA,NA,NA,NA,"9,999+"
357,묘:우 卯優,4.8,556,이탈리아음식,압구정로데오,서울특별시 강남구 논현로157길 8 지하1층,점심 1 - 4만원 · 저녁 2 - 7만원,NA,NA,NA,NA,NA,"9,999+"
358,묘:우 卯優,4.8,556,이탈리아음식,압구정로데오,서울특별시 강남구 논현로157길 8 지하1층,점심 1 - 4만원 · 저녁 2 - 7만원,NA,NA,NA,NA,NA,"9,999+"
359,묘:우 卯優,4.8,556,이탈리아음식,압구정로데오,서울특별시 강남구 논현로157길 8 지하1층,점심 1 - 4만원 · 저녁 2 - 7만원,NA,NA,NA,NA,NA,"9,999+"
360,묘:우 卯優,4.8,556,이탈리아음식,압구정로데오,서울특별시 강남구 논현로157길 8 지하1층,점심 1 - 4만원 · 저녁 2 - 7만원,NA,NA,NA,NA,NA,"9,999+"
361,묘:우 卯優,4.8,556,이탈리아음식,압구정로데오,서울특별시 강남구 논현로157길 8 지하1층,점심 1 - 4만원 · 저녁 2 - 7만원,NA,NA,NA,NA,NA,"9,999+"
362,묘:우 卯優,4.8,556,이탈리아음식,압구정로데오,서울특별시 강남구 논현로157길 8 지하1층,점심 1 - 4만원 · 저녁 2 - 7만원,NA,NA,NA,NA,NA,"9,999+"
363,묘:우 卯優,4.8,556,이탈리아음식,압구정로데오,서울특별시 강남구 논현로157길 8 지하1층,점심 1 - 4만원 · 저녁 2 - 7만원,NA,NA,NA,NA,NA,"9,999+"
364,묘:우 卯優,4.8,556,이탈리아음식,압구정로데오,서울특별시 강남구 논현로157길 8 지하1층,점심 1 - 4만원 · 저녁 2 - 7만원,NA,NA,NA,NA,NA,"9,999+"
365,묘:우 卯優,4.8,556,이탈리아음식,압구정로데오,서울특별시 강남구 논현로157길 8 지하1층,점심 1 - 4만원 · 저녁 2 - 7만원,NA,NA,NA,NA,NA,"9,999+"
366,묘:우 卯優,4.8,556,이탈리아음식,압구정로데오,서울특별시 강남구 논현로157길 8 지하1층,점심 1 - 4만원 · 저녁 2 - 7만원,NA,NA,NA,NA,NA,"9,999+"
367,묘:우 卯優,4.8,556,이탈리아음식,압구정로데오,서울특별시 강남구 논현로157길 8 지하1층,점심 1 - 4만원 · 저녁 2 - 7만원,NA,NA,NA,NA,NA,"9,999+"
368,묘:우 卯優,4.8,556,이탈리아음식,압구정로데오,서울특별시 강남구 논현로157길 8 지하1층,점심 1 - 4만원 · 저녁 2 - 7만원,NA,NA,NA,NA,NA,"9,999+"
369,묘:우 卯優,4.8,556,이탈리아음식,압구정로데오,서울특별시 강남구 논현로157길 8 지하1층,점심 1 - 4만원 · 저녁 2 - 7만원,NA,NA,NA,NA,NA,"9,999+"
370,묘:우 卯優,4.8,556,이탈리아음식,압구정로데오,서울특별시 강남구 논현로157길 8 지하1층,점심 1 - 4만원 · 저녁 2 - 7만원,NA,NA,NA,NA,NA,"9,999+"
371,묘:우 卯優,4.8,556,이탈리아음식,압구정로데오,서울특별시 강남구 논현로157길 8 지하1층,점심 1 - 4만원 · 저녁 2 - 7만원,NA,NA,NA,NA,NA,"9,999+"
372,묘:우 卯優,4.8,556,이탈리아음식,압구정로데오,서울특별시 강남구 논현로157길 8 지하1층,점심 1 - 4만원 · 저녁 2 - 7만원,NA,NA,NA,NA,NA,"9,999+"
373,묘:우 卯優,4.8,556,이탈리아음식,압구정로데오,서울특별시 강남구 논현로157길 8 지하1층,점심 1 - 4만원 · 저녁 2 - 7만원,NA,NA,NA,NA,NA,"9,999+"
374,묘:우 卯優,4.8,556,이탈리아음식,압구정로데오,서울특별시 강남구 논현로157길 8 지하1층,점심 1 - 4만원 · 저녁 2 - 7만원,NA,NA,NA,NA,NA,"9,999+"
375,묘:우 卯優,4.8,556,이탈리아음식,압구정로데오,서울특별시 강남구 논현로157길 8 지하1층,점심 1 - 4만원 · 저녁 2 - 7만원,NA,NA,NA,NA,NA,"9,999+"
376,묘:우 卯優,4.8,556,이탈리아음식,압구정로데오,서울특별시 강남구 논현로157길 8 지하1층,점심 1 - 4만원 · 저녁 2 - 7만원,NA,NA,NA,NA,NA,"9,999+"
377,묘:우 卯優,4.8,556,이탈리아음식,압구정로데오,서울특별시 강남구 논현로157길 8 지하1층,점심 1 - 4만원 · 저녁 2 - 7만원,NA,NA,NA,NA,NA,"9,999+"
378,묘:우 卯優,4.8,556,이탈리아음식,압구정로데오,서울특별시 강남구 논현로157길 8 지하1층,점심 1 - 4만원 · 저녁 2 - 7만원,NA,NA,NA,NA,NA,"9,999+"
379,묘:우 卯優,4.8,556,이탈리아음식,압구정로데오,서울특별시 강남구 논현로157길 8 지하1층,점심 1 - 4만원 · 저녁 2 - 7만원,NA,NA,NA,NA,NA,"9,999+"
380,묘:우 卯優,4.8,556,이탈리아음식,압구정로데오,서울특별시 강남구 논현로157길 8 지하1층,점심 1 - 4만원 · 저녁 2 - 7만원,NA,NA,NA,NA,NA,"9,999+"
381,묘:우 卯優,4.8,556,이탈리아음식,압구정로데오,서울특별시 강남구 논현로157길 8 지하1층,점심 1 - 4만원 · 저녁 2 - 7만원,NA,NA,NA,NA,NA,"9,999+"
382,묘:우 卯優,4.8,556,이탈리아음식,압구정로데오,서울특별시 강남구 논현로157길 8 지하1층,점심 1 - 4만원 · 저녁 2 - 7만원,NA,NA,NA,NA,NA,"9,999+"
383,묘:우 卯優,4.8,556,이탈리아음식,압구정로데오,서울특별시 강남구 논현로157길 8 지하1층,점심 1 - 4만원 · 저녁 2 - 7만원,NA,NA,NA,NA,NA,"9,999+"
384,묘:우 卯優,4.8,556,이탈리아음식,압구정로데오,서울특별시 강남구 논현로157길 8 지하1층,점심 1 - 4만원 · 저녁 2 - 7만원,NA,NA,NA,NA,NA,"9,999+"
385,묘:우 卯優,4.8,556,이탈리아음식,압구정로데오,서울특별시 강남구 논현로157길 8 지하1층,점심 1 - 4만원 · 저녁 2 - 7만원,NA,NA,NA,NA,NA,"9,999+"
386,묘:우 卯優,4.8,556,이탈리아음식,압구정로데오,서울특별시 강남구 논현로157길 8 지하1층,점심 1 - 4만원 · 저녁 2 - 7만원,NA,NA,NA,NA,NA,"9,999+"
387,묘:우 卯優,4.8,556,이탈리아음식,압구정로데오,서울특별시 강남구 논현로157길 8 지하1층,점심 1 - 4만원 · 저녁 2 - 7만원,NA,NA,NA,NA,NA,"9,999+"
388,묘:우 卯優,4.8,556,이탈리아음식,압구정로데오,서울특별시 강남구 논현로157길 8 지하1층,점심 1 - 4만원 · 저녁 2 - 7만원,NA,NA,NA,NA,NA,"9,999+"
389,묘:우 卯優,4.8,556,이탈리아음식,압구정로데오,서울특별시 강남구 논현로157길 8 지하1층,점심 1 - 4만원 · 저녁 2 - 7만원,NA,NA,NA,NA,NA,"9,999+"
390,묘:우 卯優,4.8,556,이탈리아음식,압구정로데오,서울특별시 강남구 논현로157길 8 지하1층,점심 1 - 4만원 · 저녁 2 - 7만원,NA,NA,NA,NA,NA,"9,999+"
391,묘:우 卯優,4.8,556,이탈리아음식,압구정로데오,서울특별시 강남구 논현로157길 8 지하1층,점심 1 - 4만원 · 저녁 2 - 7만원,NA,NA,NA,NA,NA,"9,999+"
392,묘:우 卯優,4.8,556,이탈리아음식,압구정로데오,서울특별시 강남구 논현로157길 8 지하1층,점심 1 - 4만원 · 저녁 2 - 7만원,NA,NA,NA,NA,NA,"9,999+"
393,묘:우 卯優,4.8,556,이탈리아음식,압구정로데오,서울특별시 강남구 논현로157길 8 지하1층,점심 1 - 4만원 · 저녁 2 - 7만원,NA,NA,NA,NA,NA,"9,999+"
394,묘:우 卯優,4.8,556,이탈리아음식,압구정로데오,서울특별시 강남구 논현로157길 8 지하1층,점심 1 - 4만원 · 저녁 2 - 7만원,NA,NA,NA,NA,NA,"9,999+"
395,묘:우 卯優,4.8,556,이탈리아음식,압구정로데오,서울특별시 강남구 논현로157길 8 지하1층,점심 1 - 4만원 · 저녁 2 - 7만원,NA,NA,NA,NA,NA,"9,999+"
396,묘:우 卯優,4.8,556,이탈리아음식,압구정로데오,서울특별시 강남구 논현로157길 8 지하1층,점심 1 - 4만원 · 저녁 2 - 7만원,NA,NA,NA,NA,NA,"9,999+"
397,묘:우 卯優,4.8,556,이탈리아음식,압구정로데오,서울특별시 강남구 논현로157길 8 지하1층,점심 1 - 4만원 · 저녁 2 - 7만원,NA,NA,NA,NA,NA,"9,999+"
398,묘:우 卯優,4.8,556,이탈리아음식,압구정로데오,서울특별시 강남구 논현로157길 8 지하1층,점심 1 - 4만원 · 저녁 2 - 7만원,NA,NA,NA,NA,NA,"9,999+"
399,묘:우 卯優,4.8,556,이탈리아음식,압구정로데오,서울특별시 강남구 논현로157길 8 지하1층,점심 1 - 4만원 · 저녁 2 - 7만원,NA,NA,NA,NA,NA,"9,999+"
400,스시미루,4.8,1020,한우오마카세,압구정,서울특별시 강남구 언주로170길 26-6 2층,점심 영업안함 · 저녁 4 - 15만원,도도한 식도락가_45917,5.0 ,저녁,2024.05.26,음식도 너무맛있고 예쁘고 만드시는 모습이 전문성있고 멋있습니다 여자친구랑 300일기념 알차게 마무리합니다! 먹는 재미를 주셔서 감사드립니다!🙏🙏🙏🙏👍  ,"9,999+"
401,스시미루,4.8,1020,한우오마카세,압구정,서울특별시 강남구 언주로170길 26-6 2층,점심 영업안함 · 저녁 4 - 15만원,먹깨비7777777,5.0 ,저녁,2024.05.08,12번째 방문입니다  편하게 즐길수 있는 공간이라 자주 방문하게 되는데 올때마다 다른맛이 있습니다  두명의 셰프님이 각각 다른 특색이 있으시네요  미루는 분위기가 안락하고 편해서  주류를 빼놓을수가 없는거 같아요  알파2는 정말 미루랑 잘어울리는거 같아요 ㅎ 맛있는 한끼를 지인이나 연인과 나누고 싶다면  미들급 단연 일등으로 강추드립니다 최고에요👍🏻  ,"9,999+"
402,스시미루,4.8,1020,한우오마카세,압구정,서울특별시 강남구 언주로170길 26-6 2층,점심 영업안함 · 저녁 4 - 15만원,NA,NA,NA,NA,NA,"9,999+"
403,스시미루,4.8,1020,한우오마카세,압구정,서울특별시 강남구 언주로170길 26-6 2층,점심 영업안함 · 저녁 4 - 15만원,NA,NA,NA,NA,NA,"9,999+"
404,스시미루,4.8,1020,한우오마카세,압구정,서울특별시 강남구 언주로170길 26-6 2층,점심 영업안함 · 저녁 4 - 15만원,NA,NA,NA,NA,NA,"9,999+"
405,스시미루,4.8,1020,한우오마카세,압구정,서울특별시 강남구 언주로170길 26-6 2층,점심 영업안함 · 저녁 4 - 15만원,NA,NA,NA,NA,NA,"9,999+"
406,스시미루,4.8,1020,한우오마카세,압구정,서울특별시 강남구 언주로170길 26-6 2층,점심 영업안함 · 저녁 4 - 15만원,NA,NA,NA,NA,NA,"9,999+"
407,스시미루,4.8,1020,한우오마카세,압구정,서울특별시 강남구 언주로170길 26-6 2층,점심 영업안함 · 저녁 4 - 15만원,NA,NA,NA,NA,NA,"9,999+"
408,스시미루,4.8,1020,한우오마카세,압구정,서울특별시 강남구 언주로170길 26-6 2층,점심 영업안함 · 저녁 4 - 15만원,NA,NA,NA,NA,NA,"9,999+"
409,스시미루,4.8,1020,한우오마카세,압구정,서울특별시 강남구 언주로170길 26-6 2층,점심 영업안함 · 저녁 4 - 15만원,NA,NA,NA,NA,NA,"9,999+"
410,스시미루,4.8,1020,한우오마카세,압구정,서울특별시 강남구 언주로170길 26-6 2층,점심 영업안함 · 저녁 4 - 15만원,NA,NA,NA,NA,NA,"9,999+"
411,스시미루,4.8,1020,한우오마카세,압구정,서울특별시 강남구 언주로170길 26-6 2층,점심 영업안함 · 저녁 4 - 15만원,NA,NA,NA,NA,NA,"9,999+"
412,스시미루,4.8,1020,한우오마카세,압구정,서울특별시 강남구 언주로170길 26-6 2층,점심 영업안함 · 저녁 4 - 15만원,NA,NA,NA,NA,NA,"9,999+"
413,스시미루,4.8,1020,한우오마카세,압구정,서울특별시 강남구 언주로170길 26-6 2층,점심 영업안함 · 저녁 4 - 15만원,NA,NA,NA,NA,NA,"9,999+"
414,스시미루,4.8,1020,한우오마카세,압구정,서울특별시 강남구 언주로170길 26-6 2층,점심 영업안함 · 저녁 4 - 15만원,NA,NA,NA,NA,NA,"9,999+"
415,스시미루,4.8,1020,한우오마카세,압구정,서울특별시 강남구 언주로170길 26-6 2층,점심 영업안함 · 저녁 4 - 15만원,NA,NA,NA,NA,NA,"9,999+"
416,스시미루,4.8,1020,한우오마카세,압구정,서울특별시 강남구 언주로170길 26-6 2층,점심 영업안함 · 저녁 4 - 15만원,NA,NA,NA,NA,NA,"9,999+"
417,스시미루,4.8,1020,한우오마카세,압구정,서울특별시 강남구 언주로170길 26-6 2층,점심 영업안함 · 저녁 4 - 15만원,NA,NA,NA,NA,NA,"9,999+"
418,스시미루,4.8,1020,한우오마카세,압구정,서울특별시 강남구 언주로170길 26-6 2층,점심 영업안함 · 저녁 4 - 15만원,NA,NA,NA,NA,NA,"9,999+"
419,스시미루,4.8,1020,한우오마카세,압구정,서울특별시 강남구 언주로170길 26-6 2층,점심 영업안함 · 저녁 4 - 15만원,NA,NA,NA,NA,NA,"9,999+"
420,스시미루,4.8,1020,한우오마카세,압구정,서울특별시 강남구 언주로170길 26-6 2층,점심 영업안함 · 저녁 4 - 15만원,NA,NA,NA,NA,NA,"9,999+"
421,스시미루,4.8,1020,한우오마카세,압구정,서울특별시 강남구 언주로170길 26-6 2층,점심 영업안함 · 저녁 4 - 15만원,NA,NA,NA,NA,NA,"9,999+"
422,스시미루,4.8,1020,한우오마카세,압구정,서울특별시 강남구 언주로170길 26-6 2층,점심 영업안함 · 저녁 4 - 15만원,NA,NA,NA,NA,NA,"9,999+"
423,스시미루,4.8,1020,한우오마카세,압구정,서울특별시 강남구 언주로170길 26-6 2층,점심 영업안함 · 저녁 4 - 15만원,NA,NA,NA,NA,NA,"9,999+"
424,스시미루,4.8,1020,한우오마카세,압구정,서울특별시 강남구 언주로170길 26-6 2층,점심 영업안함 · 저녁 4 - 15만원,NA,NA,NA,NA,NA,"9,999+"
425,스시미루,4.8,1020,한우오마카세,압구정,서울특별시 강남구 언주로170길 26-6 2층,점심 영업안함 · 저녁 4 - 15만원,NA,NA,NA,NA,NA,"9,999+"
426,스시미루,4.8,1020,한우오마카세,압구정,서울특별시 강남구 언주로170길 26-6 2층,점심 영업안함 · 저녁 4 - 15만원,NA,NA,NA,NA,NA,"9,999+"
427,스시미루,4.8,1020,한우오마카세,압구정,서울특별시 강남구 언주로170길 26-6 2층,점심 영업안함 · 저녁 4 - 15만원,NA,NA,NA,NA,NA,"9,999+"
428,스시미루,4.8,1020,한우오마카세,압구정,서울특별시 강남구 언주로170길 26-6 2층,점심 영업안함 · 저녁 4 - 15만원,NA,NA,NA,NA,NA,"9,999+"
429,스시미루,4.8,1020,한우오마카세,압구정,서울특별시 강남구 언주로170길 26-6 2층,점심 영업안함 · 저녁 4 - 15만원,NA,NA,NA,NA,NA,"9,999+"
430,스시미루,4.8,1020,한우오마카세,압구정,서울특별시 강남구 언주로170길 26-6 2층,점심 영업안함 · 저녁 4 - 15만원,NA,NA,NA,NA,NA,"9,999+"
431,스시미루,4.8,1020,한우오마카세,압구정,서울특별시 강남구 언주로170길 26-6 2층,점심 영업안함 · 저녁 4 - 15만원,NA,NA,NA,NA,NA,"9,999+"
432,스시미루,4.8,1020,한우오마카세,압구정,서울특별시 강남구 언주로170길 26-6 2층,점심 영업안함 · 저녁 4 - 15만원,NA,NA,NA,NA,NA,"9,999+"
433,스시미루,4.8,1020,한우오마카세,압구정,서울특별시 강남구 언주로170길 26-6 2층,점심 영업안함 · 저녁 4 - 15만원,NA,NA,NA,NA,NA,"9,999+"
434,스시미루,4.8,1020,한우오마카세,압구정,서울특별시 강남구 언주로170길 26-6 2층,점심 영업안함 · 저녁 4 - 15만원,NA,NA,NA,NA,NA,"9,999+"
435,스시미루,4.8,1020,한우오마카세,압구정,서울특별시 강남구 언주로170길 26-6 2층,점심 영업안함 · 저녁 4 - 15만원,NA,NA,NA,NA,NA,"9,999+"
436,스시미루,4.8,1020,한우오마카세,압구정,서울특별시 강남구 언주로170길 26-6 2층,점심 영업안함 · 저녁 4 - 15만원,NA,NA,NA,NA,NA,"9,999+"
437,스시미루,4.8,1020,한우오마카세,압구정,서울특별시 강남구 언주로170길 26-6 2층,점심 영업안함 · 저녁 4 - 15만원,NA,NA,NA,NA,NA,"9,999+"
438,스시미루,4.8,1020,한우오마카세,압구정,서울특별시 강남구 언주로170길 26-6 2층,점심 영업안함 · 저녁 4 - 15만원,NA,NA,NA,NA,NA,"9,999+"
439,스시미루,4.8,1020,한우오마카세,압구정,서울특별시 강남구 언주로170길 26-6 2층,점심 영업안함 · 저녁 4 - 15만원,NA,NA,NA,NA,NA,"9,999+"
440,스시미루,4.8,1020,한우오마카세,압구정,서울특별시 강남구 언주로170길 26-6 2층,점심 영업안함 · 저녁 4 - 15만원,NA,NA,NA,NA,NA,"9,999+"
441,스시미루,4.8,1020,한우오마카세,압구정,서울특별시 강남구 언주로170길 26-6 2층,점심 영업안함 · 저녁 4 - 15만원,NA,NA,NA,NA,NA,"9,999+"
442,스시미루,4.8,1020,한우오마카세,압구정,서울특별시 강남구 언주로170길 26-6 2층,점심 영업안함 · 저녁 4 - 15만원,NA,NA,NA,NA,NA,"9,999+"
443,스시미루,4.8,1020,한우오마카세,압구정,서울특별시 강남구 언주로170길 26-6 2층,점심 영업안함 · 저녁 4 - 15만원,NA,NA,NA,NA,NA,"9,999+"
444,스시미루,4.8,1020,한우오마카세,압구정,서울특별시 강남구 언주로170길 26-6 2층,점심 영업안함 · 저녁 4 - 15만원,NA,NA,NA,NA,NA,"9,999+"
445,스시미루,4.8,1020,한우오마카세,압구정,서울특별시 강남구 언주로170길 26-6 2층,점심 영업안함 · 저녁 4 - 15만원,NA,NA,NA,NA,NA,"9,999+"
446,스시미루,4.8,1020,한우오마카세,압구정,서울특별시 강남구 언주로170길 26-6 2층,점심 영업안함 · 저녁 4 - 15만원,NA,NA,NA,NA,NA,"9,999+"
447,스시미루,4.8,1020,한우오마카세,압구정,서울특별시 강남구 언주로170길 26-6 2층,점심 영업안함 · 저녁 4 - 15만원,NA,NA,NA,NA,NA,"9,999+"
448,스시미루,4.8,1020,한우오마카세,압구정,서울특별시 강남구 언주로170길 26-6 2층,점심 영업안함 · 저녁 4 - 15만원,NA,NA,NA,NA,NA,"9,999+"
449,스시미루,4.8,1020,한우오마카세,압구정,서울특별시 강남구 언주로170길 26-6 2층,점심 영업안함 · 저녁 4 - 15만원,NA,NA,NA,NA,NA,"9,999+"
450,스시미루,4.8,1020,한우오마카세,압구정,서울특별시 강남구 언주로170길 26-6 2층,점심 영업안함 · 저녁 4 - 15만원,NA,NA,NA,NA,NA,"9,999+"
451,스시미루,4.8,1020,한우오마카세,압구정,서울특별시 강남구 언주로170길 26-6 2층,점심 영업안함 · 저녁 4 - 15만원,NA,NA,NA,NA,NA,"9,999+"
452,스시미루,4.8,1020,한우오마카세,압구정,서울특별시 강남구 언주로170길 26-6 2층,점심 영업안함 · 저녁 4 - 15만원,NA,NA,NA,NA,NA,"9,999+"
453,스시미루,4.8,1020,한우오마카세,압구정,서울특별시 강남구 언주로170길 26-6 2층,점심 영업안함 · 저녁 4 - 15만원,NA,NA,NA,NA,NA,"9,999+"
454,스시미루,4.8,1020,한우오마카세,압구정,서울특별시 강남구 언주로170길 26-6 2층,점심 영업안함 · 저녁 4 - 15만원,NA,NA,NA,NA,NA,"9,999+"
455,스시미루,4.8,1020,한우오마카세,압구정,서울특별시 강남구 언주로170길 26-6 2층,점심 영업안함 · 저녁 4 - 15만원,NA,NA,NA,NA,NA,"9,999+"
456,스시미루,4.8,1020,한우오마카세,압구정,서울특별시 강남구 언주로170길 26-6 2층,점심 영업안함 · 저녁 4 - 15만원,NA,NA,NA,NA,NA,"9,999+"
457,스시미루,4.8,1020,한우오마카세,압구정,서울특별시 강남구 언주로170길 26-6 2층,점심 영업안함 · 저녁 4 - 15만원,NA,NA,NA,NA,NA,"9,999+"
458,스시미루,4.8,1020,한우오마카세,압구정,서울특별시 강남구 언주로170길 26-6 2층,점심 영업안함 · 저녁 4 - 15만원,NA,NA,NA,NA,NA,"9,999+"
459,스시미루,4.8,1020,한우오마카세,압구정,서울특별시 강남구 언주로170길 26-6 2층,점심 영업안함 · 저녁 4 - 15만원,NA,NA,NA,NA,NA,"9,999+"
460,스시미루,4.8,1020,한우오마카세,압구정,서울특별시 강남구 언주로170길 26-6 2층,점심 영업안함 · 저녁 4 - 15만원,NA,NA,NA,NA,NA,"9,999+"
461,스시미루,4.8,1020,한우오마카세,압구정,서울특별시 강남구 언주로170길 26-6 2층,점심 영업안함 · 저녁 4 - 15만원,NA,NA,NA,NA,NA,"9,999+"
462,스시미루,4.8,1020,한우오마카세,압구정,서울특별시 강남구 언주로170길 26-6 2층,점심 영업안함 · 저녁 4 - 15만원,NA,NA,NA,NA,NA,"9,999+"
463,스시미루,4.8,1020,한우오마카세,압구정,서울특별시 강남구 언주로170길 26-6 2층,점심 영업안함 · 저녁 4 - 15만원,NA,NA,NA,NA,NA,"9,999+"
464,스시미루,4.8,1020,한우오마카세,압구정,서울특별시 강남구 언주로170길 26-6 2층,점심 영업안함 · 저녁 4 - 15만원,NA,NA,NA,NA,NA,"9,999+"
465,스시미루,4.8,1020,한우오마카세,압구정,서울특별시 강남구 언주로170길 26-6 2층,점심 영업안함 · 저녁 4 - 15만원,NA,NA,NA,NA,NA,"9,999+"
466,스시미루,4.8,1020,한우오마카세,압구정,서울특별시 강남구 언주로170길 26-6 2층,점심 영업안함 · 저녁 4 - 15만원,NA,NA,NA,NA,NA,"9,999+"
467,스시미루,4.8,1020,한우오마카세,압구정,서울특별시 강남구 언주로170길 26-6 2층,점심 영업안함 · 저녁 4 - 15만원,NA,NA,NA,NA,NA,"9,999+"
468,스시미루,4.8,1020,한우오마카세,압구정,서울특별시 강남구 언주로170길 26-6 2층,점심 영업안함 · 저녁 4 - 15만원,NA,NA,NA,NA,NA,"9,999+"
469,스시미루,4.8,1020,한우오마카세,압구정,서울특별시 강남구 언주로170길 26-6 2층,점심 영업안함 · 저녁 4 - 15만원,NA,NA,NA,NA,NA,"9,999+"
470,스시미루,4.8,1020,한우오마카세,압구정,서울특별시 강남구 언주로170길 26-6 2층,점심 영업안함 · 저녁 4 - 15만원,NA,NA,NA,NA,NA,"9,999+"
471,스시미루,4.8,1020,한우오마카세,압구정,서울특별시 강남구 언주로170길 26-6 2층,점심 영업안함 · 저녁 4 - 15만원,NA,NA,NA,NA,NA,"9,999+"
472,스시미루,4.8,1020,한우오마카세,압구정,서울특별시 강남구 언주로170길 26-6 2층,점심 영업안함 · 저녁 4 - 15만원,NA,NA,NA,NA,NA,"9,999+"
473,스시미루,4.8,1020,한우오마카세,압구정,서울특별시 강남구 언주로170길 26-6 2층,점심 영업안함 · 저녁 4 - 15만원,NA,NA,NA,NA,NA,"9,999+"
474,스시미루,4.8,1020,한우오마카세,압구정,서울특별시 강남구 언주로170길 26-6 2층,점심 영업안함 · 저녁 4 - 15만원,NA,NA,NA,NA,NA,"9,999+"
475,스시미루,4.8,1020,한우오마카세,압구정,서울특별시 강남구 언주로170길 26-6 2층,점심 영업안함 · 저녁 4 - 15만원,NA,NA,NA,NA,NA,"9,999+"
476,스시미루,4.8,1020,한우오마카세,압구정,서울특별시 강남구 언주로170길 26-6 2층,점심 영업안함 · 저녁 4 - 15만원,NA,NA,NA,NA,NA,"9,999+"
477,스시미루,4.8,1020,한우오마카세,압구정,서울특별시 강남구 언주로170길 26-6 2층,점심 영업안함 · 저녁 4 - 15만원,NA,NA,NA,NA,NA,"9,999+"
478,스시미루,4.8,1020,한우오마카세,압구정,서울특별시 강남구 언주로170길 26-6 2층,점심 영업안함 · 저녁 4 - 15만원,NA,NA,NA,NA,NA,"9,999+"
479,스시미루,4.8,1020,한우오마카세,압구정,서울특별시 강남구 언주로170길 26-6 2층,점심 영업안함 · 저녁 4 - 15만원,NA,NA,NA,NA,NA,"9,999+"
480,스시미루,4.8,1020,한우오마카세,압구정,서울특별시 강남구 언주로170길 26-6 2층,점심 영업안함 · 저녁 4 - 15만원,NA,NA,NA,NA,NA,"9,999+"
481,스시미루,4.8,1020,한우오마카세,압구정,서울특별시 강남구 언주로170길 26-6 2층,점심 영업안함 · 저녁 4 - 15만원,NA,NA,NA,NA,NA,"9,999+"
482,스시미루,4.8,1020,한우오마카세,압구정,서울특별시 강남구 언주로170길 26-6 2층,점심 영업안함 · 저녁 4 - 15만원,NA,NA,NA,NA,NA,"9,999+"
483,스시미루,4.8,1020,한우오마카세,압구정,서울특별시 강남구 언주로170길 26-6 2층,점심 영업안함 · 저녁 4 - 15만원,NA,NA,NA,NA,NA,"9,999+"
484,스시미루,4.8,1020,한우오마카세,압구정,서울특별시 강남구 언주로170길 26-6 2층,점심 영업안함 · 저녁 4 - 15만원,NA,NA,NA,NA,NA,"9,999+"
485,스시미루,4.8,1020,한우오마카세,압구정,서울특별시 강남구 언주로170길 26-6 2층,점심 영업안함 · 저녁 4 - 15만원,NA,NA,NA,NA,NA,"9,999+"
486,스시미루,4.8,1020,한우오마카세,압구정,서울특별시 강남구 언주로170길 26-6 2층,점심 영업안함 · 저녁 4 - 15만원,NA,NA,NA,NA,NA,"9,999+"
487,스시미루,4.8,1020,한우오마카세,압구정,서울특별시 강남구 언주로170길 26-6 2층,점심 영업안함 · 저녁 4 - 15만원,NA,NA,NA,NA,NA,"9,999+"
488,스시미루,4.8,1020,한우오마카세,압구정,서울특별시 강남구 언주로170길 26-6 2층,점심 영업안함 · 저녁 4 - 15만원,NA,NA,NA,NA,NA,"9,999+"
489,스시미루,4.8,1020,한우오마카세,압구정,서울특별시 강남구 언주로170길 26-6 2층,점심 영업안함 · 저녁 4 - 15만원,NA,NA,NA,NA,NA,"9,999+"
490,스시미루,4.8,1020,한우오마카세,압구정,서울특별시 강남구 언주로170길 26-6 2층,점심 영업안함 · 저녁 4 - 15만원,NA,NA,NA,NA,NA,"9,999+"
491,스시미루,4.8,1020,한우오마카세,압구정,서울특별시 강남구 언주로170길 26-6 2층,점심 영업안함 · 저녁 4 - 15만원,NA,NA,NA,NA,NA,"9,999+"
492,스시미루,4.8,1020,한우오마카세,압구정,서울특별시 강남구 언주로170길 26-6 2층,점심 영업안함 · 저녁 4 - 15만원,NA,NA,NA,NA,NA,"9,999+"
493,스시미루,4.8,1020,한우오마카세,압구정,서울특별시 강남구 언주로170길 26-6 2층,점심 영업안함 · 저녁 4 - 15만원,NA,NA,NA,NA,NA,"9,999+"
494,스시미루,4.8,1020,한우오마카세,압구정,서울특별시 강남구 언주로170길 26-6 2층,점심 영업안함 · 저녁 4 - 15만원,NA,NA,NA,NA,NA,"9,999+"
495,스시미루,4.8,1020,한우오마카세,압구정,서울특별시 강남구 언주로170길 26-6 2층,점심 영업안함 · 저녁 4 - 15만원,NA,NA,NA,NA,NA,"9,999+"
496,스시미루,4.8,1020,한우오마카세,압구정,서울특별시 강남구 언주로170길 26-6 2층,점심 영업안함 · 저녁 4 - 15만원,NA,NA,NA,NA,NA,"9,999+"
497,스시미루,4.8,1020,한우오마카세,압구정,서울특별시 강남구 언주로170길 26-6 2층,점심 영업안함 · 저녁 4 - 15만원,NA,NA,NA,NA,NA,"9,999+"
498,스시미루,4.8,1020,한우오마카세,압구정,서울특별시 강남구 언주로170길 26-6 2층,점심 영업안함 · 저녁 4 - 15만원,NA,NA,NA,NA,NA,"9,999+"
499,스시미루,4.8,1020,한우오마카세,압구정,서울특별시 강남구 언주로170길 26-6 2층,점심 영업안함 · 저녁 4 - 15만원,NA,NA,NA,NA,NA,"9,999+"
500,OPNNG,4.7,721,스시오마카세,압구정로데오,서울특별시 강남구 도산대로34길 22 빌딩 모노폴(Building Monopole) 지하 1층,점심 7만원 · 저녁 14만원,낙희,4.8 ,점심,2024.05.27,음식 하나하나 모두 너무 맛있어보여서 방문하고싶었는데 코스메뉴로 바뀌어서 먹고싶었던 메뉴들을 모두 조금씩 먹어 볼 수 있다는 생각에 기대하고 방문했습니다. 특별한 맛은 아니지만 모두 맛있었고 와인 종류가 정말 다양해서 좋았습니다. 코스도중  달달한 와인을 마시고 있는걸 보시고 마지막에 깔끔한 화이트 와인을 인원수별로 글라스 한잔씩 준비해주셔서 기분 좋게 식사를 마칠 수 있었습니다. 생각보다 업장은 작았지만 입구부터  미술 작품들과 조명 모두 너무 아름다워서 분위기를 잊지 못할 것 같아요!  ,"9,999+"
501,OPNNG,4.7,721,스시오마카세,압구정로데오,서울특별시 강남구 도산대로34길 22 빌딩 모노폴(Building Monopole) 지하 1층,점심 7만원 · 저녁 14만원,써뉘썬,4.7 ,점심,2024.06.07,"와인 추천해주시는 소믈리에분이 정말 친절하고 설명도 잘 해주셨어요. 와인이 정말 방대해서 패드로 필터 걸면서 구경 하고, 어느정도 좁혀서 추천 부탁드려서 골랐습니다. 골라주신 와인도 정말 마음에 들었고, 기념일에 기분좋게 먹고 마실 수 있었어요. 테이스팅 코스는 생각보다 맛있고 양도 괜찮았어요! 또 먹을 의사가 있습니다. 코스 와인 페어링도 잘어울리고 좋았어요. 인테리어는 너무 과하지 않고 적당히 세련되고, 멋진 그림이 어우러져서 좋았어요. 와인은 좀 가격대가 있는 편이지만 와인 종류가 많아서 좋았습니다.  ","9,999+"
502,OPNNG,4.7,721,스시오마카세,압구정로데오,서울특별시 강남구 도산대로34길 22 빌딩 모노폴(Building Monopole) 지하 1층,점심 7만원 · 저녁 14만원,NA,NA,NA,NA,NA,"9,999+"
503,OPNNG,4.7,721,스시오마카세,압구정로데오,서울특별시 강남구 도산대로34길 22 빌딩 모노폴(Building Monopole) 지하 1층,점심 7만원 · 저녁 14만원,NA,NA,NA,NA,NA,"9,999+"
504,OPNNG,4.7,721,스시오마카세,압구정로데오,서울특별시 강남구 도산대로34길 22 빌딩 모노폴(Building Monopole) 지하 1층,점심 7만원 · 저녁 14만원,NA,NA,NA,NA,NA,"9,999+"
505,OPNNG,4.7,721,스시오마카세,압구정로데오,서울특별시 강남구 도산대로34길 22 빌딩 모노폴(Building Monopole) 지하 1층,점심 7만원 · 저녁 14만원,NA,NA,NA,NA,NA,"9,999+"
506,OPNNG,4.7,721,스시오마카세,압구정로데오,서울특별시 강남구 도산대로34길 22 빌딩 모노폴(Building Monopole) 지하 1층,점심 7만원 · 저녁 14만원,NA,NA,NA,NA,NA,"9,999+"
507,OPNNG,4.7,721,스시오마카세,압구정로데오,서울특별시 강남구 도산대로34길 22 빌딩 모노폴(Building Monopole) 지하 1층,점심 7만원 · 저녁 14만원,NA,NA,NA,NA,NA,"9,999+"
508,OPNNG,4.7,721,스시오마카세,압구정로데오,서울특별시 강남구 도산대로34길 22 빌딩 모노폴(Building Monopole) 지하 1층,점심 7만원 · 저녁 14만원,NA,NA,NA,NA,NA,"9,999+"
509,OPNNG,4.7,721,스시오마카세,압구정로데오,서울특별시 강남구 도산대로34길 22 빌딩 모노폴(Building Monopole) 지하 1층,점심 7만원 · 저녁 14만원,NA,NA,NA,NA,NA,"9,999+"
510,OPNNG,4.7,721,스시오마카세,압구정로데오,서울특별시 강남구 도산대로34길 22 빌딩 모노폴(Building Monopole) 지하 1층,점심 7만원 · 저녁 14만원,NA,NA,NA,NA,NA,"9,999+"
511,OPNNG,4.7,721,스시오마카세,압구정로데오,서울특별시 강남구 도산대로34길 22 빌딩 모노폴(Building Monopole) 지하 1층,점심 7만원 · 저녁 14만원,NA,NA,NA,NA,NA,"9,999+"
512,OPNNG,4.7,721,스시오마카세,압구정로데오,서울특별시 강남구 도산대로34길 22 빌딩 모노폴(Building Monopole) 지하 1층,점심 7만원 · 저녁 14만원,NA,NA,NA,NA,NA,"9,999+"
513,OPNNG,4.7,721,스시오마카세,압구정로데오,서울특별시 강남구 도산대로34길 22 빌딩 모노폴(Building Monopole) 지하 1층,점심 7만원 · 저녁 14만원,NA,NA,NA,NA,NA,"9,999+"
514,OPNNG,4.7,721,스시오마카세,압구정로데오,서울특별시 강남구 도산대로34길 22 빌딩 모노폴(Building Monopole) 지하 1층,점심 7만원 · 저녁 14만원,NA,NA,NA,NA,NA,"9,999+"
515,OPNNG,4.7,721,스시오마카세,압구정로데오,서울특별시 강남구 도산대로34길 22 빌딩 모노폴(Building Monopole) 지하 1층,점심 7만원 · 저녁 14만원,NA,NA,NA,NA,NA,"9,999+"
516,OPNNG,4.7,721,스시오마카세,압구정로데오,서울특별시 강남구 도산대로34길 22 빌딩 모노폴(Building Monopole) 지하 1층,점심 7만원 · 저녁 14만원,NA,NA,NA,NA,NA,"9,999+"
517,OPNNG,4.7,721,스시오마카세,압구정로데오,서울특별시 강남구 도산대로34길 22 빌딩 모노폴(Building Monopole) 지하 1층,점심 7만원 · 저녁 14만원,NA,NA,NA,NA,NA,"9,999+"
518,OPNNG,4.7,721,스시오마카세,압구정로데오,서울특별시 강남구 도산대로34길 22 빌딩 모노폴(Building Monopole) 지하 1층,점심 7만원 · 저녁 14만원,NA,NA,NA,NA,NA,"9,999+"
519,OPNNG,4.7,721,스시오마카세,압구정로데오,서울특별시 강남구 도산대로34길 22 빌딩 모노폴(Building Monopole) 지하 1층,점심 7만원 · 저녁 14만원,NA,NA,NA,NA,NA,"9,999+"
520,OPNNG,4.7,721,스시오마카세,압구정로데오,서울특별시 강남구 도산대로34길 22 빌딩 모노폴(Building Monopole) 지하 1층,점심 7만원 · 저녁 14만원,NA,NA,NA,NA,NA,"9,999+"
521,OPNNG,4.7,721,스시오마카세,압구정로데오,서울특별시 강남구 도산대로34길 22 빌딩 모노폴(Building Monopole) 지하 1층,점심 7만원 · 저녁 14만원,NA,NA,NA,NA,NA,"9,999+"
522,OPNNG,4.7,721,스시오마카세,압구정로데오,서울특별시 강남구 도산대로34길 22 빌딩 모노폴(Building Monopole) 지하 1층,점심 7만원 · 저녁 14만원,NA,NA,NA,NA,NA,"9,999+"
523,OPNNG,4.7,721,스시오마카세,압구정로데오,서울특별시 강남구 도산대로34길 22 빌딩 모노폴(Building Monopole) 지하 1층,점심 7만원 · 저녁 14만원,NA,NA,NA,NA,NA,"9,999+"
524,OPNNG,4.7,721,스시오마카세,압구정로데오,서울특별시 강남구 도산대로34길 22 빌딩 모노폴(Building Monopole) 지하 1층,점심 7만원 · 저녁 14만원,NA,NA,NA,NA,NA,"9,999+"
525,OPNNG,4.7,721,스시오마카세,압구정로데오,서울특별시 강남구 도산대로34길 22 빌딩 모노폴(Building Monopole) 지하 1층,점심 7만원 · 저녁 14만원,NA,NA,NA,NA,NA,"9,999+"
526,OPNNG,4.7,721,스시오마카세,압구정로데오,서울특별시 강남구 도산대로34길 22 빌딩 모노폴(Building Monopole) 지하 1층,점심 7만원 · 저녁 14만원,NA,NA,NA,NA,NA,"9,999+"
527,OPNNG,4.7,721,스시오마카세,압구정로데오,서울특별시 강남구 도산대로34길 22 빌딩 모노폴(Building Monopole) 지하 1층,점심 7만원 · 저녁 14만원,NA,NA,NA,NA,NA,"9,999+"
528,OPNNG,4.7,721,스시오마카세,압구정로데오,서울특별시 강남구 도산대로34길 22 빌딩 모노폴(Building Monopole) 지하 1층,점심 7만원 · 저녁 14만원,NA,NA,NA,NA,NA,"9,999+"
529,OPNNG,4.7,721,스시오마카세,압구정로데오,서울특별시 강남구 도산대로34길 22 빌딩 모노폴(Building Monopole) 지하 1층,점심 7만원 · 저녁 14만원,NA,NA,NA,NA,NA,"9,999+"
530,OPNNG,4.7,721,스시오마카세,압구정로데오,서울특별시 강남구 도산대로34길 22 빌딩 모노폴(Building Monopole) 지하 1층,점심 7만원 · 저녁 14만원,NA,NA,NA,NA,NA,"9,999+"
531,OPNNG,4.7,721,스시오마카세,압구정로데오,서울특별시 강남구 도산대로34길 22 빌딩 모노폴(Building Monopole) 지하 1층,점심 7만원 · 저녁 14만원,NA,NA,NA,NA,NA,"9,999+"
532,OPNNG,4.7,721,스시오마카세,압구정로데오,서울특별시 강남구 도산대로34길 22 빌딩 모노폴(Building Monopole) 지하 1층,점심 7만원 · 저녁 14만원,NA,NA,NA,NA,NA,"9,999+"
533,OPNNG,4.7,721,스시오마카세,압구정로데오,서울특별시 강남구 도산대로34길 22 빌딩 모노폴(Building Monopole) 지하 1층,점심 7만원 · 저녁 14만원,NA,NA,NA,NA,NA,"9,999+"
534,OPNNG,4.7,721,스시오마카세,압구정로데오,서울특별시 강남구 도산대로34길 22 빌딩 모노폴(Building Monopole) 지하 1층,점심 7만원 · 저녁 14만원,NA,NA,NA,NA,NA,"9,999+"
535,OPNNG,4.7,721,스시오마카세,압구정로데오,서울특별시 강남구 도산대로34길 22 빌딩 모노폴(Building Monopole) 지하 1층,점심 7만원 · 저녁 14만원,NA,NA,NA,NA,NA,"9,999+"
536,OPNNG,4.7,721,스시오마카세,압구정로데오,서울특별시 강남구 도산대로34길 22 빌딩 모노폴(Building Monopole) 지하 1층,점심 7만원 · 저녁 14만원,NA,NA,NA,NA,NA,"9,999+"
537,OPNNG,4.7,721,스시오마카세,압구정로데오,서울특별시 강남구 도산대로34길 22 빌딩 모노폴(Building Monopole) 지하 1층,점심 7만원 · 저녁 14만원,NA,NA,NA,NA,NA,"9,999+"
538,OPNNG,4.7,721,스시오마카세,압구정로데오,서울특별시 강남구 도산대로34길 22 빌딩 모노폴(Building Monopole) 지하 1층,점심 7만원 · 저녁 14만원,NA,NA,NA,NA,NA,"9,999+"
539,OPNNG,4.7,721,스시오마카세,압구정로데오,서울특별시 강남구 도산대로34길 22 빌딩 모노폴(Building Monopole) 지하 1층,점심 7만원 · 저녁 14만원,NA,NA,NA,NA,NA,"9,999+"
540,OPNNG,4.7,721,스시오마카세,압구정로데오,서울특별시 강남구 도산대로34길 22 빌딩 모노폴(Building Monopole) 지하 1층,점심 7만원 · 저녁 14만원,NA,NA,NA,NA,NA,"9,999+"
541,OPNNG,4.7,721,스시오마카세,압구정로데오,서울특별시 강남구 도산대로34길 22 빌딩 모노폴(Building Monopole) 지하 1층,점심 7만원 · 저녁 14만원,NA,NA,NA,NA,NA,"9,999+"
542,OPNNG,4.7,721,스시오마카세,압구정로데오,서울특별시 강남구 도산대로34길 22 빌딩 모노폴(Building Monopole) 지하 1층,점심 7만원 · 저녁 14만원,NA,NA,NA,NA,NA,"9,999+"
543,OPNNG,4.7,721,스시오마카세,압구정로데오,서울특별시 강남구 도산대로34길 22 빌딩 모노폴(Building Monopole) 지하 1층,점심 7만원 · 저녁 14만원,NA,NA,NA,NA,NA,"9,999+"
544,OPNNG,4.7,721,스시오마카세,압구정로데오,서울특별시 강남구 도산대로34길 22 빌딩 모노폴(Building Monopole) 지하 1층,점심 7만원 · 저녁 14만원,NA,NA,NA,NA,NA,"9,999+"
545,OPNNG,4.7,721,스시오마카세,압구정로데오,서울특별시 강남구 도산대로34길 22 빌딩 모노폴(Building Monopole) 지하 1층,점심 7만원 · 저녁 14만원,NA,NA,NA,NA,NA,"9,999+"
546,OPNNG,4.7,721,스시오마카세,압구정로데오,서울특별시 강남구 도산대로34길 22 빌딩 모노폴(Building Monopole) 지하 1층,점심 7만원 · 저녁 14만원,NA,NA,NA,NA,NA,"9,999+"
547,OPNNG,4.7,721,스시오마카세,압구정로데오,서울특별시 강남구 도산대로34길 22 빌딩 모노폴(Building Monopole) 지하 1층,점심 7만원 · 저녁 14만원,NA,NA,NA,NA,NA,"9,999+"
548,OPNNG,4.7,721,스시오마카세,압구정로데오,서울특별시 강남구 도산대로34길 22 빌딩 모노폴(Building Monopole) 지하 1층,점심 7만원 · 저녁 14만원,NA,NA,NA,NA,NA,"9,999+"
549,OPNNG,4.7,721,스시오마카세,압구정로데오,서울특별시 강남구 도산대로34길 22 빌딩 모노폴(Building Monopole) 지하 1층,점심 7만원 · 저녁 14만원,NA,NA,NA,NA,NA,"9,999+"
550,OPNNG,4.7,721,스시오마카세,압구정로데오,서울특별시 강남구 도산대로34길 22 빌딩 모노폴(Building Monopole) 지하 1층,점심 7만원 · 저녁 14만원,NA,NA,NA,NA,NA,"9,999+"
551,OPNNG,4.7,721,스시오마카세,압구정로데오,서울특별시 강남구 도산대로34길 22 빌딩 모노폴(Building Monopole) 지하 1층,점심 7만원 · 저녁 14만원,NA,NA,NA,NA,NA,"9,999+"
552,OPNNG,4.7,721,스시오마카세,압구정로데오,서울특별시 강남구 도산대로34길 22 빌딩 모노폴(Building Monopole) 지하 1층,점심 7만원 · 저녁 14만원,NA,NA,NA,NA,NA,"9,999+"
553,OPNNG,4.7,721,스시오마카세,압구정로데오,서울특별시 강남구 도산대로34길 22 빌딩 모노폴(Building Monopole) 지하 1층,점심 7만원 · 저녁 14만원,NA,NA,NA,NA,NA,"9,999+"
554,OPNNG,4.7,721,스시오마카세,압구정로데오,서울특별시 강남구 도산대로34길 22 빌딩 모노폴(Building Monopole) 지하 1층,점심 7만원 · 저녁 14만원,NA,NA,NA,NA,NA,"9,999+"
555,OPNNG,4.7,721,스시오마카세,압구정로데오,서울특별시 강남구 도산대로34길 22 빌딩 모노폴(Building Monopole) 지하 1층,점심 7만원 · 저녁 14만원,NA,NA,NA,NA,NA,"9,999+"
556,OPNNG,4.7,721,스시오마카세,압구정로데오,서울특별시 강남구 도산대로34길 22 빌딩 모노폴(Building Monopole) 지하 1층,점심 7만원 · 저녁 14만원,NA,NA,NA,NA,NA,"9,999+"
557,OPNNG,4.7,721,스시오마카세,압구정로데오,서울특별시 강남구 도산대로34길 22 빌딩 모노폴(Building Monopole) 지하 1층,점심 7만원 · 저녁 14만원,NA,NA,NA,NA,NA,"9,999+"
558,OPNNG,4.7,721,스시오마카세,압구정로데오,서울특별시 강남구 도산대로34길 22 빌딩 모노폴(Building Monopole) 지하 1층,점심 7만원 · 저녁 14만원,NA,NA,NA,NA,NA,"9,999+"
559,OPNNG,4.7,721,스시오마카세,압구정로데오,서울특별시 강남구 도산대로34길 22 빌딩 모노폴(Building Monopole) 지하 1층,점심 7만원 · 저녁 14만원,NA,NA,NA,NA,NA,"9,999+"
560,OPNNG,4.7,721,스시오마카세,압구정로데오,서울특별시 강남구 도산대로34길 22 빌딩 모노폴(Building Monopole) 지하 1층,점심 7만원 · 저녁 14만원,NA,NA,NA,NA,NA,"9,999+"
561,OPNNG,4.7,721,스시오마카세,압구정로데오,서울특별시 강남구 도산대로34길 22 빌딩 모노폴(Building Monopole) 지하 1층,점심 7만원 · 저녁 14만원,NA,NA,NA,NA,NA,"9,999+"
562,OPNNG,4.7,721,스시오마카세,압구정로데오,서울특별시 강남구 도산대로34길 22 빌딩 모노폴(Building Monopole) 지하 1층,점심 7만원 · 저녁 14만원,NA,NA,NA,NA,NA,"9,999+"
563,OPNNG,4.7,721,스시오마카세,압구정로데오,서울특별시 강남구 도산대로34길 22 빌딩 모노폴(Building Monopole) 지하 1층,점심 7만원 · 저녁 14만원,NA,NA,NA,NA,NA,"9,999+"
564,OPNNG,4.7,721,스시오마카세,압구정로데오,서울특별시 강남구 도산대로34길 22 빌딩 모노폴(Building Monopole) 지하 1층,점심 7만원 · 저녁 14만원,NA,NA,NA,NA,NA,"9,999+"
565,OPNNG,4.7,721,스시오마카세,압구정로데오,서울특별시 강남구 도산대로34길 22 빌딩 모노폴(Building Monopole) 지하 1층,점심 7만원 · 저녁 14만원,NA,NA,NA,NA,NA,"9,999+"
566,OPNNG,4.7,721,스시오마카세,압구정로데오,서울특별시 강남구 도산대로34길 22 빌딩 모노폴(Building Monopole) 지하 1층,점심 7만원 · 저녁 14만원,NA,NA,NA,NA,NA,"9,999+"
567,OPNNG,4.7,721,스시오마카세,압구정로데오,서울특별시 강남구 도산대로34길 22 빌딩 모노폴(Building Monopole) 지하 1층,점심 7만원 · 저녁 14만원,NA,NA,NA,NA,NA,"9,999+"
568,OPNNG,4.7,721,스시오마카세,압구정로데오,서울특별시 강남구 도산대로34길 22 빌딩 모노폴(Building Monopole) 지하 1층,점심 7만원 · 저녁 14만원,NA,NA,NA,NA,NA,"9,999+"
569,OPNNG,4.7,721,스시오마카세,압구정로데오,서울특별시 강남구 도산대로34길 22 빌딩 모노폴(Building Monopole) 지하 1층,점심 7만원 · 저녁 14만원,NA,NA,NA,NA,NA,"9,999+"
570,OPNNG,4.7,721,스시오마카세,압구정로데오,서울특별시 강남구 도산대로34길 22 빌딩 모노폴(Building Monopole) 지하 1층,점심 7만원 · 저녁 14만원,NA,NA,NA,NA,NA,"9,999+"
571,OPNNG,4.7,721,스시오마카세,압구정로데오,서울특별시 강남구 도산대로34길 22 빌딩 모노폴(Building Monopole) 지하 1층,점심 7만원 · 저녁 14만원,NA,NA,NA,NA,NA,"9,999+"
572,OPNNG,4.7,721,스시오마카세,압구정로데오,서울특별시 강남구 도산대로34길 22 빌딩 모노폴(Building Monopole) 지하 1층,점심 7만원 · 저녁 14만원,NA,NA,NA,NA,NA,"9,999+"
573,OPNNG,4.7,721,스시오마카세,압구정로데오,서울특별시 강남구 도산대로34길 22 빌딩 모노폴(Building Monopole) 지하 1층,점심 7만원 · 저녁 14만원,NA,NA,NA,NA,NA,"9,999+"
574,OPNNG,4.7,721,스시오마카세,압구정로데오,서울특별시 강남구 도산대로34길 22 빌딩 모노폴(Building Monopole) 지하 1층,점심 7만원 · 저녁 14만원,NA,NA,NA,NA,NA,"9,999+"
575,OPNNG,4.7,721,스시오마카세,압구정로데오,서울특별시 강남구 도산대로34길 22 빌딩 모노폴(Building Monopole) 지하 1층,점심 7만원 · 저녁 14만원,NA,NA,NA,NA,NA,"9,999+"
576,OPNNG,4.7,721,스시오마카세,압구정로데오,서울특별시 강남구 도산대로34길 22 빌딩 모노폴(Building Monopole) 지하 1층,점심 7만원 · 저녁 14만원,NA,NA,NA,NA,NA,"9,999+"
577,OPNNG,4.7,721,스시오마카세,압구정로데오,서울특별시 강남구 도산대로34길 22 빌딩 모노폴(Building Monopole) 지하 1층,점심 7만원 · 저녁 14만원,NA,NA,NA,NA,NA,"9,999+"
578,OPNNG,4.7,721,스시오마카세,압구정로데오,서울특별시 강남구 도산대로34길 22 빌딩 모노폴(Building Monopole) 지하 1층,점심 7만원 · 저녁 14만원,NA,NA,NA,NA,NA,"9,999+"
579,OPNNG,4.7,721,스시오마카세,압구정로데오,서울특별시 강남구 도산대로34길 22 빌딩 모노폴(Building Monopole) 지하 1층,점심 7만원 · 저녁 14만원,NA,NA,NA,NA,NA,"9,999+"
580,OPNNG,4.7,721,스시오마카세,압구정로데오,서울특별시 강남구 도산대로34길 22 빌딩 모노폴(Building Monopole) 지하 1층,점심 7만원 · 저녁 14만원,NA,NA,NA,NA,NA,"9,999+"
581,OPNNG,4.7,721,스시오마카세,압구정로데오,서울특별시 강남구 도산대로34길 22 빌딩 모노폴(Building Monopole) 지하 1층,점심 7만원 · 저녁 14만원,NA,NA,NA,NA,NA,"9,999+"
582,OPNNG,4.7,721,스시오마카세,압구정로데오,서울특별시 강남구 도산대로34길 22 빌딩 모노폴(Building Monopole) 지하 1층,점심 7만원 · 저녁 14만원,NA,NA,NA,NA,NA,"9,999+"
583,OPNNG,4.7,721,스시오마카세,압구정로데오,서울특별시 강남구 도산대로34길 22 빌딩 모노폴(Building Monopole) 지하 1층,점심 7만원 · 저녁 14만원,NA,NA,NA,NA,NA,"9,999+"
584,OPNNG,4.7,721,스시오마카세,압구정로데오,서울특별시 강남구 도산대로34길 22 빌딩 모노폴(Building Monopole) 지하 1층,점심 7만원 · 저녁 14만원,NA,NA,NA,NA,NA,"9,999+"
585,OPNNG,4.7,721,스시오마카세,압구정로데오,서울특별시 강남구 도산대로34길 22 빌딩 모노폴(Building Monopole) 지하 1층,점심 7만원 · 저녁 14만원,NA,NA,NA,NA,NA,"9,999+"
586,OPNNG,4.7,721,스시오마카세,압구정로데오,서울특별시 강남구 도산대로34길 22 빌딩 모노폴(Building Monopole) 지하 1층,점심 7만원 · 저녁 14만원,NA,NA,NA,NA,NA,"9,999+"
587,OPNNG,4.7,721,스시오마카세,압구정로데오,서울특별시 강남구 도산대로34길 22 빌딩 모노폴(Building Monopole) 지하 1층,점심 7만원 · 저녁 14만원,NA,NA,NA,NA,NA,"9,999+"
588,OPNNG,4.7,721,스시오마카세,압구정로데오,서울특별시 강남구 도산대로34길 22 빌딩 모노폴(Building Monopole) 지하 1층,점심 7만원 · 저녁 14만원,NA,NA,NA,NA,NA,"9,999+"
589,OPNNG,4.7,721,스시오마카세,압구정로데오,서울특별시 강남구 도산대로34길 22 빌딩 모노폴(Building Monopole) 지하 1층,점심 7만원 · 저녁 14만원,NA,NA,NA,NA,NA,"9,999+"
590,OPNNG,4.7,721,스시오마카세,압구정로데오,서울특별시 강남구 도산대로34길 22 빌딩 모노폴(Building Monopole) 지하 1층,점심 7만원 · 저녁 14만원,NA,NA,NA,NA,NA,"9,999+"
591,OPNNG,4.7,721,스시오마카세,압구정로데오,서울특별시 강남구 도산대로34길 22 빌딩 모노폴(Building Monopole) 지하 1층,점심 7만원 · 저녁 14만원,NA,NA,NA,NA,NA,"9,999+"
592,OPNNG,4.7,721,스시오마카세,압구정로데오,서울특별시 강남구 도산대로34길 22 빌딩 모노폴(Building Monopole) 지하 1층,점심 7만원 · 저녁 14만원,NA,NA,NA,NA,NA,"9,999+"
593,OPNNG,4.7,721,스시오마카세,압구정로데오,서울특별시 강남구 도산대로34길 22 빌딩 모노폴(Building Monopole) 지하 1층,점심 7만원 · 저녁 14만원,NA,NA,NA,NA,NA,"9,999+"
594,OPNNG,4.7,721,스시오마카세,압구정로데오,서울특별시 강남구 도산대로34길 22 빌딩 모노폴(Building Monopole) 지하 1층,점심 7만원 · 저녁 14만원,NA,NA,NA,NA,NA,"9,999+"
595,OPNNG,4.7,721,스시오마카세,압구정로데오,서울특별시 강남구 도산대로34길 22 빌딩 모노폴(Building Monopole) 지하 1층,점심 7만원 · 저녁 14만원,NA,NA,NA,NA,NA,"9,999+"
596,OPNNG,4.7,721,스시오마카세,압구정로데오,서울특별시 강남구 도산대로34길 22 빌딩 모노폴(Building Monopole) 지하 1층,점심 7만원 · 저녁 14만원,NA,NA,NA,NA,NA,"9,999+"
597,OPNNG,4.7,721,스시오마카세,압구정로데오,서울특별시 강남구 도산대로34길 22 빌딩 모노폴(Building Monopole) 지하 1층,점심 7만원 · 저녁 14만원,NA,NA,NA,NA,NA,"9,999+"
598,OPNNG,4.7,721,스시오마카세,압구정로데오,서울특별시 강남구 도산대로34길 22 빌딩 모노폴(Building Monopole) 지하 1층,점심 7만원 · 저녁 14만원,NA,NA,NA,NA,NA,"9,999+"
599,OPNNG,4.7,721,스시오마카세,압구정로데오,서울특별시 강남구 도산대로34길 22 빌딩 모노폴(Building Monopole) 지하 1층,점심 7만원 · 저녁 14만원,NA,NA,NA,NA,NA,"9,999+"
600,부르 vuur,4.7,718,다이닝바,논현,서울특별시 강남구 봉은사로 151 분데스 언주 1층,점심 영업안함 · 저녁 1 - 6만원,ClaBlossom,4.7 ,저녁,2024.06.22,"2차로 가기 너무 좋은 부르!  근데 음식이 너무 맛있어서 1차로 가도 좋을 부르!   다이닝바에서 이렇게 요리 하나하나가 다 맛있다니! 트러플 푸아그라 교꾸와 대구 브랑다드 꼭 시키세요 ㅎㅎ  근데 그 중에서도 진실의 미간을 찌푸리게 한 화이트 엔초비 오일 파스타!!!   이거 먹으러 또 갈 거 같아요 :)  목요일에 방문했더니, Live Jazz 공연도 보고...  전 담에도 목요일에 가려고요 ㅎㅎㅎ   ","9,999+"
601,부르 vuur,4.7,718,다이닝바,논현,서울특별시 강남구 봉은사로 151 분데스 언주 1층,점심 영업안함 · 저녁 1 - 6만원,gugigu,5.0 ,저녁,2024.06.20,"기념일에 분위기 좋은 곳을 찾아갔는데, 음식도 너무 맛있고 다들 너무 친절하셔서 기분좋게 식사하고 왔습니다. 목요일이라 공연도 해서 더 좋았네요.  ","9,999+"
602,부르 vuur,4.7,718,다이닝바,논현,서울특별시 강남구 봉은사로 151 분데스 언주 1층,점심 영업안함 · 저녁 1 - 6만원,NA,NA,NA,NA,NA,"9,999+"
603,부르 vuur,4.7,718,다이닝바,논현,서울특별시 강남구 봉은사로 151 분데스 언주 1층,점심 영업안함 · 저녁 1 - 6만원,NA,NA,NA,NA,NA,"9,999+"
604,부르 vuur,4.7,718,다이닝바,논현,서울특별시 강남구 봉은사로 151 분데스 언주 1층,점심 영업안함 · 저녁 1 - 6만원,NA,NA,NA,NA,NA,"9,999+"
605,부르 vuur,4.7,718,다이닝바,논현,서울특별시 강남구 봉은사로 151 분데스 언주 1층,점심 영업안함 · 저녁 1 - 6만원,NA,NA,NA,NA,NA,"9,999+"
606,부르 vuur,4.7,718,다이닝바,논현,서울특별시 강남구 봉은사로 151 분데스 언주 1층,점심 영업안함 · 저녁 1 - 6만원,NA,NA,NA,NA,NA,"9,999+"
607,부르 vuur,4.7,718,다이닝바,논현,서울특별시 강남구 봉은사로 151 분데스 언주 1층,점심 영업안함 · 저녁 1 - 6만원,NA,NA,NA,NA,NA,"9,999+"
608,부르 vuur,4.7,718,다이닝바,논현,서울특별시 강남구 봉은사로 151 분데스 언주 1층,점심 영업안함 · 저녁 1 - 6만원,NA,NA,NA,NA,NA,"9,999+"
609,부르 vuur,4.7,718,다이닝바,논현,서울특별시 강남구 봉은사로 151 분데스 언주 1층,점심 영업안함 · 저녁 1 - 6만원,NA,NA,NA,NA,NA,"9,999+"
610,부르 vuur,4.7,718,다이닝바,논현,서울특별시 강남구 봉은사로 151 분데스 언주 1층,점심 영업안함 · 저녁 1 - 6만원,NA,NA,NA,NA,NA,"9,999+"
611,부르 vuur,4.7,718,다이닝바,논현,서울특별시 강남구 봉은사로 151 분데스 언주 1층,점심 영업안함 · 저녁 1 - 6만원,NA,NA,NA,NA,NA,"9,999+"
612,부르 vuur,4.7,718,다이닝바,논현,서울특별시 강남구 봉은사로 151 분데스 언주 1층,점심 영업안함 · 저녁 1 - 6만원,NA,NA,NA,NA,NA,"9,999+"
613,부르 vuur,4.7,718,다이닝바,논현,서울특별시 강남구 봉은사로 151 분데스 언주 1층,점심 영업안함 · 저녁 1 - 6만원,NA,NA,NA,NA,NA,"9,999+"
614,부르 vuur,4.7,718,다이닝바,논현,서울특별시 강남구 봉은사로 151 분데스 언주 1층,점심 영업안함 · 저녁 1 - 6만원,NA,NA,NA,NA,NA,"9,999+"
615,부르 vuur,4.7,718,다이닝바,논현,서울특별시 강남구 봉은사로 151 분데스 언주 1층,점심 영업안함 · 저녁 1 - 6만원,NA,NA,NA,NA,NA,"9,999+"
616,부르 vuur,4.7,718,다이닝바,논현,서울특별시 강남구 봉은사로 151 분데스 언주 1층,점심 영업안함 · 저녁 1 - 6만원,NA,NA,NA,NA,NA,"9,999+"
617,부르 vuur,4.7,718,다이닝바,논현,서울특별시 강남구 봉은사로 151 분데스 언주 1층,점심 영업안함 · 저녁 1 - 6만원,NA,NA,NA,NA,NA,"9,999+"
618,부르 vuur,4.7,718,다이닝바,논현,서울특별시 강남구 봉은사로 151 분데스 언주 1층,점심 영업안함 · 저녁 1 - 6만원,NA,NA,NA,NA,NA,"9,999+"
619,부르 vuur,4.7,718,다이닝바,논현,서울특별시 강남구 봉은사로 151 분데스 언주 1층,점심 영업안함 · 저녁 1 - 6만원,NA,NA,NA,NA,NA,"9,999+"
620,부르 vuur,4.7,718,다이닝바,논현,서울특별시 강남구 봉은사로 151 분데스 언주 1층,점심 영업안함 · 저녁 1 - 6만원,NA,NA,NA,NA,NA,"9,999+"
621,부르 vuur,4.7,718,다이닝바,논현,서울특별시 강남구 봉은사로 151 분데스 언주 1층,점심 영업안함 · 저녁 1 - 6만원,NA,NA,NA,NA,NA,"9,999+"
622,부르 vuur,4.7,718,다이닝바,논현,서울특별시 강남구 봉은사로 151 분데스 언주 1층,점심 영업안함 · 저녁 1 - 6만원,NA,NA,NA,NA,NA,"9,999+"
623,부르 vuur,4.7,718,다이닝바,논현,서울특별시 강남구 봉은사로 151 분데스 언주 1층,점심 영업안함 · 저녁 1 - 6만원,NA,NA,NA,NA,NA,"9,999+"
624,부르 vuur,4.7,718,다이닝바,논현,서울특별시 강남구 봉은사로 151 분데스 언주 1층,점심 영업안함 · 저녁 1 - 6만원,NA,NA,NA,NA,NA,"9,999+"
625,부르 vuur,4.7,718,다이닝바,논현,서울특별시 강남구 봉은사로 151 분데스 언주 1층,점심 영업안함 · 저녁 1 - 6만원,NA,NA,NA,NA,NA,"9,999+"
626,부르 vuur,4.7,718,다이닝바,논현,서울특별시 강남구 봉은사로 151 분데스 언주 1층,점심 영업안함 · 저녁 1 - 6만원,NA,NA,NA,NA,NA,"9,999+"
627,부르 vuur,4.7,718,다이닝바,논현,서울특별시 강남구 봉은사로 151 분데스 언주 1층,점심 영업안함 · 저녁 1 - 6만원,NA,NA,NA,NA,NA,"9,999+"
628,부르 vuur,4.7,718,다이닝바,논현,서울특별시 강남구 봉은사로 151 분데스 언주 1층,점심 영업안함 · 저녁 1 - 6만원,NA,NA,NA,NA,NA,"9,999+"
629,부르 vuur,4.7,718,다이닝바,논현,서울특별시 강남구 봉은사로 151 분데스 언주 1층,점심 영업안함 · 저녁 1 - 6만원,NA,NA,NA,NA,NA,"9,999+"
630,부르 vuur,4.7,718,다이닝바,논현,서울특별시 강남구 봉은사로 151 분데스 언주 1층,점심 영업안함 · 저녁 1 - 6만원,NA,NA,NA,NA,NA,"9,999+"
631,부르 vuur,4.7,718,다이닝바,논현,서울특별시 강남구 봉은사로 151 분데스 언주 1층,점심 영업안함 · 저녁 1 - 6만원,NA,NA,NA,NA,NA,"9,999+"
632,부르 vuur,4.7,718,다이닝바,논현,서울특별시 강남구 봉은사로 151 분데스 언주 1층,점심 영업안함 · 저녁 1 - 6만원,NA,NA,NA,NA,NA,"9,999+"
633,부르 vuur,4.7,718,다이닝바,논현,서울특별시 강남구 봉은사로 151 분데스 언주 1층,점심 영업안함 · 저녁 1 - 6만원,NA,NA,NA,NA,NA,"9,999+"
634,부르 vuur,4.7,718,다이닝바,논현,서울특별시 강남구 봉은사로 151 분데스 언주 1층,점심 영업안함 · 저녁 1 - 6만원,NA,NA,NA,NA,NA,"9,999+"
635,부르 vuur,4.7,718,다이닝바,논현,서울특별시 강남구 봉은사로 151 분데스 언주 1층,점심 영업안함 · 저녁 1 - 6만원,NA,NA,NA,NA,NA,"9,999+"
636,부르 vuur,4.7,718,다이닝바,논현,서울특별시 강남구 봉은사로 151 분데스 언주 1층,점심 영업안함 · 저녁 1 - 6만원,NA,NA,NA,NA,NA,"9,999+"
637,부르 vuur,4.7,718,다이닝바,논현,서울특별시 강남구 봉은사로 151 분데스 언주 1층,점심 영업안함 · 저녁 1 - 6만원,NA,NA,NA,NA,NA,"9,999+"
638,부르 vuur,4.7,718,다이닝바,논현,서울특별시 강남구 봉은사로 151 분데스 언주 1층,점심 영업안함 · 저녁 1 - 6만원,NA,NA,NA,NA,NA,"9,999+"
639,부르 vuur,4.7,718,다이닝바,논현,서울특별시 강남구 봉은사로 151 분데스 언주 1층,점심 영업안함 · 저녁 1 - 6만원,NA,NA,NA,NA,NA,"9,999+"
640,부르 vuur,4.7,718,다이닝바,논현,서울특별시 강남구 봉은사로 151 분데스 언주 1층,점심 영업안함 · 저녁 1 - 6만원,NA,NA,NA,NA,NA,"9,999+"
641,부르 vuur,4.7,718,다이닝바,논현,서울특별시 강남구 봉은사로 151 분데스 언주 1층,점심 영업안함 · 저녁 1 - 6만원,NA,NA,NA,NA,NA,"9,999+"
642,부르 vuur,4.7,718,다이닝바,논현,서울특별시 강남구 봉은사로 151 분데스 언주 1층,점심 영업안함 · 저녁 1 - 6만원,NA,NA,NA,NA,NA,"9,999+"
643,부르 vuur,4.7,718,다이닝바,논현,서울특별시 강남구 봉은사로 151 분데스 언주 1층,점심 영업안함 · 저녁 1 - 6만원,NA,NA,NA,NA,NA,"9,999+"
644,부르 vuur,4.7,718,다이닝바,논현,서울특별시 강남구 봉은사로 151 분데스 언주 1층,점심 영업안함 · 저녁 1 - 6만원,NA,NA,NA,NA,NA,"9,999+"
645,부르 vuur,4.7,718,다이닝바,논현,서울특별시 강남구 봉은사로 151 분데스 언주 1층,점심 영업안함 · 저녁 1 - 6만원,NA,NA,NA,NA,NA,"9,999+"
646,부르 vuur,4.7,718,다이닝바,논현,서울특별시 강남구 봉은사로 151 분데스 언주 1층,점심 영업안함 · 저녁 1 - 6만원,NA,NA,NA,NA,NA,"9,999+"
647,부르 vuur,4.7,718,다이닝바,논현,서울특별시 강남구 봉은사로 151 분데스 언주 1층,점심 영업안함 · 저녁 1 - 6만원,NA,NA,NA,NA,NA,"9,999+"
648,부르 vuur,4.7,718,다이닝바,논현,서울특별시 강남구 봉은사로 151 분데스 언주 1층,점심 영업안함 · 저녁 1 - 6만원,NA,NA,NA,NA,NA,"9,999+"
649,부르 vuur,4.7,718,다이닝바,논현,서울특별시 강남구 봉은사로 151 분데스 언주 1층,점심 영업안함 · 저녁 1 - 6만원,NA,NA,NA,NA,NA,"9,999+"
650,부르 vuur,4.7,718,다이닝바,논현,서울특별시 강남구 봉은사로 151 분데스 언주 1층,점심 영업안함 · 저녁 1 - 6만원,NA,NA,NA,NA,NA,"9,999+"
651,부르 vuur,4.7,718,다이닝바,논현,서울특별시 강남구 봉은사로 151 분데스 언주 1층,점심 영업안함 · 저녁 1 - 6만원,NA,NA,NA,NA,NA,"9,999+"
652,부르 vuur,4.7,718,다이닝바,논현,서울특별시 강남구 봉은사로 151 분데스 언주 1층,점심 영업안함 · 저녁 1 - 6만원,NA,NA,NA,NA,NA,"9,999+"
653,부르 vuur,4.7,718,다이닝바,논현,서울특별시 강남구 봉은사로 151 분데스 언주 1층,점심 영업안함 · 저녁 1 - 6만원,NA,NA,NA,NA,NA,"9,999+"
654,부르 vuur,4.7,718,다이닝바,논현,서울특별시 강남구 봉은사로 151 분데스 언주 1층,점심 영업안함 · 저녁 1 - 6만원,NA,NA,NA,NA,NA,"9,999+"
655,부르 vuur,4.7,718,다이닝바,논현,서울특별시 강남구 봉은사로 151 분데스 언주 1층,점심 영업안함 · 저녁 1 - 6만원,NA,NA,NA,NA,NA,"9,999+"
656,부르 vuur,4.7,718,다이닝바,논현,서울특별시 강남구 봉은사로 151 분데스 언주 1층,점심 영업안함 · 저녁 1 - 6만원,NA,NA,NA,NA,NA,"9,999+"
657,부르 vuur,4.7,718,다이닝바,논현,서울특별시 강남구 봉은사로 151 분데스 언주 1층,점심 영업안함 · 저녁 1 - 6만원,NA,NA,NA,NA,NA,"9,999+"
658,부르 vuur,4.7,718,다이닝바,논현,서울특별시 강남구 봉은사로 151 분데스 언주 1층,점심 영업안함 · 저녁 1 - 6만원,NA,NA,NA,NA,NA,"9,999+"
659,부르 vuur,4.7,718,다이닝바,논현,서울특별시 강남구 봉은사로 151 분데스 언주 1층,점심 영업안함 · 저녁 1 - 6만원,NA,NA,NA,NA,NA,"9,999+"
660,부르 vuur,4.7,718,다이닝바,논현,서울특별시 강남구 봉은사로 151 분데스 언주 1층,점심 영업안함 · 저녁 1 - 6만원,NA,NA,NA,NA,NA,"9,999+"
661,부르 vuur,4.7,718,다이닝바,논현,서울특별시 강남구 봉은사로 151 분데스 언주 1층,점심 영업안함 · 저녁 1 - 6만원,NA,NA,NA,NA,NA,"9,999+"
662,부르 vuur,4.7,718,다이닝바,논현,서울특별시 강남구 봉은사로 151 분데스 언주 1층,점심 영업안함 · 저녁 1 - 6만원,NA,NA,NA,NA,NA,"9,999+"
663,부르 vuur,4.7,718,다이닝바,논현,서울특별시 강남구 봉은사로 151 분데스 언주 1층,점심 영업안함 · 저녁 1 - 6만원,NA,NA,NA,NA,NA,"9,999+"
664,부르 vuur,4.7,718,다이닝바,논현,서울특별시 강남구 봉은사로 151 분데스 언주 1층,점심 영업안함 · 저녁 1 - 6만원,NA,NA,NA,NA,NA,"9,999+"
665,부르 vuur,4.7,718,다이닝바,논현,서울특별시 강남구 봉은사로 151 분데스 언주 1층,점심 영업안함 · 저녁 1 - 6만원,NA,NA,NA,NA,NA,"9,999+"
666,부르 vuur,4.7,718,다이닝바,논현,서울특별시 강남구 봉은사로 151 분데스 언주 1층,점심 영업안함 · 저녁 1 - 6만원,NA,NA,NA,NA,NA,"9,999+"
667,부르 vuur,4.7,718,다이닝바,논현,서울특별시 강남구 봉은사로 151 분데스 언주 1층,점심 영업안함 · 저녁 1 - 6만원,NA,NA,NA,NA,NA,"9,999+"
668,부르 vuur,4.7,718,다이닝바,논현,서울특별시 강남구 봉은사로 151 분데스 언주 1층,점심 영업안함 · 저녁 1 - 6만원,NA,NA,NA,NA,NA,"9,999+"
669,부르 vuur,4.7,718,다이닝바,논현,서울특별시 강남구 봉은사로 151 분데스 언주 1층,점심 영업안함 · 저녁 1 - 6만원,NA,NA,NA,NA,NA,"9,999+"
670,부르 vuur,4.7,718,다이닝바,논현,서울특별시 강남구 봉은사로 151 분데스 언주 1층,점심 영업안함 · 저녁 1 - 6만원,NA,NA,NA,NA,NA,"9,999+"
671,부르 vuur,4.7,718,다이닝바,논현,서울특별시 강남구 봉은사로 151 분데스 언주 1층,점심 영업안함 · 저녁 1 - 6만원,NA,NA,NA,NA,NA,"9,999+"
672,부르 vuur,4.7,718,다이닝바,논현,서울특별시 강남구 봉은사로 151 분데스 언주 1층,점심 영업안함 · 저녁 1 - 6만원,NA,NA,NA,NA,NA,"9,999+"
673,부르 vuur,4.7,718,다이닝바,논현,서울특별시 강남구 봉은사로 151 분데스 언주 1층,점심 영업안함 · 저녁 1 - 6만원,NA,NA,NA,NA,NA,"9,999+"
674,부르 vuur,4.7,718,다이닝바,논현,서울특별시 강남구 봉은사로 151 분데스 언주 1층,점심 영업안함 · 저녁 1 - 6만원,NA,NA,NA,NA,NA,"9,999+"
675,부르 vuur,4.7,718,다이닝바,논현,서울특별시 강남구 봉은사로 151 분데스 언주 1층,점심 영업안함 · 저녁 1 - 6만원,NA,NA,NA,NA,NA,"9,999+"
676,부르 vuur,4.7,718,다이닝바,논현,서울특별시 강남구 봉은사로 151 분데스 언주 1층,점심 영업안함 · 저녁 1 - 6만원,NA,NA,NA,NA,NA,"9,999+"
677,부르 vuur,4.7,718,다이닝바,논현,서울특별시 강남구 봉은사로 151 분데스 언주 1층,점심 영업안함 · 저녁 1 - 6만원,NA,NA,NA,NA,NA,"9,999+"
678,부르 vuur,4.7,718,다이닝바,논현,서울특별시 강남구 봉은사로 151 분데스 언주 1층,점심 영업안함 · 저녁 1 - 6만원,NA,NA,NA,NA,NA,"9,999+"
679,부르 vuur,4.7,718,다이닝바,논현,서울특별시 강남구 봉은사로 151 분데스 언주 1층,점심 영업안함 · 저녁 1 - 6만원,NA,NA,NA,NA,NA,"9,999+"
680,부르 vuur,4.7,718,다이닝바,논현,서울특별시 강남구 봉은사로 151 분데스 언주 1층,점심 영업안함 · 저녁 1 - 6만원,NA,NA,NA,NA,NA,"9,999+"
681,부르 vuur,4.7,718,다이닝바,논현,서울특별시 강남구 봉은사로 151 분데스 언주 1층,점심 영업안함 · 저녁 1 - 6만원,NA,NA,NA,NA,NA,"9,999+"
682,부르 vuur,4.7,718,다이닝바,논현,서울특별시 강남구 봉은사로 151 분데스 언주 1층,점심 영업안함 · 저녁 1 - 6만원,NA,NA,NA,NA,NA,"9,999+"
683,부르 vuur,4.7,718,다이닝바,논현,서울특별시 강남구 봉은사로 151 분데스 언주 1층,점심 영업안함 · 저녁 1 - 6만원,NA,NA,NA,NA,NA,"9,999+"
684,부르 vuur,4.7,718,다이닝바,논현,서울특별시 강남구 봉은사로 151 분데스 언주 1층,점심 영업안함 · 저녁 1 - 6만원,NA,NA,NA,NA,NA,"9,999+"
685,부르 vuur,4.7,718,다이닝바,논현,서울특별시 강남구 봉은사로 151 분데스 언주 1층,점심 영업안함 · 저녁 1 - 6만원,NA,NA,NA,NA,NA,"9,999+"
686,부르 vuur,4.7,718,다이닝바,논현,서울특별시 강남구 봉은사로 151 분데스 언주 1층,점심 영업안함 · 저녁 1 - 6만원,NA,NA,NA,NA,NA,"9,999+"
687,부르 vuur,4.7,718,다이닝바,논현,서울특별시 강남구 봉은사로 151 분데스 언주 1층,점심 영업안함 · 저녁 1 - 6만원,NA,NA,NA,NA,NA,"9,999+"
688,부르 vuur,4.7,718,다이닝바,논현,서울특별시 강남구 봉은사로 151 분데스 언주 1층,점심 영업안함 · 저녁 1 - 6만원,NA,NA,NA,NA,NA,"9,999+"
689,부르 vuur,4.7,718,다이닝바,논현,서울특별시 강남구 봉은사로 151 분데스 언주 1층,점심 영업안함 · 저녁 1 - 6만원,NA,NA,NA,NA,NA,"9,999+"
690,부르 vuur,4.7,718,다이닝바,논현,서울특별시 강남구 봉은사로 151 분데스 언주 1층,점심 영업안함 · 저녁 1 - 6만원,NA,NA,NA,NA,NA,"9,999+"
691,부르 vuur,4.7,718,다이닝바,논현,서울특별시 강남구 봉은사로 151 분데스 언주 1층,점심 영업안함 · 저녁 1 - 6만원,NA,NA,NA,NA,NA,"9,999+"
692,부르 vuur,4.7,718,다이닝바,논현,서울특별시 강남구 봉은사로 151 분데스 언주 1층,점심 영업안함 · 저녁 1 - 6만원,NA,NA,NA,NA,NA,"9,999+"
693,부르 vuur,4.7,718,다이닝바,논현,서울특별시 강남구 봉은사로 151 분데스 언주 1층,점심 영업안함 · 저녁 1 - 6만원,NA,NA,NA,NA,NA,"9,999+"
694,부르 vuur,4.7,718,다이닝바,논현,서울특별시 강남구 봉은사로 151 분데스 언주 1층,점심 영업안함 · 저녁 1 - 6만원,NA,NA,NA,NA,NA,"9,999+"
695,부르 vuur,4.7,718,다이닝바,논현,서울특별시 강남구 봉은사로 151 분데스 언주 1층,점심 영업안함 · 저녁 1 - 6만원,NA,NA,NA,NA,NA,"9,999+"
696,부르 vuur,4.7,718,다이닝바,논현,서울특별시 강남구 봉은사로 151 분데스 언주 1층,점심 영업안함 · 저녁 1 - 6만원,NA,NA,NA,NA,NA,"9,999+"
697,부르 vuur,4.7,718,다이닝바,논현,서울특별시 강남구 봉은사로 151 분데스 언주 1층,점심 영업안함 · 저녁 1 - 6만원,NA,NA,NA,NA,NA,"9,999+"
698,부르 vuur,4.7,718,다이닝바,논현,서울특별시 강남구 봉은사로 151 분데스 언주 1층,점심 영업안함 · 저녁 1 - 6만원,NA,NA,NA,NA,NA,"9,999+"
699,부르 vuur,4.7,718,다이닝바,논현,서울특별시 강남구 봉은사로 151 분데스 언주 1층,점심 영업안함 · 저녁 1 - 6만원,NA,NA,NA,NA,NA,"9,999+"
700,백미우,4.8,615,다이닝바,논현,서울특별시 강남구 논현로150길 17 1층,2~5만원,즐거운 개척가_23350,5.0 ,저녁,2024.06.24,캐치 테이블로 손쉽게 예약하고 갔어요 예정된 시간보다 10분정도 늦었는데 이해해주셨습니다! 발렛 비용은 5천원이에요 두명이서 백미우 세트 2인분 먹었습니다(400g) 고가가 하나하나 다 맛있었어요 그리고 너무 친절하셨구요 여자친구 생일이라 후식 타이밍이 케이크 먹을 수 있냐고 여쭤봤는데 식기와 포크까지 따로 주셨습니당! 후식으로 샤베트 아이스크림 나왔었는데 맛있었어요 추천합니다!  ,"9,999+"
701,백미우,4.8,615,다이닝바,논현,서울특별시 강남구 논현로150길 17 1층,2~5만원,여유로운 식객_12958,5.0 ,저녁,2024.06.12,남자친구랑 기념일이어서 방문했는데 서비스도 좋고 음식도 너무 맛있었어요! 사이드도 다양하게 나오고 메인이랑 식사 메뉴 모두 너무 맛있어서 만족스러운 식사하고 갑니다 *´︶`*  ,"9,999+"
702,백미우,4.8,615,다이닝바,논현,서울특별시 강남구 논현로150길 17 1층,2~5만원,NA,NA,NA,NA,NA,"9,999+"
703,백미우,4.8,615,다이닝바,논현,서울특별시 강남구 논현로150길 17 1층,2~5만원,NA,NA,NA,NA,NA,"9,999+"
704,백미우,4.8,615,다이닝바,논현,서울특별시 강남구 논현로150길 17 1층,2~5만원,NA,NA,NA,NA,NA,"9,999+"
705,백미우,4.8,615,다이닝바,논현,서울특별시 강남구 논현로150길 17 1층,2~5만원,NA,NA,NA,NA,NA,"9,999+"
706,백미우,4.8,615,다이닝바,논현,서울특별시 강남구 논현로150길 17 1층,2~5만원,NA,NA,NA,NA,NA,"9,999+"
707,백미우,4.8,615,다이닝바,논현,서울특별시 강남구 논현로150길 17 1층,2~5만원,NA,NA,NA,NA,NA,"9,999+"
708,백미우,4.8,615,다이닝바,논현,서울특별시 강남구 논현로150길 17 1층,2~5만원,NA,NA,NA,NA,NA,"9,999+"
709,백미우,4.8,615,다이닝바,논현,서울특별시 강남구 논현로150길 17 1층,2~5만원,NA,NA,NA,NA,NA,"9,999+"
710,백미우,4.8,615,다이닝바,논현,서울특별시 강남구 논현로150길 17 1층,2~5만원,NA,NA,NA,NA,NA,"9,999+"
711,백미우,4.8,615,다이닝바,논현,서울특별시 강남구 논현로150길 17 1층,2~5만원,NA,NA,NA,NA,NA,"9,999+"
712,백미우,4.8,615,다이닝바,논현,서울특별시 강남구 논현로150길 17 1층,2~5만원,NA,NA,NA,NA,NA,"9,999+"
713,백미우,4.8,615,다이닝바,논현,서울특별시 강남구 논현로150길 17 1층,2~5만원,NA,NA,NA,NA,NA,"9,999+"
714,백미우,4.8,615,다이닝바,논현,서울특별시 강남구 논현로150길 17 1층,2~5만원,NA,NA,NA,NA,NA,"9,999+"
715,백미우,4.8,615,다이닝바,논현,서울특별시 강남구 논현로150길 17 1층,2~5만원,NA,NA,NA,NA,NA,"9,999+"
716,백미우,4.8,615,다이닝바,논현,서울특별시 강남구 논현로150길 17 1층,2~5만원,NA,NA,NA,NA,NA,"9,999+"
717,백미우,4.8,615,다이닝바,논현,서울특별시 강남구 논현로150길 17 1층,2~5만원,NA,NA,NA,NA,NA,"9,999+"
718,백미우,4.8,615,다이닝바,논현,서울특별시 강남구 논현로150길 17 1층,2~5만원,NA,NA,NA,NA,NA,"9,999+"
719,백미우,4.8,615,다이닝바,논현,서울특별시 강남구 논현로150길 17 1층,2~5만원,NA,NA,NA,NA,NA,"9,999+"
720,백미우,4.8,615,다이닝바,논현,서울특별시 강남구 논현로150길 17 1층,2~5만원,NA,NA,NA,NA,NA,"9,999+"
721,백미우,4.8,615,다이닝바,논현,서울특별시 강남구 논현로150길 17 1층,2~5만원,NA,NA,NA,NA,NA,"9,999+"
722,백미우,4.8,615,다이닝바,논현,서울특별시 강남구 논현로150길 17 1층,2~5만원,NA,NA,NA,NA,NA,"9,999+"
723,백미우,4.8,615,다이닝바,논현,서울특별시 강남구 논현로150길 17 1층,2~5만원,NA,NA,NA,NA,NA,"9,999+"
724,백미우,4.8,615,다이닝바,논현,서울특별시 강남구 논현로150길 17 1층,2~5만원,NA,NA,NA,NA,NA,"9,999+"
725,백미우,4.8,615,다이닝바,논현,서울특별시 강남구 논현로150길 17 1층,2~5만원,NA,NA,NA,NA,NA,"9,999+"
726,백미우,4.8,615,다이닝바,논현,서울특별시 강남구 논현로150길 17 1층,2~5만원,NA,NA,NA,NA,NA,"9,999+"
727,백미우,4.8,615,다이닝바,논현,서울특별시 강남구 논현로150길 17 1층,2~5만원,NA,NA,NA,NA,NA,"9,999+"
728,백미우,4.8,615,다이닝바,논현,서울특별시 강남구 논현로150길 17 1층,2~5만원,NA,NA,NA,NA,NA,"9,999+"
729,백미우,4.8,615,다이닝바,논현,서울특별시 강남구 논현로150길 17 1층,2~5만원,NA,NA,NA,NA,NA,"9,999+"
730,백미우,4.8,615,다이닝바,논현,서울특별시 강남구 논현로150길 17 1층,2~5만원,NA,NA,NA,NA,NA,"9,999+"
731,백미우,4.8,615,다이닝바,논현,서울특별시 강남구 논현로150길 17 1층,2~5만원,NA,NA,NA,NA,NA,"9,999+"
732,백미우,4.8,615,다이닝바,논현,서울특별시 강남구 논현로150길 17 1층,2~5만원,NA,NA,NA,NA,NA,"9,999+"
733,백미우,4.8,615,다이닝바,논현,서울특별시 강남구 논현로150길 17 1층,2~5만원,NA,NA,NA,NA,NA,"9,999+"
734,백미우,4.8,615,다이닝바,논현,서울특별시 강남구 논현로150길 17 1층,2~5만원,NA,NA,NA,NA,NA,"9,999+"
735,백미우,4.8,615,다이닝바,논현,서울특별시 강남구 논현로150길 17 1층,2~5만원,NA,NA,NA,NA,NA,"9,999+"
736,백미우,4.8,615,다이닝바,논현,서울특별시 강남구 논현로150길 17 1층,2~5만원,NA,NA,NA,NA,NA,"9,999+"
737,백미우,4.8,615,다이닝바,논현,서울특별시 강남구 논현로150길 17 1층,2~5만원,NA,NA,NA,NA,NA,"9,999+"
738,백미우,4.8,615,다이닝바,논현,서울특별시 강남구 논현로150길 17 1층,2~5만원,NA,NA,NA,NA,NA,"9,999+"
739,백미우,4.8,615,다이닝바,논현,서울특별시 강남구 논현로150길 17 1층,2~5만원,NA,NA,NA,NA,NA,"9,999+"
740,백미우,4.8,615,다이닝바,논현,서울특별시 강남구 논현로150길 17 1층,2~5만원,NA,NA,NA,NA,NA,"9,999+"
