Name,Rating,Review,Description,Price_Range,Category,Location
런던 베이글 뮤지엄 도산,4.4,"(3,419)","방금 나온 베이글, 따뜻한 수프가 기다리는 가장 가까운 런던 속 베이글 뮤지엄",점심 저녁 동일가 1 - 2만원,"카페,디저트",도산공원
산청숯불가든 마곡,4.6,(583),"산청흑돼지, 전통 숯가마, 산지 식재료로 우리만의 맛을 담은 고깃집* 원격 웨이팅이 많은 관계로 저녁 9시 50분까지 연락을 못받으실 경우, 영업시간 내 입장이 부득이하게 어려울 수 있습니다.* 당일 예약 불가/평일 오후 5시까지만 예약 가능합니다.",점심 저녁 동일가 2 - 6만원,돼지고기구이,마곡
라프레플루트,4.3,(278),다양한 과일을 쉽고 간편하게 접할 수 있는 프리미엄 과일가게,점심 저녁 동일가 1 - 3만원,"카페,디저트",서울숲
한소반 청계산점,4.3,(197),보쌈으로 유명한 청계산 맛집,점심 저녁 동일가 1 - 2만원,"육류,고기요리",청계산
크레이지카츠,4.7,(562),육즙이 살아있는 두툼한 일식 돈카츠,점심 저녁 동일가 1 - 2만원,돈가스,합정
런던 베이글 뮤지엄 잠실,4.3,"(5,336)","방금 나온 베이글, 따뜻한 수프가 기다리는 가장 가까운 런던 속 베이글 뮤지엄",점심 저녁 동일가 1 - 2만원,"카페,디저트",잠실
아티스트 베이커리,4.4,"(1,177)",방금 나온 소금빵과 바게트 그리고 따뜻한 수프가 기다리는 아티스트 베이커리,점심 저녁 동일가 1만원 미만,"카페,디저트",안국
산청숯불가든 을지로,4.6,"(1,122)","산청흑돼지, 전통 숯가마, 산지 식재료로 우리만의 맛을 담은 고깃집* 원격 웨이팅이 많은 관계로 저녁 9시 50분까지 연락을 못받으실 경우, 영업시간 내 입장이 부득이하게 어려울 수 있습니다.* 당일 예약 불가/평일 오후 5시까지만 예약 가능합니다. (주말 불가)",점심 저녁 동일가 1 - 4만원,돼지고기구이,을지로
도트블랭킷 안국점,4.5,(193),"웨이팅은 기본, 건강한 맛의 감성 브런치 카페",점심 저녁 동일가 1 - 2만원,브런치,안국
삼청빙수,0.0,0,한옥에서 즐기는 빙수 찐맛집,점심 저녁 동일가 1 - 2만원,"카페,디저트",삼청
난포,4.3,(950),오픈런해서 먹는 정갈한 퓨전한식 다이닝,점심 저녁 동일가 1 - 5만원,한식,서울숲
미뉴트빠삐용,4.0,(720),스페인 정통 츄러스 전문점잠시만 기다려주세요.,점심 저녁 동일가 1만원 미만,"카페,디저트",압구정로데오
하이디라오 영등포점,4.7,(952),"중국 본토의 맛 그대로, 차원이 다른 No.1 훠궈",점심 저녁 동일가 3 - 5만원,중식,영등포
몽탄,4.3,(524),우대갈비와 짚불삼겹살 맛이 일품인 곳,점심 저녁 동일가 1 - 4만원,"육류,고기요리",삼각지
금돼지식당,4.2,"(1,067)","2024년 미쉐린 가이드 선정, 셀럽도 줄서는 돼지고기 핫 스팟",점심 저녁 동일가 1 - 2만원,돼지고기구이,약수
서령,4.7,(753),100% 순메밀면과 12시간 동안 정성으로 끓여 낸 신선한 한우 암소 육수를 즐길 수 있는 평양냉면 전문점,점심 저녁 동일가 1 - 2만원,"국수,냉면",회현
하이디라오 서초점,4.7,(894),"중국 본토의 맛 그대로, 차원이 다른 No.1 훠궈",점심 저녁 동일가 3 - 5만원,중식,강남
유즈라멘,4.6,"(1,161)",상큼한 유자 향이 매력적인 서울역 라멘 맛집,점심 저녁 동일가 1 - 2만원,일식,서울역
김수사 신세계,4.6,(68),부자가 대를 이어 운영하는 일식집,점심 저녁 동일가 5 - 10만원,"스시,초밥",반포
플롭 안국,4.4,(396),피맥하기 좋은 줄서는식당 출연 피자 맛집,점심 저녁 동일가 1 - 3만원,피자,안국
하쿠텐,4.8,(884),연남동 하쿠텐 라멘,점심 저녁 동일가 1만원 미만,일식,연남
오이지 대학로,4.4,(772),"한식, 일식, 양식 다양한 퓨전요리를 맛볼 수 있는 한옥 레스토랑",점심 저녁 동일가 1 - 3만원,한식,혜화
남영돈,4.4,(270),항정살이 유명한 서울 3대 고깃집,점심 영업안함 · 저녁 2 - 3만원,돼지고기구이,남영
오제제 강남점,4.6,(410),오감 전체를 만족하는 경험을 제공하는 일식 전문점,점심 저녁 동일가 1 - 3만원,일식,강남
살라댕템플,4.3,"(1,991)",퓨전 오리엔탈 프렌치 레스토랑,점심 저녁 동일가 2 - 8만원,퓨전음식,성수
아이노가든키친,4.5,(843),"따뜻함을 담고 싶은, 내수동 가정식 백반집",점심 저녁 동일가 1 - 2만원,"백반,가정식",광화문
떡도리탕 강남본점,4.5,(913),또간집에 나온 얼큰 닭도리탕 전문점,점심 저녁 동일가 1 - 2만원,"닭,오리요리",강남
쯔루하시 후게츠 명동점,4.5,(931),"보는 재미와 먹는 재미가 있는 오코노미야끼, 야끼소바 전문점",점심 저녁 동일가 1 - 2만원,일식,명동
쌤쌤쌤,4.0,"(1,087)","용리단길 맛집, 샌프란시스코의 온도가 느껴지는 공간",점심 저녁 동일가 1 - 4만원,아메리칸음식,삼각지
스시지현,4.9,(706),가성비로 소문난 연트럴파크 판초밥 맛집,점심 저녁 동일가 1 - 4만원,"스시,초밥",연남
깡통만두,4.3,(961),수요미식회에 나온 줄서는 만두 맛집,점심 저녁 동일가 1 - 2만원,한식,북촌
오제제 신용산점,4.5,(463),오감 전체를 만족하는 경험을 제공하는 일식 전문점,점심 저녁 동일가 1 - 3만원,일식,신용산
바위파스타바 강남신세계점,4.9,(10),"이영진, 최수종 셰프의 바위파스타바 강남신세계점",점심 저녁 동일가 5 - 9만원,파스타,반포
월래순교자관,4.1,(165),소룡포와 꿔바로우가 맛있는 정통 중식당,점심 저녁 동일가 1 - 3만원,중식,구로
소몽,4.5,(67),직접 끓인 소바육수와 간장으로 정성스럽게 내어드리고 있는 소바집,점심 저녁 동일가 1 - 2만원,일식,여의도
파이프그라운드,4.7,(292),한남동 옥수수 피자 맛집,점심 저녁 동일가 1 - 4만원,피자,한남
키보아츠아츠,3.4,(53),로스카츠를 메인으로 다양한 카츠와 일본식 오므라이스를 즐길 수 있는 곳,점심 저녁 동일가 1 - 2만원,일식,반포
키쿠카와,3.9,(48),장어덮밥이 맛있는 일식 전문점,점심 저녁 동일가 1 - 8만원,일식,반포
함반,4.7,(570),3가지 함박스테이크를 눈앞에서 '숯불' 에 구워주는 함박스테이크 전문점,점심 저녁 동일가 1 - 2만원,한식,합정
콘드에뻬뻬,4.6,(567),가장 가까운 곳에 있는 가장 먼 여행 @corned.e.pepe콘드에뻬뻬는 맛있는 음식과 휴식으로 여러분의 삶이 더욱 풍요로워지길 바랍니다.  (브런치타임에는 워크인or원격웨이팅을 부탁드립니다.),점심 저녁 동일가 1 - 3만원,브런치,장충동
꿉당 신사,4.4,(485),풍부한 육즙과 부드러운 지방이 일품인 돼지 목살 전문점,점심 저녁 동일가 1 - 2만원,돼지고기구이,신사
옥탑방,4.8,(230),청도 봄 미나리 수확시작 했습니다 봄 미나리는 미나리가 연하고 향이 진해요 옥탑방 방문하셔서 향긋한 봄 미나리 삼겹살을 만끽해보세요,점심 저녁 동일가 1 - 3만원,돼지고기구이,은평
콩카세 안국,4.7,(124),쉽게 접해보지 못했던 호텔요리를 대중적으로 풀어낸 공간 *워크인 전용 테이블이 있으니 예약 마감시 워크인으로 이용가능 합니다!,점심 저녁 동일가 1 - 6만원,이탈리아음식,북촌
오근내2닭갈비,4.2,(24),용산역 근처 닭갈비 맛집,점심 저녁 동일가 1 - 2만원,"닭,오리요리",용산
버섯집,4.4,(204),신선한 재료들로 정성들여 요리하는 버섯집,점심 저녁 동일가 1 - 2만원,한식,서울숲
버뮤다삼각지,4.6,(429),부담없이 즐길 수 있는 퓨전 멕시칸 전문점,점심 저녁 동일가 2 - 5만원,멕시코음식,삼각지
은평정육식당,4.3,(210),"국내산(한돈) 돼지고기와 소고기 그리고, 최상급 미국산 소고기를 맛볼 수 있는 곳",점심 저녁 동일가 1 - 2만원,"육류,고기요리",은평
광평 평양냉면갈비 삼성본점,4.6,(561),"평양냉면, 돼지갈비, 난축맛돈 전문점",점심 저녁 동일가 1 - 8만원,"육류,고기요리",삼성
꿉당 성수점,4.5,(342),성수 꿉당 목살이 맛있는 돼지고기집,점심 저녁 동일가 1 - 2만원,돼지고기구이,성수
꺼거,4.5,(126),효뜨 사장님이 운영하는 중국집,점심 저녁 동일가 1 - 2만원,중식,삼각지
라브리크 서울,4.0,(345),"점심시간은 예약이 불가능합니다. 오후 5시 이후에만 캐치테이블에서 가능합니다 :)  뉴트럴 뉴 브런치, 그리고 커피와 와인 Light but not light 가볍지만 가볍지 않은 즐거움을 선사하겠습니다. feel it coming",점심 저녁 동일가 1 - 4만원,브런치,강남
프레고클럽,4.2,(245),"뚝섬역에서 걸어서 1분 정도, 작은 골목에 위치한 파스타 가게",점심 저녁 동일가 1 - 4만원,파스타,성수
도야집,4.5,(224),40년 넘게 가정집이었던 공간에 만들어진 돼지고기 전문점,점심 저녁 동일가 2 - 3만원,돼지고기구이,신용산
솔솥 성수점,4.3,(298),"스테이크, 도미관자 솥밥이 맛있는 프리미엄 솥밥 맛집",점심 저녁 동일가 1 - 3만원,한식,성수
마제 스키야키,4.9,(616),일본의 관서식•관동식 2가지 버전의 스키야키를 선택하여 즐길 수 있는 모던하고 편안한 프리미엄 공간,점심 저녁 동일가 2 - 4만원,일식,용산
살롱순라,4.3,(129),좋은 사람들과 대화하며 맛있는 음식과 술을 즐길 때 찾아오는 순라길의 꽃,점심 저녁 동일가 2 - 4만원,이탈리아음식,종로
본디,4.5,(170),"비장탄 숯을 이용한 돼지 생갈비, 즉석 양념갈비, 장작으로 구워낸 껍데기 맛이 일품인 곳-대기접수가 많은 관계로  21:45까지 호출 못 받으실 경우, 영업시간 내 입장이 부득이하게 어려울 수 있습니다. -예약은 4인이상, 평일 오후 6시/ 주말 오후 5시 까지",점심 저녁 동일가 1 - 3만원,돼지고기구이,석촌
한미옥 청담본점,4.5,(227),한국 전통 솥뚜껑을 이용한 “차돌구절판” 최초로 개발한 집,점심 1 - 7만원 · 저녁 2 - 8만원,"육류,고기요리",청담
홋카이도 부타동 스미레,4.9,(40),한일부부가 운영하는 최상급 삼겹살의 부타동 맛집,점심 저녁 동일가 1 - 2만원,일식,신촌
오아시스 한남점,4.1,(132),"에그베네딕트는 필수, 맛과 분위기에 반하는 브런치카페",점심 저녁 동일가 1 - 3만원,브런치,한남
일월카츠 안국점,4.9,(172),"오픈런해서 먹는 북촌 돈가스 맛집, 일월카츠의 두 번째 매장",점심 저녁 동일가 1 - 2만원,돈가스,종로
고든램지버거 롯데월드몰점,4.2,"(7,000)",아시아 최초로 선보이는 '고든램지버거'는 세계적인 미쉐린 3스타 셰프 고든램지의 하이엔드 레스토랑입니다. 고든램지버거에서 셰프의 노하우가 집약된 요리로 차별화된 미식을 경험해보세요.,점심 저녁 동일가 2 - 5만원,아메리칸음식,잠실
김진목삼,4.8,(312),최상의 목살과 삼겹살을 맛볼 수 있는 서촌 맛집,점심 영업안함 · 저녁 1 - 2만원,돼지고기구이,서촌
진저베어,4.3,(436),"스윗파이와 키쉬, 갈래트, 미트파이를 판매하는 베이커리 카페",픽업가 1 - 3만원,"카페,디저트",송파
을지로 진작 본점,4.4,(358),후토마끼를 시그니처로 하는 일식 베이스 퓨전 요리점,점심 저녁 동일가 1 - 2만원,일식,을지로
테디뵈르하우스,4.4,(34),"서울 빵지순례, 크루아상이 맛있는 베이커리 카페",점심 저녁 동일가 1만원 미만,"카페,디저트",삼각지
치즈룸X테이스팅룸 월드몰,4.4,"(1,329)",잠실에서 즐기는 [치즈룸] & [테이스팅룸] 콜라보,점심 저녁 동일가 1 - 4만원,이탈리아음식,잠실
부빙 북촌점,4.4,(116),"사계절 맛있는 빙수집, 수요미식회 선정 빙수맛집",점심 저녁 동일가 1 - 2만원,"카페,디저트",북촌
고에몬 강남,4.1,(449),수플레 오믈렛과 파스타가 맛있는 일본식 스파게티 전문점,점심 저녁 동일가 1 - 2만원,일식,강남
우와 명동점,4.5,(153),오코노미야끼와 야끼소바 및 각종 테판야끼를 전문으로 하는 '우와' 명동점 (Oknomiyaki & Teppan Yaki [우 : 와]),점심 저녁 동일가 1 - 2만원,일식,명동
봄담아 등촌점,4.6,(417),개인의 취향에 맞게 마음대로 마음껏 골라 먹을 수 있는 샤브샤브의 성지,점심 저녁 동일가 1 - 2만원,샤브샤브,등촌
왕십리연탄집,4.6,(13),대한민국 최고 꼼장어&소갈비살 맛집,점심 영업안함 · 저녁 1 - 2만원,한식,왕십리
자주한상,4.4,(24),우리 한식의 가치를 현대 일상 생활 속에서 자주 가깝게 즐길 수 있도록 신세계에서 새롭게 선보이는 한식 브랜드,점심 저녁 동일가 1 - 8만원,한식,반포
온천집 스키야키,4.1,"(1,135)","고급스러운 분위기와 최고급 고기의 샤브샤브를 21,000원으로 즐길 수 있는 최고의 휴식처",점심 저녁 동일가 2 - 9만원,샤브샤브,압구정로데오
핫쵸 성수,4.6,(440),"인플로언서들이 인정한 맛집. 분위기 좋은 일본 전통 히로시마 오코노미야키 전문점11:30, 17:00 온라인 웨이팅이 오픈됩니다.",점심 저녁 동일가 1 - 2만원,일식,서울숲
도꼭지 KT송파타워점,4.4,"(1,347)",제철 재료의 신선함을 담아낸 한식 다이닝 플레이스,점심 저녁 동일가 2 - 5만원,한식,잠실
진작다이닝 용산점,4.6,(216),2021년에 런칭한 '진작 다이닝'은 '하이엔드의 대중화'를 목표로 만든 '진작'의 캐쥬얼 다이닝 브랜드 입니다.,점심 저녁 동일가 1 - 3만원,일식,신용산
우와 신사점,4.5,(137),오코노미야끼가 유명한 가로수길 일본 철판요리 맛집,점심 저녁 동일가 1 - 2만원,일식,신사
더크다이브,4.6,(210),"🥂  Dive for a moment, 지친 일상에 잠깐의 고요한 순간 일식당",점심 저녁 동일가 1 - 2만원,일식,신용산
청기와타운 을지로점,4.7,(299),"미국 LA 한인타운의 힙하고 캐주얼한 감성을 담은 인테리어가 돋보이며, 네이버 예약 어워즈 2022에서 인기를 얻은 갈비 맛집 청기와타운 을지로점.",점심 저녁 동일가 2 - 3만원,"육류,고기요리",명동
우육면관 광화문점,4.7,(255),"중국, 대만, 한국 78곳의 우육면을 먹어본 뒤, 단연 최고였던 칭다오 私味牛肉面의 장인으로부터 비법을 전수받았습니다.깊은 탕 맛의 본질을 위해 매일 우직하게 끓여냅니다.보약과도 같은 탕으로 만든 우육전골, 어향가지, 마파연두부는 광화문점에서만 드실 수 있습니다.",점심 1 - 2만원 · 저녁 1 - 5만원,중식,광화문
DOTZ,4.6,(449),"또 다른 중식과 재해석한 아시안 음식,아시안 퀴진",점심 1 - 3만원 · 저녁 2 - 4만원,아시아음식,한남
캐롤스 롯데월드몰,4.4,(852),미국 전통의 맛을 재연한 아메리칸 패밀리 레스토랑 Carol's,점심 저녁 동일가 2 - 5만원,아메리칸음식,잠실
566라멘,4.8,(379),"지로라멘의 강자, 찐라멘러들의 맛집",점심 저녁 동일가 1 - 2만원,일식,연남
블루보틀 여의도 카페,3.8,(254),,픽업가 5 - 8만원,"카페,디저트",여의도
개나리아구찜 본점,3.9,(281),YOUNG AND OLD모두가 즐길 수 있는 대창아구찜 맛집,점심 저녁 동일가 2 - 3만원,해물(탕/찜/볶음),송파
미식가주택,4.6,(272),일식을 토대로 무국적으로 푸는 레트로 술집** 밑에 공지사항을 확인해주세요~* 예약시간대 말고도 워크인 좌석 있는 경우가 많으니 편하게 전화주세요* 6월 평일 콜키지 이벤트 중입니다~,점심 영업안함 · 저녁 2 - 4만원,이자카야,상수
화육계,3.8,(217),칼로리 낮은 무뼈닭발과 매운족발 맛집,점심 영업안함 · 저녁 1 - 3만원,"닭,오리요리",을지로
연남토마 북촌점,4.4,(98),"줄서서 먹는 퓨전덮밥, 파스타 전문 맛집",점심 저녁 동일가 1 - 2만원,퓨전음식,북촌
봉산옥,4.1,(239),황해도 봉산이 고향인 시어머니에게 전수받은 요리법으로 황해도 스타일의 음식을 선보이고 있는 한식집,점심 저녁 동일가 1 - 4만원,한식,서초
김진목삼 2호점,4.7,(180),최상의 목살과 삼겹살을 맛볼 수 있는 서촌 맛집,점심 저녁 동일가 1 - 2만원,돼지고기구이,서촌
도산정육 본점,4.4,(157),도산정육 본점(1층)은 예약을 받지 않습니다.,점심 저녁 동일가 2 - 4만원,돼지고기구이,압구정로데오
바오서울 성수,4.2,(39),대만 현지에 온듯한 성수동의 작은 대만,점심 저녁 동일가 1 - 2만원,중식,성수
판코네(Pancone),4.5,(603),다양한 생면 파스타와 램을 즐길 수 있는 스테이크 전문점,점심 저녁 동일가 1 - 5만원,파스타,신용산
스시츠바사,4.5,"(1,426)","퀄리티 높은 식재료를 활용한 음식과 스시를 모던한 인테리어에서 즐길 수 있는 용산의 프리미엄 스시 오마카세.☆☆☆☆☆☆☆☆☆☆콜키지 프리, 2인 1병 제한 , 화이트와인 샴페인 사케만 가능.자세한 사항은 아래에 공지 확인 부탁드립니다.",점심 2 - 7만원 · 저녁 11만원,스시오마카세,용산
카페밀노,0.0,0,"직접 굽는 휘낭시에, 스모어쿠키, 수제케이크가 있는 연남동카페",점심 저녁 동일가 1 - 2만원,"카페,디저트",연남
익스첼,4.7,(77),이색적인 공간에서 즐기는 모던 멕시칸 브런치,점심 저녁 동일가 1 - 2만원,멕시코음식,합정
빌즈 잠실,4.0,(463),호주 특유의 따스하고 편안한 라이프 스타일과 식재료 본연의 맛을 그대로 살린 건강한 메뉴를 선보이는 레스토랑,점심 저녁 동일가 1 - 5만원,브런치,잠실
도트블랭킷 삼청한옥점,4.5,(154),한옥의 고즈넉함과 신선한 재료로 만든 브런치의 만남,점심 저녁 동일가 1 - 2만원,브런치,삼청
탕면,4.6,(393),한국식 중화요리를 선보이는 곳,점심 저녁 동일가 1 - 2만원,중식,은평
송정,4.9,(47),항정국밥과 특제 새우젓이 맛있는 망원동 돼지국밥집,점심 저녁 동일가 1 - 2만원,한식,망원
누데이크 신사,3.9,(68),크로와상을 한 입 베어 물었을 때의 충만한 행복을 느낄 수 있는 공간,점심 저녁 동일가 1만원 미만,"카페,디저트",가로수길
도요스,4.7,"(1,412)","새로운 오마카세 도요스가성비 넘치는 구성으로 제공해드립니다-기본 스시코스와 추가 스시 주문 형식으로 변경됩니다. -예약좌석을 제외한 워킹,웨이팅 좌석은 분리운영중입니다*런치,디너 33,000원",점심 저녁 동일가 3.3만원,스시오마카세,잠실
연하동 대학로점,4.6,(202),"연어와 하이볼 그리고 가라아게동을 판매하는 일식당, 연남동을 줄 세우고 대학로에 상륙한 '연하동'",점심 저녁 동일가 1 - 3만원,일식,혜화
고기싸롱 망원역점,4.6,(52),프리미엄 숯불구이 무한리필 전문점,점심 1.75만원 · 저녁 1.85만원,돼지고기구이,망원
MISFITS,4.5,(25),훈연향과 함께 색다르고 유니크한 스모킹 버거,점심 저녁 동일가 1 - 2만원,아메리칸음식,사당
히소카,4.8,(143),오사카 시장에 있는 노포 스타일의 이자카야,점심 영업안함 · 저녁 1 - 3만원,이자카야,문래
고도식 마포점,4.2,(36),숯불 직화로 조리해 육즙과 풍미를 살린 고기 전문점,점심 저녁 동일가 1 - 3만원,"육류,고기요리",마포
아민 연남(지중해 올데이 브런치),4.8,(291),맛과 영양을 담은 지중해 올데이 브런치 전문점,점심 저녁 동일가 1 - 3만원,다이닝바,연남
정각,4.5,(194),한식과 양식의 맛이 조화롭게 어우러진 요리와 경의선숲길의 경치와 벚꽃뷰 테라스를 만끽할 수 있는 공간,점심 저녁 동일가 1 - 8만원,다이닝바,마포
뚝도농원,4.5,(136),힙한 공간에서 즐기는 돼지고기와 오리 로스구이,점심 저녁 동일가 1 - 2만원,돼지고기구이,성수
뉴오더클럽 한남,4.5,(9),미국식 피자와 분위기를 즐길 수 있는 곳,점심 저녁 동일가 2 - 3만원,피자,한남
빈브라더스 커피하우스,4.7,(59),"한 잔의 훌륭한 커피, 여러 잔의 커피를 마시는 재미까지 다채로운 커피 경험을 선사합니다. 편안한 공간에서 커피를 즐기는 7층(Table)과 시즈널 커피를 경험하실 수 있는 6층(Bar)으로 이루어져 있습니다.",점심 저녁 동일가 1 - 2만원,"카페,디저트",상수
숙성부심,4.5,(165),숙성에 대한 자부심이 있는 고기집,점심 영업안함 · 저녁 1 - 2만원,돼지고기구이,군자
양산도 여의도점,4.6,(104),나고야식 민물장어덮밥 “히츠마부시” 전문점,점심 저녁 동일가 1 - 4만원,일식,여의도
예술의전당 담,4.1,(280),"정갈한 한식과 멋진 테라스 카페에서 간단한 디저트, 음료을 즐길 수 있는 한식당",점심 저녁 동일가 1 - 3만원,한식,서초
우와 연남점,4.6,(89),"눈과 입이 즐거운 오꼬노미야끼, 야끼소바 맛집",점심 저녁 동일가 1 - 2만원,일식,연남
더 타코부스,4.2,(132),기다린 시간이 아깝지 않은 비리아 타코 맛집,점심 저녁 동일가 1 - 2만원,아메리칸음식,압구정로데오
후라토식당 여의도직영점,4.3,(184),"규카츠 & 반숙 오므라이스, 캐주얼 일본요리 전문점",점심 저녁 동일가 1 - 2만원,일식,여의도
돝고기506,4.3,(506),506시간 숙성을 거친 최고의 프리미엄 돼지고기 숙성육,점심 저녁 동일가 1 - 4만원,돼지고기구이,역삼
하트파트 롯데월드몰점,4.1,(364),따뜻한 솥밥을 정갈한 반찬과 곁들여 다채롭게 제공하는 한식 다이닝,점심 저녁 동일가 1 - 3만원,한식,잠실
샤브인서울 신용산 본점,4.6,"(1,020)",고즈넉한 공간에서 신선한 야채와 1++ 등급의 스페셜 한우를  다양한 육수로 즐길수있는 프리미엄 샤브 다이닝,점심 저녁 동일가 2 - 4만원,샤브샤브,신용산
필앳홈,4.2,(81),"캐치테이블은 콘서트예약용으로만 활용합니다. 저희 카페는 연중 무휴 입니다. 11시 ~ 24시,",점심 저녁 동일가 1 - 3만원,브런치,송파
또보겠지떡볶이집 강남헬로몽키점,4.4,(144),깻잎 즉석떡볶이와 버터갈릭 감자튀김의 원조 또보겠지 떡볶이집,점심 저녁 동일가 1 - 2만원,한식,강남
고급오복수산,4.5,(359),신선한 해산물을 사용한 일식 다이닝 매장,점심 저녁 동일가 1 - 6만원,일식,압구정
후라토식당 잠실직영점,4.3,(187),"규카츠 & 반숙 오므라이스, 캐주얼 일본요리 전문점",점심 저녁 동일가 1 - 2만원,일식,잠실
번트서울,4.5,(4),디저트가 맛있는 청계천 뷰 대형 카페,점심 저녁 동일가 1만원 미만,"카페,디저트",을지로
초이다이닝 성수점,3.8,(70),후토마끼가 시그니처인 퓨전일식 다이닝,점심 저녁 동일가 1 - 2만원,일식,성수
휴돈정,4.8,(151),기다린 시간이 아깝지 않은 일식 돈카츠 맛집,점심 저녁 동일가 1 - 2만원,일식,공릉
심퍼티쿠시 가로수길점,4.6,(852),"유러피안 요리를 아시안 스타일로 풀어낸 감각적인 파인캐주얼 레스토랑, 심퍼티쿠시.",점심 저녁 동일가 2 - 5만원,유러피안음식,가로수길
벽돌해피푸드 압구정점,4.3,(60),맛있는 음식과 즐거운 분위기로 행복을 전하는 아메리칸 차이니즈 레스토랑,점심 저녁 동일가 1 - 3만원,중식,압구정로데오
왓에버타코,0.0,0,힙한 감성의 인테리어와 멕시코 현지의 맛을 100% 구현한 타코 맛집,점심 저녁 동일가 1만원 미만,멕시코음식,연남
시나모롤스위트카페,3.9,"(1,479)",바라만 봐도 포근함이 느껴지는 시나모롤과 친구들의 달콤한 공간,점심 저녁 동일가 1 - 2만원,"카페,디저트",홍대
온점 을지로점,4.7,(48),다이닝스러운 고급 인테리어의 숯불구이 전문점,점심 1 - 3만원 · 저녁 2 - 6만원,"육류,고기요리",을지로
산들애건강밥상,4.5,(89),한식 명인이 선보이는 건강한 한상,점심 저녁 동일가 1 - 2만원,한식,은평
낙원타코 용산아이파크몰점,4.3,(123),남녀노소 누구나 즐길 수 있는 맛있는 멕시칸 패밀리 레스토랑,점심 저녁 동일가 2 - 3만원,멕시코음식,용산
알돈익스프레스,5.0,(1),"돈까스전문점에서 시작해, 계란과 돼지를  주 메뉴로 한 돈까스&충무김밥&면류를 즐길 수 있는 곳",점심 저녁 동일가 1 - 2만원,일식,충무로
군산오징어 본점,3.8,(63),석촌호수 서호 사거리에 위치한 오징어불고기 전문점,점심 저녁 동일가 1 - 3만원,한식,잠실
금금 송리단길,4.5,(61),이색 메뉴가 가득한 퓨전한식 맛집,점심 저녁 동일가 1 - 2만원,한식,송파
왕십리맛나곱창,0.0,0,왕십리곱창 고소하고 매콤한 곱창의명가,점심 저녁 동일가 1 - 4만원,"곱창,막창",왕십리
온더보더 롯데월드몰점,4.2,(175),롯데월드몰 6층에 위치한 정통 멕시칸 레스토랑입니다. 코끝을 자극하는 풍성한 멕시칸 푸드와 향긋한 마가리타 그리고 흥겨운 라틴음악을 즐길 수 있습니다.,점심 저녁 동일가 1 - 8만원,멕시코음식,잠실
오복수산 LG아트센터 서울점,4.5,(52),신선한 해산물을 사용한 일식 다이닝 매장,점심 저녁 동일가 2 - 6만원,일식,마곡
도토리소반,4.5,(112),정성이 담긴 따뜻한 솥밥과 건강한 한끼를 맛볼 수 있는 곳,점심 저녁 동일가 1 - 2만원,한식,혜화
고래와,4.5,(175),"🐋 위로가 되는 술과 음식, 우리가 만나는 곳",점심 저녁 동일가 1 - 5만원,이자카야,삼각지
육미제당 방화점,0.0,0,국내 최초 진짜 대장(大長)갈비를 메인으로한 무한리필 고기 브랜드,점심 저녁 동일가 2만원,"육류,고기요리",방화
연하동 신논현점,4.7,(238),"연어와 하이볼 그리고 가라아게동을 판매하는 일식당, 연남동을 줄 세우고 신논현에 상륙한 '연하동'",점심 저녁 동일가 1 - 3만원,일식,강남
하연옥 용산점,3.6,(21),특유의 감칠맛으로 사랑받는 진주냉면 원조집,점심 저녁 동일가 1 - 4만원,"국수,냉면",삼각지
토끼다이닝 연남,4.6,(92),한식을 주 베이스로 다양한 음식과 다양한 음료 및 주류를 합리적으로 즐길 수 있는 밥집 겸 술집,점심 1 - 3만원 · 저녁 2 - 4만원,한식,연남
묵전,4.3,(74),가정집을 개조해서 만든 웨이팅 핫플 막걸리 집,점심 저녁 동일가 2 - 4만원,전통주,압구정로데오
초이다이닝 익선점,4.3,(128),후토마끼가 시그니처인 퓨전일식 다이닝,점심 저녁 동일가 1 - 3만원,일식,익선
가나초콜릿하우스,4.0,(183),초콜릿이 주는 행복한 순간을 경험할 수 있는 팝업스토어,점심 저녁 동일가 2만원,"카페,디저트",성수
파스타 트리오,4.7,(18),"파스타 트리오는 세명의 요리사가 만나, 트리오만의 색이 담긴 독창적인 요리를 선보이고 있습니다. 트리오에서 즐거운 시간 보내고 가시길 바라겠습니다. 늘 행복하세요!",점심 저녁 동일가 1 - 4만원,파스타,논현
남영동 양문 본점,4.2,(216),시그니처 사이드메뉴와 가성비 좋은 생소갈비를 즐기는 곳,점심 저녁 동일가 2 - 6만원,소고기구이,용산
앨리나인,4.9,(179),송리단길 양식/와인바 전체 ‘평점 1위’한번 맛보면 가족 친구들 다 데려오고 싶어지는 곳📍네이버5.0점 캐치테이블4.9점 카카오맵4.9점📍음식맛 ‘진짜 자신있는 가게‘📍주류필수❌ 시간제한❌ 케이크 반입⭕️,점심 저녁 동일가 2 - 3만원,이탈리아음식,잠실
자루야키,4.5,(11),여러가지 술과 80년대 빈티지 오디오 사운드가 어우러지는 일본식 숯불닭구이 자루야키 전문점,점심 1 - 2만원 · 저녁 1 - 3만원,"닭,오리요리",신용산
카쿠시타,4.8,(11),"생활의 달인, 또간집, 입짧은 햇님 등 방송으로 검증된 연남동 특별한 창작요리 맛집",점심 저녁 동일가 1 - 3만원,일식,연남
홈보이서울,4.3,(53),오랜 친구처럼 편안한 아메리칸 차이니즈 레스토랑,점심 저녁 동일가 1 - 3만원,중식,서촌
섭생정식 창동본점,4.6,(169),수준 높은 서비스와 신선한 해산물을 제공하는 맛집,점심 저녁 동일가 1 - 4만원,"해물,생선요리",창동
더식당 명동점,4.1,(16),고소 버터랍스타구이와 매콤한 직화쭈꾸미,점심 저녁 동일가 1 - 4만원,퓨전음식,명동
스시도쿠 카미동,4.6,(205),고급 일식 덮밥요리와 고급스러우과 즐거움이 공존하는 공간* 3인 이상부터 예약 가능합니다.,점심 저녁 동일가 1 - 6만원,일식,왕십리
어쩌다농부 남대문점,4.4,(29),지역에서 난 식재료를 활용하는 팜투테이블 요리를 경험할 수 있는 공간,점심 저녁 동일가 1 - 3만원,퓨전음식,회현
덴푸라 감춘,4.5,(301),자연의 선물을 감싸 안은 프리미엄 덴푸라 파인다이닝,점심 2.8 - 9.8만원 · 저녁 4.8 - 9.8만원,덴푸라오마카세,잠실
위커파크 웨스트,4.3,(116),이국적인 인테리어로 유명한 석촌호수 브런치 맛집,점심 저녁 동일가 1 - 2만원,브런치,석촌
오시 망원점,4.5,(79),분위기 좋은 오코노미야끼 전문 철판요리집,점심 저녁 동일가 1 - 2만원,일식,망원
아소정,4.2,(22),"함흥냉면 서울 5대 맛집, 그리고 남녀노소 호불호 없는 궁중갈비찜 & 갈비탕 전문점",점심 저녁 동일가 1 - 3만원,한식,공덕
카페 페퍼,4.4,(116),송리단길 글루텐프리 디저트 카페,픽업가 4 - 7만원,케이크,송파
네시사분,4.7,(60),분기별 제철 디저트를 선보이는 디저트 카페,점심 저녁 동일가 1 - 2만원,"카페,디저트",연남
무탄 광화문점,4.3,(348),대한민국 NO.1 차이니즈 다이닝,점심 저녁 동일가 2 - 15만원,중식,광화문
희희,4.5,(68),2019년 공덕에서 시작한 캐주얼한 소바집 입니다.직접 만든 쯔유와 신선한 재료들로 맛있고 다양한 소바와 요리들을 제공합니다.,점심 저녁 동일가 1 - 2만원,일식,종로
82올리언즈 강남점,4.5,(155),"미국 남부 감성의 립, 몬테크리스토, 라자냐 맛집 청첩장,데이트,단체모임에 적합한 단체석 확보! 코리아 코카콜라가 사랑하는 브랜드! 그 이유가 궁금하다면?https://www.coca-cola.com/kr/ko/offerings/food/c",점심 저녁 동일가 1 - 4만원,아메리칸음식,강남
샤브인서울 압구정로데오점,4.8,(331),1++ 등급 한우와 신선한 야채로 선보이는 한국식 프리미엄 샤브 다이닝,점심 저녁 동일가 2 - 4만원,샤브샤브,압구정로데오
모르므로,4.8,(87),"음식이 맛있고 분위기 좋은, 아늑하고 차분한 다이닝&칵테일 바'우리는 서로를 모르므로'모르는 사람들과 함께 있는 공간, 모르므로 : MORMRO 양식을 기반으로 선보이는 캐주얼 레스토랑&칵테일 바 로편안한 집을 연상하게 하는 무드와 잔잔한 분위기를 자아냅니다.",점심 영업안함 · 저녁 2 - 3만원,다이닝바,성수
타파스바,4.4,(51),스페인의 맛과 분위기를 그대로 즐길 수 있는 스페인음식 전문점,점심 저녁 동일가 1 - 2만원,스페인음식,이태원
솔솥 연남점,3.9,(148),"스테이크, 도미관자 솥밥이 맛있는 프리미엄 솥밥 맛집",점심 저녁 동일가 1 - 3만원,한식,연남
정숙성,4.8,(153),시간과 정성을 담은 숙성한돈(1+ 특상급) 숯불구이 전문점,점심 저녁 동일가 1 - 2만원,돼지고기구이,서울대입구
로우샹로우,4.4,(4),양구이와 중화요리를 베이스로 하는 새로운 스타일의 중국식 바베큐 레스토랑,점심 저녁 동일가 2 - 4만원,양고기,합정
두끼 떡볶이 NC가든파이브점,4.3,(145),떡볶이부터 볶음밥까지 자유롭게 직접 조리해 즐기는 즉석떡볶이 레스토랑,점심 저녁 동일가 1만원,한식,문정
남원통닭,0.0,0,청량리 전통시장에 있는 통닭 맛집,점심 저녁 동일가 1 - 2만원,"치킨,닭강정",청량리
치즈룸X멜팅샵 코엑스 파르나스몰,4.5,(611),코엑스에서 즐기는 [멜팅샵] & [치즈룸] 콜라보,점심 저녁 동일가 2 - 4만원,이탈리아음식,삼성
양산도 대치점,4.0,(25),나고야식 민물장어덮밥 전문점 65년 전통의 민물장어명가 양산도가 민물장어를 보다 손쉽게 접할실 수 있도록 나고야식 민물장어덮밥(히츠마부시)를 개발하였습니다.,점심 저녁 동일가 1 - 4만원,장어요리,대치
카페 하모니,4.1,(894),쿠로미와 마이멜로디가 환상의 케미를 선보이며 준비한 F&B와 두 친구의 사랑스러움만 가득 담긴 GOODS까지!,점심 저녁 동일가 1 - 3만원,"카페,디저트",망원
스케줄 청담,4.2,"(1,151)",서울 최대 규모의 다이닝 복합 문화공간,점심 저녁 동일가 1 - 8만원,이탈리아음식,청담
육지 (肉地),4.1,(158),이불갈비로 유명한 줄서는식당 맛집,점심 저녁 동일가 1 - 2만원,돼지고기구이,합정
갸우뚱,4.5,(92),줄서서 먹는 홍콩 감성 중식당,점심 저녁 동일가 1 - 4만원,중식,혜화
닌니쿠요코초,3.9,(45),후쿠오카의 오뎅과 도쿄의 데판야키를 퓨전으로 접목시킨 이자카야,점심 저녁 동일가 1 - 3만원,일식,삼각지
츠키라멘,4.8,(8),"일본식 라멘(이에케라멘,마제소바) 전문점",점심 저녁 동일가 1 - 2만원,일식,광화문
그로어스,4.5,(191),햇살 가득 들어오는 한적한 분위기에서 맛있는 음식을 즐길 수 있는 공간,점심 저녁 동일가 1 - 3만원,브런치,연희
돈구멍 마곡본점,5.0,(41),창가뷰가 아름다운 저녁노을 맛집 겉바속촉 문어발 솥뚜껑 삽겹살,점심 저녁 동일가 3 - 4만원,돼지고기구이,마곡
초이다이닝 송파점,4.3,(95),오늘도 GOOD CHOI’S! 초이다이닝 송파점(송리단길)!!,점심 저녁 동일가 1 - 2만원,일식,송파
82올리언즈 을지로점,4.5,(158),"재즈와 육해공의 다양한 교통이 발달되어 있는 미국 남부 최대 항구도시 뉴올리언즈! 프랑스, 스페인, 흑인, 남부식 요리가 혼합된 토속적인 케이준 스타일을 지향합니다!",점심 저녁 동일가 1 - 2만원,아메리칸음식,을지로
리파인 압구정로데오점,4.7,(693),한식베이스 메뉴와 그에 페어링 할 전통주를 선보이는 캐주얼 다이닝바,점심 영업안함 · 저녁 1 - 5만원,전통주,압구정로데오
반포식스 연세세브란스점,4.3,(19),정통 베트남 본연의 맛과 뉴욕 스타일이 어우러진 아시안 음식 전문점,점심 저녁 동일가 1 - 2만원,베트남음식,서울역
묘오또 방배점,4.3,(116),"붓가케우동, 사누끼우동의 진수를 보여주는 우동 맛집",점심 저녁 동일가 1 - 2만원,일식,방배
누데이크 성수,4.0,(22),Museum of Nudake 를 테마로 완성한 누데이크의 두 번째 플래스십 스토어,점심 저녁 동일가 1 - 4만원,"카페,디저트",성수
정돈 강남점,4.8,(24),육즙 가득한 핑크빛 돈카츠를 국내 최초로 선보인 원조 브랜드,점심 저녁 동일가 1 - 3만원,돈가스,강남
토터스,4.4,(13),"직접 로스팅한 다양한 커피, 부드럽고 폭신한 수플레 팬케이크를 판매하는 토터스",점심 저녁 동일가 1 - 2만원,"카페,디저트",해방촌
온더보더 광화문 D타워점,4.3,(143),멕시칸 패밀리 레스토랑,점심 저녁 동일가 1 - 7만원,멕시코음식,광화문
피즈소셜클럽,4.7,(34),드립 커피 전문점 & 아날로그 음악감상실,점심 저녁 동일가 1 - 2만원,"카페,디저트",을지로
르번미 본점,4.0,(124),"토마토 쌀국수의 독특한 맛, 웨이팅이 아깝지 않은 베트남 음식점",점심 저녁 동일가 1 - 2만원,아시아음식,이촌
리애,4.5,(118),서울 외곽의 은둔 고수의 돈까스집,점심 저녁 동일가 1 - 2만원,돈가스,개포
돈까스의 집,4.3,(185),부드럽고 촉촉한 경양식 돈까스 맛집,점심 저녁 동일가 1 - 2만원,한식,잠실
조선팰리스 강남 1914 라운지 & 바,4.5,(222),"시그니처 칵테일과 1914만의 에프터눈 티, 위스키, 샴페인을 탁트인 전망과 층고에서 라이브음악과 즐길 수 있는 우아한 공간",점심 5 - 10만원 · 저녁 가격변동,다이닝바,역삼
치보 강남신사점,4.7,(7),50년 전통의 오사카 1등 오코노미야끼 전문점,점심 저녁 동일가 1 - 3만원,일식,신사
지유켄,4.7,(43),간단하게 식사하기 좋은 일본식 중화요리 전문점,점심 저녁 동일가 1 - 2만원,중식,을지로
양산도 교대점,4.4,(18),나고야식 민물장어덮밥 “히츠마부시” 전문점,점심 저녁 동일가 1 - 4만원,일식,교대
특별한 오복수산 가로수길점,4.7,(131),신선한 해산물을 사용한 일식 다이닝 매장,점심 저녁 동일가 2 - 10만원,일식,신사
레인리포트 브리티시,4.3,(49),런던의 호텔 컨셉의 레인리포트,점심 저녁 동일가 1 - 2만원,"카페,디저트",연남
칸토 (KANTO),0.0,0,무채색 톤 컨셉이 돋보이는 디저트 카페,점심 저녁 동일가 1만원 미만,"카페,디저트",성수
대성식당,4.6,(30),SINCE 1984 2대째 운영하는 낙곱새 전문 40년 전통 노포 맛집,점심 저녁 동일가 1 - 2만원,한식,종로3가
바통 (Bâton meal cafe),4.1,(32),유럽 가정식을 모티브로 건강한 식재료와 빵을 기본으로 한 든든한 한끼 식사를 제공하고 있습니다.,점심 저녁 동일가 1 - 2만원,브런치,용산
정돈 성수점,4.6,(39),서울숲 맛집 정돈 수제 돈카츠 전문점,점심 저녁 동일가 1 - 3만원,돈가스,서울숲
제스트,4.7,(70),"SUSTAINABLE FINE DRINKING  우리를 둘러싼 환경에서 영감을 얻고, 우리가 속한 커뮤니티와 함께 성장하며, 지속가능한 FINE DRINKING 문화를 만들어갑니다.",점심 영업안함 · 저녁 가격변동,"칵테일,위스키",청담
서우 룸다이닝 성수점,4.5,(123),"정성 담긴 건강하고 맛있는 중식, 서울숲 고급 중식당",점심 저녁 동일가 1 - 9만원,중식,서울숲
콴안다오 김포롯데몰점,4.3,(10),현지의 맛을 그대로 느낄 수 있는 홈메이드 베트남가정식 전문점,점심 저녁 동일가 1 - 2만원,아시아음식,방화
빙봉 서울숲,4.2,(38),숲뷰 테라스가 근사한 브런치 카페,점심 저녁 동일가 1 - 3만원,브런치,서울숲
Fleurs sur la route ( 플르서라구뜨 ),4.5,(166),"압구정 속 작은 유럽, 싱그러움 낮과 아름다운 밤 플르서라구뜨에 머무는 모든시간이 소중 해지는 복합문화공간",점심 저녁 동일가 1 - 4만원,브런치,압구정로데오
연남토마 롯데몰 김포공항점,3.8,(68),"줄서서 먹는 퓨전덮밥, 파스타 전문 맛집",점심 저녁 동일가 1 - 2만원,퓨전음식,방화
신가네칼국수,4.1,(130),50년 토박이 칼국숫집,점심 저녁 동일가 1 - 2만원,"국수,냉면",하계
낙원의소바,3.9,(29),일본의 전통적인 맛을 현대식으로 해석한 소바&돈카츠 맛집,점심 저녁 동일가 1 - 2만원,일식,충무로
분지로 사운즈한남점,4.5,(319),타카다 유지 장인의 영혼을 담은 돈카츠 전문점,점심 1 - 3만원 · 저녁 2 - 3만원,돈가스,한남
PPL 식당,4.7,(7),메뉴가 바뀌는 식당,점심 가격변동 · 저녁 가격변동,"백반,가정식",신사
토끼다이닝 성수,4.3,(10),성수와 서울숲에 위치한 요리가 맛있는 맛집 겸 술집 토끼다이닝,점심 저녁 동일가 1 - 2만원,한식,서울숲
지아니스나폴리 역삼 본점,4.5,(70),이태리 베수비오 화산석으로 만든 화덕에 구운 정통 나폴리 피자 전문점,점심 저녁 동일가 1 - 3만원,피자,역삼
문화식당 성수점,4.7,(65),성수동의 숨은 동굴 속 오아시스 같은 공간,점심 저녁 동일가 1 - 5만원,파스타,성수
화씨이육공 사당점,4.5,(134),냄새 없이 구워주는 삼겹살 전문점,점심 저녁 동일가 1 - 3만원,돼지고기구이,사당
센티맷,4.6,(68),"낮에는 호주식 브런치와 커피, 저녁에는 와인과 페어링 가능한 음식들로 와인을 즐길 수 있는 공간",점심 1 - 2만원 · 저녁 1 - 5만원,브런치,도곡
문화식당 신당점,4.7,(30),맛있는 음식과 캐주얼한 분위기의 신당동 깔끔한 양식당,점심 저녁 동일가 1 - 3만원,파스타,신당
스시도쿠 더성수,4.5,(119),한해 23만명이 방문하는 서울에서 가장 사랑받는 스시,점심 1 - 3만원 · 저녁 1 - 7만원,"스시,초밥",서울숲
동백카츠 샤로수길점,5.0,(3),샤로수길 초입에 위치해 있는 경양식 맛집,점심 저녁 동일가 1 - 3만원,일식,샤로수길
또보겠지떡볶이집 성수말랑쉼표점,4.6,(73),깻잎 즉석떡볶이와 버터갈릭 감자튀김의 원조 또보겠지 떡볶이집,점심 저녁 동일가 1 - 2만원,한식,성수
요시 성수,4.0,(99),매일 아침 신선한 소고기만으로 작업하여 주문과 동시에 숯불로 굽는 함바그,점심 저녁 동일가 1 - 4만원,일식,서울숲
초이다이닝 혜화대학로점,4.4,(48),후토마끼가 시그니처인 퓨전일식 다이닝,점심 저녁 동일가 1 - 2만원,일식,혜화
도마 중림동점,4.5,(89),프리미엄 소고기 맛집,점심 1 - 2만원 · 저녁 2 - 4만원,소고기구이,충정로
연남한양집,4.9,(132),장사 그만하겠습니다.여러분을 만족시키지 못한다면요.'음식이상의 특별한 경험을 제공합니다‘- 네이버 알림받기 막국수 쿠폰- 3초를 맞추시면 “전액 무료”- 포토리뷰작성시 10만원 뽑기권 제공- 기본안주 “국물떡볶이”제공*혜택이 더 많은데 적을칸이 부족하네요,점심 저녁 동일가 1 - 2만원,요리주점,연남
아이엠베이글 공덕점,4.5,(47),서울 3대 베이글이라는 베이글 맛집,점심 저녁 동일가 1 - 2만원,"카페,디저트",공덕
더 시옷,4.3,(55),소갈비 화로 스테이크와 파스타가 유명한 컨템포러리 맛집,점심 저녁 동일가 2 - 7만원,이탈리아음식,을지로
노릇,4.8,(9),최고급 한돈 냉삼 생삽겹 맛집,점심 저녁 동일가 1 - 3만원,"육류,고기요리",군자
벙구갈비 응암점,4.7,(127),갈비 1인분에 냉면 한 그릇이 서비스인 갈비 찐맛집,점심 저녁 동일가 1 - 2만원,돼지고기구이,은평
삼육가 본점,4.7,(52),삼겹살과 된장찌개가 맛있는 신논현 맛집,점심 저녁 동일가 1 - 4만원,"육류,고기요리",논현
라무라 성수점,4.8,(107),닭 베이스 육수의 둥지라멘을 선보이는 라멘 맛집,점심 저녁 동일가 1 - 2만원,일식,성수
카페 기차가 있는 풍경,4.5,(95),화랑대 철도공원에 위치한 기차가 배달해 주는 이색 카페입니다. 2층에서는 스페셜티 드립바가 준비되어있습니다.,점심 저녁 동일가 1만원 미만,"카페,디저트",공릉
삼삼뼈국,4.6,(120),100% 한우 사골을 사용한 미나리 감자탕 맛집,점심 저녁 동일가 1 - 2만원,한식,회기
853,4.6,(48),트렌디한 한옥에서 즐길 수 있는 육즙 가득한 프리미엄 한돈,점심 저녁 동일가 1 - 2만원,돼지고기구이,인사동
옐로우보울(Yellow Bowl),4.4,(22),블루리본 서베이에 7년 연속 서울에서 꼭 가봐야할 할 맛집으로 선정된 이탈리안 캐주얼 레스토랑,점심 2 - 3만원 · 저녁 2 - 7만원,이탈리아음식,충정로
또보겠지떡볶이집 깐따삐아점,4.7,(47),깻잎 즉석떡볶이와 버터갈릭 감자튀김의 원조 또보겠지 떡볶이집,점심 저녁 동일가 1만원 미만,한식,홍대
투또톤토,5.0,(2),건대 에스프레소바 자유롭고 입체적인 공간,점심 저녁 동일가 1만원 미만,"카페,디저트",건대
멜로즈,4.9,(91),"담백, 달콤한 브런치부터 신선한 샐러드, 든든한 핫디쉬까지",점심 저녁 동일가 1 - 3만원,브런치,공덕
리정원 성신여대점,5.0,(1),10년차 사장님의 노하우가 담긴 꽃삼겹살 전문 고깃집,점심 저녁 동일가 1 - 3만원,"육류,고기요리",성신여대
서양라멘,4.3,(42),일본라멘을 서양식으로 재해석한 퓨전라멘 전문점,점심 저녁 동일가 1 - 2만원,퓨전음식,서울역
원할머니 보쌈족발 본점(Since 1975),4.3,(40),"1975년 부터 세대를 이어가는 정성의 맛, 원할머니 보쌈족발 본점입니다",점심 저녁 동일가 1 - 6만원,"보쌈,족발",신당
베르데 문래,4.6,(119),"맛있는 브런치와 푸짐한 플래터, 칵테일 및 와인, 신선한 수제맥주까지 다양하게 즐길 수 있는 펍 레스토랑",점심 저녁 동일가 1 - 5만원,브런치,문래
그릴도하,4.6,(210),"숯불양갈비, 후무스, 화덕 피타브레드를 함께 즐기는 색다른 한남동 맛집",점심 저녁 동일가 2 - 4만원,아시아음식,한남
아쿠아 디 파르마 옐로우 카페,4.4,(11),세계적인 디자이너 도로테 메일리슈종이 멤피스 무브먼트의 강렬한 색채와 거대한 토템에서 영감을 받아 아쿠아 디 파르마를 재해석한 Yellow Cafe(옐로우 카페),점심 저녁 동일가 1만원 미만,"카페,디저트",잠실
정돈 대학로점,4.9,(10),혜화역 대학로 맛집 수요미식회 나온 정돈 돈까스,점심 저녁 동일가 1 - 3만원,돈가스,혜화
어거스트힐,4.5,(217),분위기 좋고 스테이크가 맛있는 강남역 소개팅 명소,점심 저녁 동일가 1 - 7만원,이탈리아음식,강남
대세 박목살,4.5,(62),"부드러운 목살과 생껍데기, 곤드레밥을 합리적인 가격에 맛볼 수 있는 곳",점심 영업안함 · 저녁 2 - 3만원,돼지고기구이,영등포
문백숯불장인 잠실방이점,4.9,(158),흑돼지의 짙고 검은 육향 숯불구이 전문점,점심 저녁 동일가 2 - 6만원,돼지고기구이,잠실
성수명당,4.3,(30),점심 먹으러 가는 술집 Since 2018,점심 저녁 동일가 1 - 2만원,일식,성수
비볼리 합정,4.9,(127),"Vivo (살다) + li (그곳) = 그곳에 살았다.피렌체로 10년 동안 요리유학을 다녀온 모자가 운영하는이탈리안 레스토랑입니다.10년 동안 모자가 머물렀던 그때 그곳, 이탈리아의 향기를 간접적으로 여기 비볼리에서 느껴보시는 건 어떨까요? 기다리고 있겠습니다.",점심 저녁 동일가 1 - 3만원,이탈리아음식,합정
티엔미미 홍대점,4.4,(10),잊을 수 없는 첫 만남의 기억처럼 계속 생각나는 딤섬 전문 중식당인연은 다시 만나듯 모든 재료가 인연이 되어 고급스럽고 다채로운 맛을 선사하는 광동식  중국요리,점심 저녁 동일가 1 - 10만원,중식,홍대
마루심 서초,4.1,(44),일본 나고야식 장어덮밥 히츠마부시 전문점,점심 저녁 동일가 2 - 6만원,일식,반포
옹기종기감자옹심이,4.8,(155),서울 감자옹심이 찐 맛집,점심 저녁 동일가 1만원 미만,한식,구로
진지아,4.5,(75),"마라의 황제, 중식의 달인 최형진 셰프의 트렌디한 중화요리 전문점",점심 저녁 동일가 1 - 5만원,중식,송파
더멜란지,4.3,(118),"창덕궁, 종로3가, 광화문 맛집으로 소문난 더멜란지. 최고의 서비스와 분위기로 데이트 명소, 핫플로 소문난 맛집.",점심 저녁 동일가 1 - 4만원,이탈리아음식,익선
범가,4.4,(36),줄 서서 먹는 마늘탕수육 맛집,점심 저녁 동일가 1 - 3만원,중식,광장동
청기와타운 종로점,4.7,(147),미국 LA 한인타운의 힙하고 캐주얼한 감성을 담은 인테리어로 눈길을 사로잡는 곳입니다.,점심 저녁 동일가 2 - 3만원,"육류,고기요리",종각
해피치즈스마일 연남점,4.2,(59),키치한 디자인과 인테리어의 떡볶이 맛집 분식 레스토랑,점심 저녁 동일가 1 - 2만원,한식,연남
노아이디어피자,4.9,(34),쫀득한 도우가 매력있는 sns핫플 피자집,점심 저녁 동일가 1 - 2만원,피자,사당
통의동 국빈관,4.4,(324),서촌의 분위기 좋은 한옥 소고기 맛집,점심 저녁 동일가 1 - 6만원,소고기구이,서촌
큔,4.7,(24),발효를 활용한 음식과 음료를 만들고 발효식료품을 판매하는 그로서리&카페. 재료는 모두 식물성(vegan) 입니다.,점심 1 - 2만원 · 저녁 영업안함,베지테리안/비건,서촌
스미카츠,4.1,(6),"습식, 염지 숙성한 냉장 꽃목살을 숯불 훈연한 카츠,카츠동 전문점",점심 저녁 동일가 1 - 2만원,돈가스,압구정로데오
수락이오냉면,4.3,(14),20년 전통의 비법을 담은 채소 육수로 만든 시원한 평양냉면 맛집,점심 저녁 동일가 1 - 2만원,"국수,냉면",상계
쿠히치 연남점,4.5,(38),"점심은 일식당, 저녁에는 이자카야",점심 저녁 동일가 1 - 3만원,일식,연남
하타네 연남점,4.2,(7),일본 현지 스낵바의 감성을 현대식으로 재해석한 안주 맛집,점심 영업안함 · 저녁 1 - 3만원,이자카야,연남
오롯,4.4,(93),셰프들의 창의적인 요리와 숲길 뷰가 돋보이는 다이닝 이자카야,점심 저녁 동일가 1 - 4만원,이자카야,공덕
나래함박,4.6,(42),대학로에서 유일하게 양고기함박을 맛볼 수 있는 숯불함박 전문점,점심 저녁 동일가 1 - 2만원,"육류,고기요리",혜화
짝귀,4.0,(12),한우 1++ 짝갈비를 100g에 1만원대로 즐길 수 있는 가성비 최고의 맛집,점심 저녁 동일가 1 - 3만원,소고기구이,마곡
또보겠지떡볶이집 해피토스점,4.8,(28),깻잎 즉석떡볶이와 버터갈릭 감자튀김의 원조 또보겠지 떡볶이집,점심 저녁 동일가 1 - 2만원,한식,합정
소랑호젠,4.6,(376),"제주의 감성이 담긴 파스타, 스테이크 맛집",점심 저녁 동일가 1 - 4만원,파스타,서울숲
어텐디 한남,0.0,0,다양한 케이크와 티 베리에이션으로 즐기는 유럽 감성 디저트 카페,점심 저녁 동일가 1 - 2만원,"카페,디저트",한남
디어다온,0.0,0,친환경 제품과 대체당을 사용하여 건강과 맛 그리고 환경까지 생각한 푸딩 / 빙수 / 커피를 전문으로 하는 귀여운 연남동 카페,점심 저녁 동일가 1만원 미만,"카페,디저트",연남
사치쌀국수,5.0,(2),닭다리가 통째로 올라간 뜨끈한 태국식 쌀국수,점심 저녁 동일가 1 - 2만원,태국음식,합정
영등포꽃삼,4.2,(2),"최고의 고기, 최고의 맛을 느끼실 수 있는 맛집",점심 저녁 동일가 1 - 3만원,돼지고기구이,영등포
대낚식당 성수,4.2,(89),곱도리탕&대창덮밥 콜라보의 원조 맛집,점심 저녁 동일가 1 - 3만원,한식,성수
남산동,4.2,(176),"신선한 손두부, 가마솥에서 끓여낸 김치찌개, 한우로 만든 남산온반(맑은곰탕)까지 건강한 한상을 차려놓은 공간",점심 저녁 동일가 1 - 3만원,한식,을지로
땡스오트 연남,4.8,(4),모두의 건강을 꿈꾸는 그릭요거트 맛집,점심 저녁 동일가 1 - 2만원,"카페,디저트",연남
크리스탈제이드 상하이 팰리스 광화문점,4.2,(367),"화사한 정원 뷰에서 맛보는 딤섬, 그리고 다양한 요리",점심 저녁 동일가 1 - 8만원,중식,광화문
오복수산대구 여의도점,4.5,(46),신선한 해산물을 사용한 한식 다이닝 매장,점심 저녁 동일가 2 - 5만원,"해물,생선요리",여의도
실루엣커피,4.8,(3),라일락 나무로 유명한 상수 카페,점심 저녁 동일가 1만원 미만,"카페,디저트",상수
본화로,4.5,(17),암퇘지 1+ 한돈 전문점 참숯백탄 직화구이,점심 저녁 동일가 1 - 4만원,돼지고기구이,신림
임금돼지 잠실,4.9,(32),<솔잎훈연> 하이앤드 특수품종 YBD금돼지 전문점,점심 저녁 동일가 1 - 3만원,돼지고기구이,석촌
원조마늘곱창,4.3,(12),15년 곱창 전문가가 만든 곱창 브랜드,점심 영업안함 · 저녁 1 - 3만원,"곱창,막창",문래
육막집,5.0,(1),우주최강 육회막국수 & 갓성비 프리미엄 한우등심구이 전문점,점심 저녁 동일가 1 - 4만원,소고기구이,문정
투파인드피터 서울성수점,4.2,(13),다양한 양식 플레이트를 선보이는 캐쥬얼 다이닝 레스토랑,점심 저녁 동일가 1 - 2만원,유러피안음식,성수
서관면옥 홍대점,4.8,(8),마음으로 대접받는 감동을 경험하는 예술적인 냉면 한 상,점심 저녁 동일가 1 - 4만원,"국수,냉면",홍대
르브리에,4.6,(37),브리오슈를 이용한 특별한 브런치,점심 저녁 동일가 1 - 2만원,브런치,잠실
고기싸롱 도봉보건소사거리점,4.4,(14),고퀄리티의 다양한 육류를 만날 수 있는 곳,점심 저녁 동일가 1 - 2만원,"육류,고기요리",창동
명백집노량진점,0.0,0,깔끔하고 담백한 국물맛이 일품인 지리산 흑돼지 곰탕전문집,점심 저녁 동일가 1 - 2만원,한식,노량진
한강로칼국수 충무로직영점,0.0,0,"낮에는 따뜻한 식사, 저녁에는 모던주막으로 막걸리와 다양한 요리를 선보이는 곳",점심 저녁 동일가 1 - 3만원,한식,충무로
일미락 성수,4.3,(23),직접 구워주는 프리미엄 무항생제 돼지고기 전문점,점심 저녁 동일가 1 - 3만원,돼지고기구이,성수
히타토제면소,4.4,(48),"서촌에 위치한 우동, 소바 맛집",점심 저녁 동일가 1 - 2만원,일식,서촌
키치클럽,4.8,(2),"스페셜티커피와 와인, 그리고 맛있는 이탈리안 음식이 있는 곳",점심 저녁 동일가 1 - 5만원,다이닝바,양재
오롯 로바타,4.4,(168),오롯의 2호 매장인 로바다야끼 일식다이닝,점심 1 - 2만원 · 저녁 1 - 8만원,일식,공덕
미래회관 압구정로데오,4.4,(199),"인스타 3천만뷰 돌파. 국내 1% 선별육을 장인이 320시간 엄블랑 에이징한 15% 깍아낸 벽돌 통목살과 삼겹살 전문점.BTS 정국, 넉살, 하석진 등 연예인들이 찾고 전문그릴러가 끝까지 구워주는 고급지고 힙한 분위기.",점심 영업안함 · 저녁 1 - 3만원,돼지고기구이,압구정로데오
양산도 올림픽공원점,4.5,(26),나고야식 민물장어덮밥 “히츠마부시” 전문점,점심 저녁 동일가 1 - 4만원,일식,성내
플롭 연남,0.0,0,테라스에서 즐기는 네 가지맛 피자 맛집,점심 저녁 동일가 1 - 2만원,피자,연남
르미야,4.0,(29),데이트 코스로 추천! 국립중앙박물관 근처 파스타 맛집,점심 저녁 동일가 1 - 3만원,퓨전음식,이촌
니찌니찌 마포점,4.8,(150),30년 경력의 오너셰프가 제철 식재료로 만드는 신선한 이야기,점심 1 - 4만원 · 저녁 1 - 15만원,스시오마카세,마포
벽제갈비 방이점,5.0,(1),최상급 한우의 독보적인 역사,점심 저녁 동일가 1 - 8만원,소고기구이,방이
함루 서울역점,4.1,(202),신라호텔 출신 셰프의 나고야 히츠마부시 전문점,점심 저녁 동일가 2 - 10만원,일식,서울역
소곤(SO GON),4.9,(103),백마리 중 한 마리인  No.9 특상등급의 한우(암소 1++)와 최고급 식재료에 공간의 가치를 더한 “SO GON”으로 여러분을 초대합니다,점심 저녁 동일가 5 - 8만원,소고기구이,마곡
스모크 트레인,4.5,(53),분위기 좋은 텍사스 훈연 바베큐 전문점,점심 저녁 동일가 2 - 5만원,바베큐,혜화
라무진 공덕점,4.5,(69),고급스러운 분위기의 대한민국 대표 양갈비 전문점,점심 저녁 동일가 1 - 3만원,양고기,공덕
정돈 신사점,5.0,(10),신사역 가로수길 돈가츠 맛집,점심 저녁 동일가 1 - 3만원,돈가스,가로수길
청도미나리식당 선릉점,4.6,(44),청도산 미나리를 곁들인 다양한 요리,점심 저녁 동일가 1 - 2만원,"닭,오리요리",선릉
미카도스시 명동점,4.1,(3),합리적인 가격에 즐기는 70여 가지 다양한 초밥,점심 가격변동 · 저녁 가격변동,"스시,초밥",명동
애즈라이크 본점,4.5,(54),샐러드가 맛있는 올데이 브런치 카페,점심 저녁 동일가 1 - 2만원,브런치,서촌
청기와타운 잠실점,4.4,(157),수원식 LA왕갈비가 유명한 맛집,점심 저녁 동일가 2 - 3만원,"육류,고기요리",방이
온더보더 타임스퀘어점,4.1,(34),"타코, 부리또, 화이타 등의 정통 멕시칸 요리를 선보이는 멕시코 요리 전문점",점심 저녁 동일가 1 - 8만원,멕시코음식,영등포
홍곱창 회기본점,4.3,(23),데리야끼 막창이 시그니처인 20여년 회기동 곱창/막창 맛집,점심 저녁 동일가 1 - 2만원,"곱창,막창",회기
덴키카츠,4.1,(14),정성과 좋은 재료를 기본으로 하는 모던한 분위기의 일식 전문점,점심 저녁 동일가 1 - 2만원,돈가스,삼성
차알브라운,0.0,0,"American Vibe, New Chinese 미국에서 즐길 수 있는 중식 요리를 한국인의 입맛으로 재해석한 '퓨전 중식 요리'의 신선한 매력을 선보입니다.",점심 저녁 동일가 1 - 3만원,중식,용산
마루심 마포,0.0,0,일본 나고야식 장어덮밥 히츠마부시 전문점,점심 저녁 동일가 2 - 6만원,일식,마포
옥소반 강남역점,4.5,(24),"스키야키의 대중화를 지향하는 스키야키, 샤브샤브 전문점",점심 1 - 2만원 · 저녁 1 - 3만원,샤브샤브,강남
오코노미볼트 신사점,4.3,(9),돼지고기와 해산물이 듬뿍 들어간 프리미엄 오코노미야끼 전문점,점심 저녁 동일가 1 - 3만원,일식,청담
파미고 츄레리아,5.0,(2),스페인 식자재로 만든 전통 츄로스 디저트 샵,점심 저녁 동일가 1 - 2만원,"카페,디저트",연남
온더보더 코엑스 도심공항점,4.0,(125),"기존 온더보더와 다른 인테리어로 색다른 분위기를 느낄 수 있으며 후레쉬한 재료로 만든 부리또, 타코, 퀘사디아, 엔칠라다! 메스퀴드 화이타를 드실 수 있는 공간 p.s 최대 10명 수용한 독립된 룸 공간 예약 가능 ※ 최소 8인 이상 예약 가능",점심 저녁 동일가 1 - 8만원,멕시코음식,삼성
쭈꾸미랩소디 강남점,4.2,(25),강남역 근처 불향 가득한 쭈꾸미 맛집,점심 저녁 동일가 1 - 2만원,해물(탕/찜/볶음),강남
닥터로빈 광화문점,4.4,(63),"건강한 닥터로빈 분위기 좋은 파스타, 리조또 맛집",점심 저녁 동일가 1 - 4만원,이탈리아음식,광화문
화반 방이점,4.9,(16),잠실 모임 데이트 하기 좋은 방이동 삼겹살 맛집숙성고기 전문점,점심 저녁 동일가 1 - 5만원,"육류,고기요리",방이
서관면옥 은평한옥마을점,4.2,(13),마음으로 대접받는 감동을 경험하는 예술적인 냉면 한 상,점심 저녁 동일가 1 - 3만원,"국수,냉면",은평
고기싸롱 서울대입구역,4.6,(36),고퀼리티의 다양한 육류를 즐길 수 있는 무한리필 고깃집,점심 저녁 동일가 1 - 2만원,돼지고기구이,서울대입구
호미담,4.7,(143),친숙하지만 개성있는 한식요리와 다양한 우리술을 즐길 수 있는 한식주점,점심 저녁 동일가 1 - 3만원,한식,성수
벙구갈비 신사본점,4.4,(53),갈비 1인분에 냉면 한 그릇이 서비스인 갈비 찐맛집,점심 저녁 동일가 1 - 4만원,돼지고기구이,은평
바비레드 강남본점,4.5,(6),매운 갈비 파스타의 원조! 스파이시 퓨전 레스토랑,점심 저녁 동일가 1 - 3만원,이탈리아음식,강남
구석집,4.8,(36),"웨이팅을 이겨낼 고기국수, 곱창전골 맛집",점심 저녁 동일가 1 - 4만원,한식,영등포
봉고기,4.6,(20),친환경 무항생제 프리미엄 목살 전문점,점심 저녁 동일가 2 - 4만원,"육류,고기요리",신도림
룡산399 용산점,4.7,(35),"미팅 장소, 단체회식 장소로 추천하는 캐주얼 차이니스 다이닝",점심 저녁 동일가 1 - 6만원,중식,용산
DOO771 강남본점,5.0,(1),"Delicious Original One당신의 가치 있는 한 끼, DOO771에서 만나보세요.",점심 저녁 동일가 2 - 4만원,한식,강남
메종드단아,4.0,(10),남매쉐프가 운영하는 캐주얼 퓨전한식 레스토랑,점심 저녁 동일가 1 - 3만원,한식,은평
세컨디포레스트 송리단길점,4.4,(15),"가성비 최고 파스타, 피자 맛집",점심 저녁 동일가 1 - 3만원,파스타,송파
후라토식당 상암직영점,4.3,(14),"규카츠 & 반숙 오므라이스, 캐주얼 일본요리 전문점",점심 저녁 동일가 1 - 2만원,일식,상암
37.5 시그니처 성수점,4.7,(72),가심비 맛쥬얼! 브런치 & 와인바,점심 저녁 동일가 2 - 4만원,브런치,성수
계모임 마포직영점,0.0,0,한식 베이스로 해석한 숯불닭구이 전문점,점심 저녁 동일가 1 - 2만원,"닭,오리요리",마포
청기와타운 신사역점,4.7,(285),서울 신사역 맛집 청기와타운 신사역점은 신사역 3번 출구에 위치하고 있으며 미국 LA 한인타운의 힙하고 캐주얼한 감성을 담은 인테리어로 눈길을 사로잡는 곳입니다.,점심 저녁 동일가 2 - 3만원,"육류,고기요리",신사
김숙성 마포역점,4.8,(42),드라이에이징 돼지고기 전문점,점심 저녁 동일가 2 - 3만원,돼지고기구이,마포
함루 본점,4.4,(60),신라호텔 출신 셰프의 나고야 히츠마부시 전문점,점심 저녁 동일가 2 - 10만원,일식,공덕
매란방 월계이마트점,3.8,(33),트렌디하고 감각적인 퓨전 중식당,점심 저녁 동일가 1 - 2만원,중식,월계
비일,4.9,(48),비일의 색을 넣어 재구성한 요리와 캐쥬얼한 공간,점심 1 - 2만원 · 저녁 1 - 3만원,파스타,용산
전설의우대갈비 서울시청직영점,0.0,0,초벌로 구워 나오는 우대갈비 맛집,점심 저녁 동일가 2 - 4만원,소고기구이,시청
더코너키친,4.5,(25),"마약옥수수피자가 맛있는 화덕피자, 파스타 전문점",점심 저녁 동일가 2 - 3만원,피자,옥수
이멜다분식,3.6,(21),을지로 청계천에 위치한 퓨전 양식 맛집,점심 저녁 동일가 1 - 2만원,퓨전음식,을지로
그림나베 내방역점,5.0,(9),"대한민국 최초, 최다 판매 저탄고지, 저칼로리 밀푀유나베 전문점",점심 저녁 동일가 1 - 3만원,샤브샤브,방배
의리의 남자들,4.7,(3),먹는 것에 진심인 만큼 최선을 다해 맛있게 만드는 다양한 분식,점심 저녁 동일가 1 - 2만원,분식,종로
떡볶이농장 홍대점,4.4,(23),콘치즈 떡볶이가 시그니처인 떡볶이 맛집,점심 저녁 동일가 1만원 미만,한식,홍대
혜화동버거,4.1,(14),도넛버거가 시그니처인 수제버거집,점심 저녁 동일가 1 - 2만원,아메리칸음식,대학로
우이락 상도점,0.0,0,고추튀김이 맛있는 막걸리집,점심 저녁 동일가 1 - 3만원,전통주,상도
명현만간장게장 합정본점,4.4,(50),명현만 선수가 직접 운영하는 무한리필 간장게장 맛집,점심 저녁 동일가 3 - 4만원,한식,합정
양키스그릴 신당점,4.7,(53),스테이크를 저렴한 가격으로 누구나 부담없이 맛볼 수 있는 곳!,점심 저녁 동일가 1 - 4만원,"스테이크,립",신당
AUZ,4.4,(14),열정도에 위치한 호주식 브런치 맛집,점심 1 - 2만원 · 저녁 영업안함,브런치,용산
이치류 한남점,4.7,(83),국내 최초 정통 삿포로식 양고기 징기스칸 전문점,점심 영업안함 · 저녁 3 - 4만원,양고기,한남
등촌샤브칼국수 서울역점,4.6,(6),야채 샤브 칼국수와 볶음밥을 코스로 즐길 수 있는 샤브칼국수전문점,점심 저녁 동일가 1 - 2만원,샤브샤브,서울역
울타리 곱창,4.4,(23),신세계 정용진 부회장과 50만 팔로워 푸딘코가 인정한 돼지곱창 막창 맛집,점심 저녁 동일가 1 - 2만원,"곱창,막창",중랑
나인피스그릴,4.7,(20),와인바 뺨치는 완소 고깃집,점심 저녁 동일가 1 - 5만원,"육류,고기요리",사당
한가로이,4.2,(2),건깅한 솥밥을 부담없는 가격으로 즐기는 여의도 솥밥 전문점,점심 저녁 동일가 1 - 2만원,한식,여의도
메종오버트서울,0.0,0,자이언트 크로와상을  맛볼 수 있는 서촌 카페,점심 저녁 동일가 1만원 미만,"카페,디저트",서촌
MAILLET,4.2,(19),수요미식회에 나온 프랑스 디저트 맛집,점심 저녁 동일가 1만원 미만,"카페,디저트",반포
씽칭공원 송리단길점,0.0,0,전통 중국 음식과 다양한 아시아 요리를 한 자리에서 맛볼 수 있는 곳,점심 저녁 동일가 1 - 2만원,중식,송파
봉이밥 인사동점,4.3,(9),입에서 입으로 널리 전해져 오며 소문난 '구전음식점'이라는 색다른 테마로 진행하는 전통 한식 브랜드,점심 저녁 동일가 1 - 3만원,한식,종로
유태,4.8,(20),깔끔하고 맛있는 국밥으로 행복을 느낄 수 있는 곳,점심 저녁 동일가 1 - 2만원,한식,왕십리
원할머니 논현직영점(Flagship store),4.8,(99),"원할머니의 새로운 Flagship Store !!✔️24시간 연중무휴✔️논현동 유일의 불꺼지지 않는 매장✔️콜키지프리 (2인 1병 기준 무료)✔️다양한 주류 보유(와인,위스키,전통주)✔️주차가능 (주차 안내)✔️직원들의 정성스런 서비스",점심 1 - 4만원 · 저녁 2 - 4만원,"보쌈,족발",논현
고기꾼김춘배 공덕직영점,4.4,(66),공덕 경의선숲길 산책로 고기 맛집,점심 저녁 동일가 2 - 4만원,"육류,고기요리",공덕
양평회관 왕십리본점,5.0,(2),레트로 분위기의 냉동삼겹살이 맛있는 돼지고기 전문점,점심 저녁 동일가 1 - 2만원,돼지고기구이,왕십리
랫댓 연남,3.9,(28),닭껍질피자로 유명한 피맥 핫플,점심 저녁 동일가 2 - 3만원,피자,연남
옥소반 가양점,4.0,(3),"합리적인 가격 스키야키의 대중화를 지향하는 스키야키, 샤브샤브 전문점",점심 저녁 동일가 1 - 3만원,샤브샤브,강서
차알LG아트센터점,4.8,(63),미국에서 즐길 수 있는 중식 요리를 한국인의 입맛으로 재해석한 퓨전 중식 요리점,점심 저녁 동일가 1 - 4만원,퓨전음식,마곡
멘푸라,4.8,(21),면요리와 튀김요리를 담는 공간,점심 저녁 동일가 1만원 미만,일식,왕십리
후라토식당 신사점,0.0,0,가로수길에 위치한 규카츠 전문점,점심 저녁 동일가 1 - 2만원,일식,가로수길
명륜진사갈비 장안점,4.3,(25),**1인분 가격에 숯불돼지갈비+통삼겹살+숯불닭갈비+돼지껍데기+양념 등갈비 프렌치렉까지 모두 무한리필 **,점심 저녁 동일가 1.79만원,"육류,고기요리",장안
요쇼쿠성수,0.0,0,일본식 양식을 판매하는 서울숲 퓨전 일식 전문점,점심 저녁 동일가 1 - 2만원,일식,서울숲
탄토탄토,4.4,(10),"비비드 이탈리안, 합리적 가격의 음식과 샴페인",점심 저녁 동일가 1 - 3만원,이탈리아음식,건대
전설의우대갈비 상암직영점,0.0,0,초벌로 구워 나오는 우대갈비 맛집,점심 저녁 동일가 2 - 4만원,소고기구이,상암
영동곰탕,5.0,(12),장시간 1++한우양지만 이용해 우려낸 일일 한정판매 한우곰탕 전문점,점심 저녁 동일가 1 - 2만원,한식,논현
리애 프리미엄 올림픽공원직영점,4.5,(27),좋은 식재료와 조리기술로 만든 프리미엄 숙성육 돈가스 맛집,점심 저녁 동일가 1 - 2만원,돈가스,성내
녹원쌈밥 연희점,4.8,(8),쌈이 무한리필 되는 건강한 쌈밥집,점심 저녁 동일가 1 - 2만원,한식,연희
전설의우대갈비 강남직영점,4.1,(2),초벌로 구워 나오는 우대갈비 맛집,점심 저녁 동일가 2 - 4만원,소고기구이,강남
우월소곱창 마포직영점,4.6,(13),회식하기 좋은 서울 3대 마늘곱창 맛집,점심 1 - 3만원 · 저녁 2 - 6만원,"곱창,막창",마포
고기싸롱 장승배기점,4.6,(25),고퀼리티의 다양한 육류를 즐길 수 있는 무한리필 고깃집,점심 1.65만원 · 점심 1.75만원,"육류,고기요리",장승배기
달래해장 압구정로데오,5.0,(1),쓰린 속과 마음을 달래는 해장국 맛집,점심 저녁 동일가 1 - 4만원,한식,압구정로데오
금성회관 목동,4.6,(22),나주 배를 듬뿍 담은 특제 양념을 선보이는 돼지고기 전문점,점심 저녁 동일가 1 - 3만원,"육류,고기요리",목동
김태완스시방배본점,4.4,(4),일관성 있는 마음을 담아 내 가족이 먹을 수 있도록 정성을 다하는 김태완스시,점심 저녁 동일가 1 - 4만원,"스시,초밥",방배
고기싸롱 중화역점,4.9,(8),끝없이 연구한 특별한 염지와 숙성법으로 만든 고기를 즐길 수 있는 곳,점심 저녁 동일가 1 - 2만원,돼지고기구이,중랑
궤도,0.0,0,모던한 인테리어가 돋보이는 디저트 카페,점심 저녁 동일가 1만원 미만,"카페,디저트",서촌
라바트리 서울숲,4.8,(7),라바트리 서울숲만을 위한 새로운 도심 속의 공원,점심 저녁 동일가 1만원 미만 · 가격 변동,"카페,디저트",서울숲
일미락 상암점,4.5,(8),직접 구워주는 프리미엄 무항생제 돼지고기 전문점,점심 저녁 동일가 1 - 3만원,돼지고기구이,상암
수국쌀복,4.5,(20),베트남 쌀국수를 기반으로 복이 풀어낸 서울식 쌀국수,점심 저녁 동일가 1 - 2만원,베트남음식,서대문
한우곱해장,4.7,(4),"발산 한우진곱창의 해장국 전문 브랜드, 먹을텐데 맛집",점심 저녁 동일가 1 - 3만원,한식,마곡
멘노아지 성수,4.7,(5),다양한 취향을 반영한 참신한 일본식 면 요리의 진수,점심 저녁 동일가 1 - 2만원,일식,성수
바오차이,4.6,(7),분위기 있는 을지로 중식 레스토랑 바오차이,점심 1 - 8만원 · 저녁 1 - 15만원,중식,을지로
정이담,3.7,(70),정갈한 제철음식과 담소와 술이 함께하는 모던한식,점심 저녁 동일가 1 - 4만원,한식,서울숲
온더보더 현대디큐브시티점,3.9,(40),"마가리타, 화이타, 타코, 부리또 등을 선보이는 정통 멕시칸 레스토랑",점심 저녁 동일가 1 - 8만원,멕시코음식,신도림
양산도 공덕점,4.6,(9),나고야식 민물장어덮밥 “히츠마부시” 전문점,점심 저녁 동일가 1 - 4만원,장어요리,공덕
TWG TEA 압구정 안다즈점,4.5,(40),50여종의 다양한 티 메뉴와 함께 티와 어울리는 디저트를 맛볼 수 있는 곳,점심 저녁 동일가 1 - 2만원,"카페,디저트",압구정
효도치킨 강남고속버스터미널점,4.8,(24),효의 마음을 담아 만드는 겉바속촉 K-치킨,점심 1 - 3만원 · 저녁 2 - 3만원,"닭,오리요리",반포
후추포인트 성수,4.2,(27),초당옥수수 뇨끼로 핫한 성수 캐주얼 레스토랑,점심 저녁 동일가 1 - 4만원,이탈리아음식,성수
양산도 목동점,0.0,0,"자포니카 민물장어덮밥, 가심비 풍부한 장어덮밥",점심 저녁 동일가 1 - 4만원,장어요리,목동
사이코우스시 쌍문점,4.4,(10),가성비 좋은 쌍문동 스시 맛집,점심 저녁 동일가 1 - 3만원,"스시,초밥",쌍문
성수 까망,5.0,(1),따듯한 분위기 속 데이트 하기 좋은 캐주얼 양식당,점심 저녁 동일가 1 - 2만원,이탈리아음식,성수
육구공,5.0,(4),분위기 좋은 아시안 퓨전 파스타 맛집,점심 저녁 동일가 1 - 3만원,퓨전음식,가로수길
홍지로스,4.9,(5),레트로 감성의 낙원상가 고기구이 맛집,점심 저녁 동일가 1 - 3만원,"육류,고기요리",광화문
코코이찌방야 합정역 메세나폴리스점,4.3,(4),합정역에서 제일 가깝고 오래된 카레집,점심 저녁 동일가 1 - 2만원,일식,합정
미래회관 마곡점,4.6,(27),"인스타 3천만뷰 돌파. 국내 1% 선별육을 장인이 320시간 엄블랑 에이징한 15% 깍아낸 벽돌 통목살과 삼겹살 전문점.BTS 정국, 넉살, 하석진 등 연예인들이 찾고 전문그릴러가 끝까지 구워주는 고급지고 힙한 분위기. 콜키지/룸차지는 부담없이 프리!",점심 저녁 동일가 1 - 7만원,돼지고기구이,마곡
하순옥황금안동국시 목동본점,4.8,(6),소의 살코기만으로 육수를 낸 쫄깃하고 부드러운 안동국시 맛집,점심 저녁 동일가 1 - 2만원,한식,목동
반티엔야오 카오위 홍대점,4.3,(5),알싸한 맛이 매력적인 중국식 생선찜,점심 저녁 동일가 2 - 3만원,중식,홍대
청담동샤브 에피소드 수유 838점,4.8,(9),멋스러운 인테리어의 프리미엄 1인샤브 맛집,점심 저녁 동일가 1 - 2만원,샤브샤브,수유
퀸즈 블러바드,0.0,0,양재천 카페거리에서 즐기는 캘리포니아식 전통 멕시코 음식,점심 저녁 동일가 1 - 2만원,멕시코음식,매봉
고기싸롱 강서구청점,4.7,(55),고퀄리티의 다양한 육류가 있는 무한리필 고깃집,점심 1.75만원 · 저녁 1.85만원,돼지고기구이,강서
파라이,5.0,(18),태국 현지 미슐랭 식당,점심 저녁 동일가 1 - 2만원,아시아음식,가락
나래함박 연남점,4.1,(34),매일 먹어도 부담스럽지 않고 깔끔한 숯불 함박 전문점,점심 저녁 동일가 1 - 2만원,일식,연남
하나샤브샤브 중계본점,4.7,(11),샤브샤브와 일본식 편백나무 찜요리 맛집,점심 저녁 동일가 2 - 4만원,샤브샤브,중계
까몬 강남역삼점,4.6,(3),"베트남 로컬에서의 맛과 분위기, 까몬",점심 저녁 동일가 1 - 2만원,베트남음식,강남
고기싸롱 응암점,4.5,(13),고퀼리티의 다양한 육류를 즐길 수 있는 무한리필 고깃집,점심 1.75만원 · 저녁 1.85만원,돼지고기구이,은평
후라토식당 성수점,4.4,(3),"규카츠 & 반숙 오므라이스, 캐주얼 일본요리 전문점",점심 저녁 동일가 1 - 2만원,일식,성수
명륜진사갈비 서울쌍문점,4.6,(32),**1인분 가격에 숯불돼지갈비+통삼겹살+숯불닭갈비+돼지껍데기+양념 등갈비 프렌치렉까지 모두 무한리필 **,점심 저녁 동일가 1.89만원,"육류,고기요리",쌍문
츄로101성수점,0.0,0,블루리본 13년 연속등재!  주문과 동시에 즉석에서 만들어지는 츄러스를 즐길 수 있는 프리미엄 츄러스 카페 입니다 :),점심 저녁 동일가 1만원 미만,"카페,디저트",성수
일일양 석촌호수,4.4,(11),프리미엄 양갈비를 전문가가 직접 구워주는 양갈비 맛집,점심 저녁 동일가 3 - 4만원,양고기,석촌
후라토식당 목동점,4.0,(12),"규카츠 & 반숙 오므라이스, 캐주얼 일본요리 전문점",점심 저녁 동일가 1 - 2만원,일식,목동
봉우화로,3.9,(30),우삼겹과 항아리 냉면이 맛있는 강남역 고깃집,점심 저녁 동일가 1 - 3만원,"육류,고기요리",강남
미카도스시 마곡점,4.2,(17),,점심 가격변동 · 저녁 가격변동,"스시,초밥",강서
규범곱창,5.0,(4),휘경동 막창곱창 맛있게 하는 왕조왕십리불곱창,점심 영업안함 · 저녁 1 - 2만원,"곱창,막창",회기
양산도 등촌점,4.9,(4),나고야식 민물장어덮밥 “히츠마부시” 전문점,점심 저녁 동일가 1 - 4만원,일식,등촌
부추긴돼지,4.9,(15),단짠의 부추 삼겹살 맛집,점심 저녁 동일가 1 - 2만원,돼지고기구이,연남
사람사는 고깃집 김일도 뱅뱅점,4.7,(56),28일 672시간 숙성 한돈 전문점,점심 저녁 동일가 1 - 2만원,돼지고기구이,강남
고기싸롱 신길점,4.5,(16),고퀼리티의 다양한 육류를 즐길 수 있는 무한리필 고깃집,점심 1.75만원 · 저녁 1.85만원,돼지고기구이,신길
선데이버거클럽,4.5,(13),미국 느낌 물씬나는 핫한 수제버거 맛집,점심 저녁 동일가 1 - 3만원,아메리칸음식,압구정로데오
글렌알라키 인 서울,4.5,(36),"전설적인 마스터 디스틸러 빌리워커, 서울에 오다!글렌알라키의 여정을 경험할 수 있는 특별한 팝업스토어가 펼쳐집니다. ⠀4.19. 금 - 4.28. 일더 현대 서울 지하1층*본 페이지는 위스키클래스 예약이며, 팝업스토어는 예약없이 방문 가능합니다.",점심 가격변동 · 저녁 가격변동,기타,
스시호,5.0,(6),매일 아침 신선한 재료를 손질하여 항상 맛있게 준비해드립니다.정성 가득 담긴 스시호를 편히 즐기실 수 있도록 노력하겠습니다.감사합니다,점심 1 - 3만원 · 저녁 1 - 4만원,"스시,초밥",송파
남영동 양문 신당점,3.9,(27),줄서는 식당에도 나온 가성비 소갈비 전문점,점심 영업안함 · 저녁 2 - 6만원,소고기구이,신당
김삼보 제주생고기 & 김치찌개,5.0,(1),김치찌개와 제주산 생고기로 즐기는 든든한 한 끼,점심 저녁 동일가 1 - 2만원,한식,을지로
계신,4.8,(2),"닭계 믿을신, 믿고 먹을 수 있는 닭",점심 저녁 동일가 1 - 2만원,"닭,오리요리",보문
슬로우캘리 송리단점,4.1,(3),한국인의 입맛에 맞게 재해석한 포케 맛집,점심 저녁 동일가 1 - 2만원,베지테리안/비건,송파
남영동 양문 선릉점,4.1,(37),시그니처 사이드메뉴와 가성비 좋은 생소갈비를 즐기는 곳,점심 저녁 동일가 2 - 6만원,소고기구이,선릉
우리바다수산,4.2,(67),대방어가 맛있는 웨이팅 횟집,점심 저녁 동일가 1 - 4만원,"회,사시미",마포
경아식당 본점,4.9,(3),생방송투데이 '햄폭탄부대찌개' 맛집,점심 저녁 동일가 1 - 2만원,한식,마곡
홍콩익스프레스 본점,4.3,(1),화려한 네온사인과 홍콩 현지 분위기가 매력적인 중식당,점심 저녁 동일가 1 - 2만원,중식,광화문
가인채 홈플러스 강동점,4.2,(22),가족 외식하기 좋은 무한리필 샤브샤브 & 샐러드,점심 저녁 동일가 1 - 3만원,샤브샤브,천호
후타츠 용산,0.0,0,수십가지의 재료가 들어간 정성 가득한 마제소바 전문점,점심 저녁 동일가 1 - 2만원,일식,삼각지
봄담아 하월곡점,0.0,0,개인의 취향에 맞게 마음껏 골라 먹을 수 있는 샤브샤브의 성지,점심 저녁 동일가 1 - 2만원,샤브샤브,하월곡
제줏간 방이점,0.0,0,제주여행 온듯한 느낌의 흑돼지 찐맛집,점심 영업안함 · 저녁 1 - 2만원,돼지고기구이,방이
등촌샤브칼국수 상암점,4.4,(2),야채 샤브칼국수와 볶음밥을 코스로 즐길 수 있는 샤브칼국수전문점,점심 저녁 동일가 1 - 2만원,샤브샤브,상암
도투리 샤브칼국수 불광천,4.1,(15),1968 시작되어 50년을 넘게 이어 온 전통 있는 전국 최초 도토리 샤브 칼국수 집입니다.,점심 저녁 동일가 1 - 2만원,샤브샤브,은평
셀럽파파라치 홍대서교점,0.0,0,셀럽을 꿈꾸는 특별한 여러분을 위한 카페! 홍대 스튜디오형 테마 카페 셀럽 파파라치,점심 저녁 동일가 1만원 미만,"카페,디저트",홍대
육목원,4.8,(3),강남에서 11년 운영 중인 숙성 한우와 한돈 모두 맛있는 강남역&뱅뱅사거리 맛집  프라이빗 룸 고기집 육목원입니다. 숙성 꽃등심과 숙성 곰취 삼겹살은 어디서도 맛 보실 수 없는 육목원의 시그니쳐 메뉴입니다.,점심 저녁 동일가 1 - 8만원,"육류,고기요리",강남
프레시부리또,4.5,(5),미식의 나라 프랑스를 사로잡은 유니크한 멕시칸,점심 저녁 동일가 1만원 미만,아메리칸음식,선릉
소담식당,4.7,(2),아늑한 공간에서 일식과 양식 모두 즐길 수 있는 맛집,점심 저녁 동일가 1 - 2만원,일식,신촌
화로상회 상계역점,4.5,(8),가성비 짱 참숯화로 직화구이 무한리필 고깃집,점심 저녁 동일가 1.75만원,돼지고기구이,중계
솔직한우 옥수점,4.8,(49),솔직함이 맛과 품질이 되는 정육식당,점심 저녁 동일가 1 - 2만원,소고기구이,옥수
후타츠 노원,4.9,(5),수십가지의 재료가 들어간 정성 가득한 마제소바 전문점,점심 저녁 동일가 1 - 2만원,일식,상계
코코이찌방야 보라매점,4.6,(6),먹어도 먹어도 질리지 않는 카레 맛집,점심 저녁 동일가 1 - 2만원,일식,보라매
쇼토,4.4,(22),신라호텔 출신 셰프가 만드는 쇼트케이크 전문점,점심 저녁 동일가 1 - 2만원,케이크,압구정
노랑저고리,0.0,0,푸짐하고 깔끔한 강남역 한정식당,점심 1 - 5만원 · 저녁 2 - 5만원,한정식,강남
호헌장담,5.0,(1),외대 앞 감각적인 분위기의 퓨전 한식 다이닝,점심 저녁 동일가 1 - 3만원,한식,이문
마장동 고기집 남가좌점,4.4,(54),팔각정을 모티브로 재해석한 닭 특수부위 숯불구이 전문점,점심 저녁 동일가 1 - 2만원,"닭,오리요리",서대문
제스티살룬 목동현대,0.0,0,이영자 새우버거로 유명한 수제버거 맛집,점심 저녁 동일가 1 - 2만원,버거,목동
불이아 홍대본점,5.0,(4),국내 훠궈 요리의 효시,점심 저녁 동일가 1 - 5만원,중식,홍대
금각도 여의도점,4.8,(5),"완벽한 숙성의 맛에 도달하다, 여의도 삼겹살 전문점",점심 저녁 동일가 1 - 4만원,돼지고기구이,여의도
무궁화반점 관악점,0.0,0,합리적인 가격과 알찬 서비스를 제공하는 24시 중국집,점심 저녁 동일가 1 - 3만원,중식,신림
제비집 홍대점,5.0,(2),노포감성의 직화두루치기와 얼큰순대전골 찐맛집,점심 저녁 동일가 1 - 2만원,한식,상수
서청미역 양재점,4.7,(12),자연의 맛을 추구하는 향토음식 전문점,점심 저녁 동일가 1 - 2만원,한식,양재
육화진,5.0,(1),프라이빗하고 프리미엄한 공간에서 즐기는 육즙 팡 돼지고기,점심 저녁 동일가 1 - 4만원,돼지고기구이,신림
연가정,0.0,0,전통음식인 칼국수를 현대식으로 연구하여 정성스럽게 만드는 조그마한 식당,점심 저녁 동일가 1 - 2만원,"국수,냉면",홍대
몽가,4.2,(8),다가가기 쉬운 프랑스 음식과 휴식을 제공하는 몽가,점심 1 - 2만원 · 저녁 영업안함,브런치,석촌
유키가츠&텐동 노원점,5.0,(2),숙성 수제 돈가스 및 텐동 전문점,점심 저녁 동일가 1 - 2만원,일식,공릉
꼬치마요 건대점,0.0,0,다양한 꼬치와 안주를 즐길 수 있는 건대 이자카야,점심 영업안함 · 저녁 1 - 3만원,이자카야,건대
음무아,0.0,0,시그니쳐 메뉴 뇨끼가 있는 10년 경력셰프의 고퀄리티 맛집,점심 저녁 동일가 1 - 3만원,이탈리아음식,연남
뭉텅 연신내점,4.4,(6),돌철판에 구워먹는 주먹고기가 일품인 고깃집,점심 영업안함 · 저녁 1 - 3만원,돼지고기구이,연신내
이야이야앤프렌즈,4.5,(1),그리스 남부 크레타 섬의 소규모 가족 농장과 생산자로 시작된 이야이야 앤 프렌즈 카페로 그리스의 느낌 그대로 옮겨 놓은 곳에서 그리스 피타브레드 메뉴와 여러 카페 메뉴를 손수 제공하는 곳,점심 저녁 동일가 1 - 2만원,브런치,압구정로데오
화봉족발 선릉본점,0.0,0,"맛과 공간, 그리고 음악을 즐길 수 있는 프리미엄 모던 한식 족발",점심 영업안함 · 저녁 2 - 3만원,"족발,보쌈",선릉
인생고기,0.0,0,돼지고기의 참맛을 느낄 수 있는 삼겹살집,점심 저녁 동일가 1 - 4만원,돼지고기구이,신림
띠오 데 산타바바라 합정점,4.7,(8),건강한 캘리포니아 멕시칸의 맛을 추구하는 그릴 & 타코 전문점,점심 저녁 동일가 1 - 2만원,멕시코음식,합정
잭슨후라이드치킨 한남,0.0,0,잭슨피자에서 오픈한 켄터키 치킨 맛집,점심 저녁 동일가 1 - 3만원,아메리칸음식,한남
투파인드피터 홍대점,5.0,(2),다양한 양식 플레이트를 선보이는 캐쥬얼 다이닝 레스토랑,점심 저녁 동일가 1 - 2만원,유러피안음식,홍대
원조 부안집 덕성여대점,4.8,(10),쫀득살&목살이 맛있는 숙성 돼지고기 전문점,점심 저녁 동일가 1 - 2만원,돼지고기구이,강북
강남 차돌집,5.0,(2),직장인 점심으로 좋은 가성비 차돌박이 맛집,점심 저녁 동일가 1 - 3만원,소고기구이,강남
해적마트,5.0,(3),와인 / 위스키 / 기타 증류주 아울렛,점심 가격변동 · 저녁 가격변동,"칵테일,위스키",이태원
꽃삼뚜껑,0.0,0,종로 동대문 신설동 흑돼지 생삼겹살 맛집,점심 저녁 동일가 1 - 2만원,돼지고기구이,종로
은식당,0.0,0,밑반찬까지 전부 맛있는 냉동삼겹살 전문점,점심 저녁 동일가 1 - 2만원,돼지고기구이,혜화
굴과찜사랑,4.0,(66),싱싱한 굴과 다양한 해산물 요리를 맛볼 수 있는 곳,점심 영업안함 · 저녁 1 - 3만원,"굴, 조개",왕십리
오봉집 쌍문점,0.0,0,방송에서 극찬한 직화낙지 & 보쌈 맛집,점심 저녁 동일가 1 - 3만원,한식,창동
여의주점,5.0,(3),맛있는 안주와 다양한 술 다양한 하이볼,점심 영업안함 · 저녁 2 - 3만원,요리주점,연남
돈파스팔레,4.3,(1),그릇 모양의 돈가스 속에 담긴 파스타가 있는 이색적인 맛집,점심 저녁 동일가 1 - 3만원,파스타,연남
최원석의돼지한판&서해쭈꾸미 시립대점,5.0,(2),트리플 에이징 숙성 돼지고기와 쭈꾸미의 맛있는 만남,점심 저녁 동일가 1 - 10만원,"육류,고기요리",청량리
최원석의 돼지한판&서해쭈꾸미 광장점,4.5,(8),트리플 에이징 숙성 돼지고기와 쭈꾸미의 맛있는 만남,점심 저녁 동일가 1 - 10만원,"육류,고기요리",구의
화로상회 서울대점,4.8,(6),참숯화로 직화구이 무한리필 고깃집,점심 저녁 동일가 1.75 만원,돼지고기구이,신림
플럼피 브런치,0.0,0,소박하고 정성 가득한 팬케익과 브런치를 판매하는 식당,점심 저녁 동일가 1 - 2만원,브런치,혜화
범상 스프커리 합정점,5.0,(2),6가지 향신료와 4가지 카레로 18시간 정성껏 끓여낸 '스프카레',점심 저녁 동일가 1 - 2만원,일식,합정
반티엔야오 카오위 강남점,4.0,(3),알싸한 맛이 매력적인 증국식 생선찜,점심 저녁 동일가 2 - 3만원,중식,강남
한양역,0.0,0,6가지 야채와 껍데기 삼겹살 목살이 모두 조리되어 편하고 깔끔하게 즐길 수 있는 곳,점심 저녁 동일가 1 - 3만원,돼지고기구이,홍대
현명식탁,0.0,0,신촌에 있는 기분 좋은 레스토랑 현명식탁,점심 저녁 동일가 1 - 5만원,이탈리아음식,신촌
천사곱창 홍대2호점,0.0,0,마약치즈가루와 소곱창의 만남,점심 저녁 동일가 1 - 3만원,"곱창,막창",합정
베리키친,4.7,(53),세계 각국의 음식들을 다양한 술과 함께 즐기는 캐주얼 다이닝,점심 저녁 동일가 1 - 2만원,퓨전음식,서울역
막썰이회30000,0.0,0,회식장소로 좋은 삼성동 직장인 핫플 횟집,점심 저녁 동일가 1 - 3만원,"회,사시미",삼성
누하의 숲,0.0,0,서촌의 작은 일본가정식당,점심 저녁 동일가 1 - 2만원,일식,서촌
르바게트메종,0.0,0,유럽 분위기 물씬 풍기는 바게트 맛집,점심 저녁 동일가 1만원 미만,"카페,디저트",신촌
톤제,0.0,0,톤제만의 빵가루와 블렌딩한 기름으로 즉석에서 조리하는 수제 돈카츠 전문점,점심 저녁 동일가 1 - 2만원,돈가스,성신여대
바플라이 3호점 : 단밤,0.0,0,신촌에서 재미있는 바+클럽,점심 저녁 동일가 1 - 2만원,"맥주,호프",신촌
백송한우 청담점,4.9,(258),백송만의 특별한 서대살을 선보이는 짝갈비명가 청담맛집,점심 2 - 6만원 · 저녁 4 - 6만원,소고기구이,청담
파이인더샵 용산점,4.6,(5),"파이부터 케이크, 버터바까지 다양한 수제 디저트가 있는 신용산 신상카페",픽업가 3 - 5만원,"카페,디저트",삼각지
이키가이,0.0,0,100% 국내산 프리미엄 암퇘지를 이키가이만의 비법으로 숙성하여 최상의 퀄리티의 고기만을 사용하는 돈카츠 맛집,점심 저녁 동일가 1 - 2만원,돈가스,성수
보광정 이태원점,4.9,(35),안녕하세요! 국내산 최상급 한돈을 구워주는 숯불구이 전문점‘보광정 ’ 입니다.감사의 마음과 따뜻한 정성을 담아감동을 전합니다.,점심 저녁 동일가 1 - 2만원,"육류,고기요리",이태원
씨장(ssijang),0.0,0,"다양한 종류의 바게트 빵과 직접 조리한 신선하고 따듯한 음식, 그리고 그에 걸맞은 음료들이 준비되어 있는 곳",점심 저녁 동일가 1 - 3만원,브런치,성수
코미오 문래,4.7,(8),"낮에는 라멘, 저녁엔 야끼니꾸와 각종 사케, 하이볼을 즐길 수 있는 공간",점심 1 - 2만원 · 저녁 1 - 6만원,일식,문래
까사피에스타 송파점,5.0,(2),송파구에서 가장 맛있는 수비드 스테이크&파스타 맛집,점심 저녁 동일가 1 - 3만원,이탈리아음식,잠실
제일돈카츠,5.0,(1),300시간 숙성한 고기와 수제 경양식 소스를 즐길 수 있는 곳,점심 저녁 동일가 1 - 2만원,일식,구의
98도씨국밥 보라매타운점,4.5,(5),얼큰하고 진한 육수와 다양하고 든든한 메뉴,점심 저녁 동일가 1 - 3만원,한식,신대방
모두의편백샤브 마곡발산점,4.4,(4),국내최초 편백과 샤브샤브&월남쌈을 동시에 무한으로 즐길 수 있는 곳,점심 저녁 동일가 1 - 2만원,샤브샤브,마곡
진대감 방이점,0.0,0,방이동 먹자골목 한우차돌삼합 맛집,점심 저녁 동일가 1 - 5만원,소고기구이,방이
리정원 대흥점,0.0,0,10년차 사장님의 노하우가 담긴 꽃삼겹살 전문 고깃집,점심 저녁 동일가 1 - 3만원,"육류,고기요리",마포
옥소반 송리단길점,0.0,0,"합리적인 가격 스키야키의 대중화를 지향하는 스키야키, 샤브샤브 전문점",점심 1 - 2만원 · 저녁 1 - 3만원,샤브샤브,송파
무쇠김치삼겹 종각점,0.0,0,자체 김치와 국내산 1+등급 냉장육을 사용한 삼겹살 맛집,점심 영업안함 · 저녁 1 - 2만원,돼지고기구이,광화문
금각도 마곡발산점,0.0,0,특허받은 심도숙성법을 사용하여 상위 1% 프리미엄 돼지고기로 완성,점심 저녁 동일가 1 - 2만원,돼지고기구이,마곡
해방촌닭,0.0,0,한끼 식사로 건강하고 든든한 해방촌닭의 한방통닭,점심 영업안함 · 저녁 1 - 3만원,"닭,오리요리",해방촌
닥터로빈 한남점,5.0,(1),건강함을 가져다주는 닥터로빈의 리브랜딩의 첫 시작점,점심 저녁 동일가 1 - 3만원,이탈리아음식,한남
구울램,4.8,(3),수제 비법 소스만 고집하는 마포구의 대표 양꼬치 맛집,점심 영업안함 · 저녁 1 - 4만원,양고기,합정
백제정육점,0.0,0,푸짐한 육회비빔밥을 먹을 수 있는 곳,점심 저녁 동일가 1 - 3만원,"육류,고기요리",광화문
엘리카츠,0.0,0,성신여대 가성비 좋은 돈가스 맛집,점심 저녁 동일가 1 - 2만원,돈가스,성신여대
형수곱창,0.0,0,대형 철판에 볶는 정석 야채곱창 전문점,점심 영업안함 · 저녁 1 - 3만원,"곱창,막창",압구정로데오
장심도 블랙,5.0,(2),"로스터로 쾌적함의 끝, 외식의 정점을 추구하는 숯불장어집",점심 저녁 동일가 1 - 5만원,장어요리,마곡
도만다 신용산점,0.0,0,정통 나폴리 피자 맛집,점심 저녁 동일가 1 - 3만원,피자,신용산
연남족발1987,0.0,0,건강한 재료로 만든 족발과 10여가지 반찬으로 구성된 한상을 즐길 수 있는 곳,점심 저녁 동일가 2 - 3만원,"육류,고기요리",연남
치히로 신촌점,5.0,(1),건강한 식재료로 정성을 담은 신촌 일식 전문점,점심 저녁 동일가 1 - 2만원,일식,신촌
마곡광안리,0.0,0,신선하고 두툼한 제철 숙성회와 부산식 찌개가 맛있는 마곡 숙성회 맛집,점심 영업안함 · 저녁 1 - 3만원,"회,사시미",마곡
고기꾼김춘배 숲길직영점,0.0,0,질 좋은 돼지고기는 물론 소고기까지 직접 구워주는 곳,점심 저녁 동일가 1 - 4만원,"육류,고기요리",홍대
디그인,0.0,0,쌀국수의 달인이 만든 최고의 쌀국수,점심 저녁 동일가 1 - 3만원,아시아음식,압구정
기운,0.0,0,강남 숙성한돈 숯불구이 맛집,점심 저녁 동일가 1 - 3만원,"육류,고기요리",역삼
뽁식당 신촌점,0.0,0,가성비 좋은 이탈리안 캐쥬얼 레스토랑,점심 저녁 동일가 1 - 4만원,이탈리아음식,신촌
쌤쌤쌤 롯데월드몰,4.1,(28),샌프란시스코 본토 느낌이 묻어나는 음식을 즐길 수 있는 공간,점심 저녁 동일가 1 - 4만원,이탈리아음식,잠실
직화장인 신사,0.0,0,부위에 맞는 그릴링 기법으로 최상의 고기을 선사하는 맛집,점심 저녁 동일가 1 - 4만원,"육류,고기요리",신사
솔솥 경의선숲길점,0.0,0,신선한 재료와 따뜻한 솥밥을 통해 특별한 기억을 전하는 공간,점심 저녁 동일가 1 - 2만원,마포,
세븐패티버거 을지로본점,0.0,0,아메리칸 정통 프리미엄 수제 버거,점심 저녁 동일가 1 - 3만원,아메리칸음식,을지로
라무진 고덕역점,0.0,0,북해도식 양갈비 화로구이 전문점,점심 저녁 동일가 2 - 3만원,양고기,명일
해물점 용산,0.0,0,데이트&혼술하기 좋은 작고 분위기 있는 포장마차,점심 영업안함 · 저녁 1 - 4만원,"해물,생선요리",용산
모이정,0.0,0,알쓰가 애정하는 연남동 오꼬노미야끼 맛집,점심 영업안함 · 저녁 1 - 2만원,이자카야,연남
광천옥,0.0,0,신용산역 근처에 있는 순대 국밥 맛집,점심 저녁 동일가 1 - 3만원,한식,신용산
스시투고 용산점,0.0,0,합리적인 가격의 프리미엄 초밥 테이크아웃 전문점,점심 저녁 동일가 1 - 3만원,"스시,초밥",삼각지
이복희해장,4.3,(1),옛날 할머니가 해주셨던 방식을 고집한 맛집,점심 저녁 동일가 1 - 4만원,한식,선릉
운칠기삼,0.0,0,야장 분위기를 즐길 수 있는 편안한 포차,점심 영업안함 · 저녁 1 - 2만원,요리주점,이태원
육전식당,0.0,0,육즙 가득한 고기와 맛있는 음식과 친절한 서비스를 모두 즐길 수 있는 육전식당,점심 저녁 동일가 1 - 3만원,"육류,고기요리",신설동
죠죠 용산점,4.7,(121),일본 현지보다 맛있는 진짜 맛집 오코노미야끼&야끼소바 전문점,점심 저녁 동일가 1 - 3만원,일식,신용산
송계옥 방이,4.6,(312),엄청난 웨이팅으로 소문난 닭 특수부위 맛집,점심 영업안함 · 저녁 1 - 3만원,"닭,오리요리",방이
미토,4.6,(207),잘 숙성된 제철 사시미와 다양한 수제 요리가 있는 이자카야,점심 영업안함 · 저녁 1 - 3만원,이자카야,신용산
샤브인서울 성수점,4.9,(148),"특별한공간에서 신선한야채, 다양한육수, 1++한우를 샤브샤브와 스키야키로 즐길수 있는 프리미엄 샤브 다이닝",점심 저녁 동일가 2 - 4만원,샤브샤브,성수
남도돼지촌,4.6,(45),전라남도식 돼지고기구이를 맛볼 수 있는 삼각지 맛집,점심 영업안함 · 저녁 1 - 3만원,"육류,고기요리",삼각지
야키톤 톤토로,4.7,(127),불과 연기 그리고 변하지않는 가치를 추구하는 숯불 돼지고기 꼬치 전문점,점심 영업안함 · 저녁 1 - 2만원,야키토리,문래
데이릿,4.7,(163),아시안 누들 & 스낵 바,점심 1 - 2만원 · 저녁 1 - 4만원,아시아음식,성수
아메리칸 브런치 카페,4.6,(121),"맛, 분위기 모두 미국 현지 스타일을 그대로 가져온 브런치 카페",점심 저녁 동일가 1 - 2만원,브런치,안국
커먼맨션,4.4,(816),"친근하고 편안한 음식, 사랑하는 사람 모두와 머물고 싶은 공간",점심 저녁 동일가 1 - 3만원,유러피안음식,광화문
시홍쓰,4.6,(210),부담없이 즐기는 일본풍 중식당,점심 저녁 동일가 1 - 2만원,중식,건대
야키토리 혼바,4.8,(269),백종원 선생님이 인정한 토종닭 야키토리 맛집 🐓 최고의 야키토리 마스타가 정통 맛과 분위기를 담아 매일 진정성으로 준비하고 구워냅니다! [8시 이후 예약 없이 워크인 & 단품 주문 가능],점심 영업안함 · 저녁 1 - 5만원,야키토리,후암
타크,4.4,(246),재료 본연의 식감을 살려내며 맛의 조화로움을 선보이는 뉴욕식 타코집,점심 저녁 동일가 1 - 2만원,아메리칸음식,한남
숙이네조개전골 서울대입구점,4.7,(75),푸짐한 조개와 국물이 끝내주는 조개전골 맛집,점심 저녁 동일가 1 - 3만원,"굴, 조개",서울대입구
바 참 Bar Cham,4.9,(165),2023 Asia's 50 Best Bars 13th Bar Cham 2023 World's 50 Best Bars 75th Bar Cham  ※공간이 협소하여 팀당 최대 4인까지만 이용하실 수 있는 점 양해 부탁 드립니다.,점심 영업안함 · 저녁 가격변동,"칵테일,위스키",서촌
호족반,4.5,(314),‘훌륭한 민족의 밥상’ 이라는 뜻을 더해 어디에 내놓아도 선전할 수 있는 한식,점심 저녁 동일가 1 - 5만원,한식,도산공원
쿠히치 용산,4.4,(173),안주 맛집 분위기 맛집 이자카야,점심 영업안함 · 저녁 1 - 3만원,이자카야,삼각지
직화장인,4.8,(278),인생 목살을 만나볼 수 있는 왕겨훈연 숯불구이 전문점,점심 저녁 동일가 1 - 3만원,돼지고기구이,신당
곱 마포점,0.0,0,수요미식회에도 나온 이영자 곱창 맛집,점심 저녁 동일가 1 - 3만원,"곱창,막창",마포
핫피엔도,4.8,(11),탁트인 통창뷰가 있는 용리단길 분위기 No.1 캐주얼 이자카야,점심 영업안함 · 저녁 1 - 4만원,이자카야,삼각지
사사노하,4.7,(44),다양한 요리를 즐기는 이자카야,점심 영업안함 · 저녁 1 - 2만원,이자카야,석촌
다독이네 숯불구이 1호점,4.8,(279),줄서서 먹는 뼈삼겹 숯불구이 맛집,점심 영업안함 · 저녁 1 - 2만원,돼지고기구이,노량진
다독이네 숯불구이 2호점,4.8,(212),줄서서 먹는 뼈삼겹 숯불구이 맛집,점심 영업안함 · 저녁 1 - 2만원,돼지고기구이,노량진
벽돌해피푸드 한남점,4.6,(95),맛있는 음식과 즐거운 분위기로 행복을 전하는 아메리칸 차이니즈 레스토랑,점심 저녁 동일가 1 - 3만원,중식,한남
다찌하나 by 소와나,4.7,(65),"++한우 그릴 다이닝바 & 샴페인, 위스키, 칵테일, 야외예약불가",점심 영업안함 · 저녁 1 - 3만원,다이닝바,종로
서순라길 다올 종로3가점,4.6,(15),"종로3가 서순라길에 위치한 숙성회,  전통주 전문 주점입니다",점심 영업안함 · 저녁 1 - 3만원,요리주점,종로
맥파이 을지로점,4.4,(3),"다양한 수제맥주 라인업과 피자는 물론, 음악적 다양성도 즐길 수 있는 맥파이 을지로 펍",점심 영업안함 · 저녁 1 - 3만원,"맥주,호프",을지로
캥거루,4.5,(27),서촌에서 편하게 와인과 맥주를 즐길 수 있는 뷰가 좋은 공간,점심 영업안함 · 저녁 1 - 2만원,와인,서촌
평화남영 문래점,4.4,(10),문래 창작촌 분위기 좋은 한식주점,점심 영업안함 · 저녁 1 - 2만원,다이닝바,문래
와아,4.7,(21),수제 아이스크림과 와인을 곁들여 드실 수 있는 아이스크림 와인바,점심 저녁 동일가 1 - 2만원,와인,성수
호야초밥참치 본점,3.7,(130),건대 초밥 맛집의 원조,점심 저녁 동일가 1 - 7만원,"스시,초밥",건대
제철소,4.7,(404),제철 안주와 우리나라 술을 바탕으로 한 다양한 주류를 즐기는 코리안 바,점심 영업안함 · 저녁 2 - 4만원,다이닝바,청담
투떰즈업,4.3,(86),맘모스 쌀베이글샌드 꾸덕바를 만들어 파는 빵집,점심 저녁 동일가 1만원 미만,"카페,디저트",망원
인생돼지 송파본점,4.9,(9),회식장소로 추천하는 육즙 가득 두툼한 삼겹살 맛집,점심 영업안함 · 저녁 1 - 2만원,돼지고기구이,문정
포사로(fosaro),4.8,(167),뉴에이지(뉴욕/바르셀로나) 분위기를 접목시킨 숯 그릴 전문 이자카야,점심 영업안함 · 저녁 2 - 5만원,이자카야,신사
원픽(1pig),4.6,(175),스시상현 임상현 셰프의 트렌디한 돼지고기 숯불구이,점심 영업안함 · 저녁 2 - 3만원,돼지고기구이,강남구청
반피차이,4.6,(174),태국 현지 식재료를 이용해 만드는 타이 레스토랑,점심 저녁 동일가 1 - 3만원,태국음식,논현
황곱,4.3,(107),웨이팅으로 소문난 곱이 꽉찬 곱창구이 맛집,점심 영업안함 · 저녁 2 - 3만원,"곱창,막창",홍대
도주:돗가비수블,4.8,(41),이상하고 아름다운 도깨비터에 자리잡은 신비로운 컨셉의 한식주점,점심 영업안함 · 저녁 2 - 3만원,요리주점,신촌
계옥정,4.4,(69),문래동을 대표하는 닭 특수부위 전문점,점심 저녁 동일가 1 - 2만원,"닭,오리요리",영등포
방이돈가,4.7,(83),초벌되어져 나오는 삼겹살과 특별 에이징을 거쳐낸 부드러운 목살,점심 영업안함 · 저녁 1 - 2만원,돼지고기구이,방이
무쇠김치삼겹 한남점,4.5,(35),자체 김치공장에서 만든 김치와 국내산 1+등급 냉장육을 사용한 삼겹살 맛집,점심 영업안함 · 저녁 1 - 2만원,돼지고기구이,용산
월화갈비,4.4,(42),구워서 나오는 담양식 직화구이 전문점,점심 영업안함 · 저녁 1 - 2만원,돼지고기구이,문래
스몰,4.3,(17),다양하고 이색적인 분위기와 신선한 해산물과 안주가 있는 문래 스몰입니다,점심 영업안함 · 저녁 1 - 3만원,요리주점,문래
주신당,4.0,(162),전통주와 한국식재료를 활용한 12지신 시그니처 칵테일을 즐기는 다이닝 바 / 주신당 Instagram : @zoosindang,점심 영업안함 · 저녁 1 - 2만원,"칵테일,위스키",신당
서울하이볼,4.6,(73),한국식 하이볼바의 시작 서울하이볼,점심 영업안함 · 저녁 1 - 3만원,"칵테일,위스키",종각
크리스탈제이드 상하이 팰리스 잠실 에비뉴엘점,3.9,(134),소롱포와 다양한 상해식 메뉴가 있는 현지식 중식당,점심 저녁 동일가 1 - 7만원,중식,잠실
ALKI 알키,4.9,(206),동네 작은 숙성회집,점심 영업안함 · 저녁 1 - 4만원,이자카야,신당
이태원 주식,4.9,(21),"누구와 함께하든 성공적인 곳, 나이스한 술자리연인,가족,회식,친구 모두환영",점심 영업안함 · 저녁 1 - 6만원,한식,이태원
대취,4.6,(19),캐주얼한 분위기와 한식 안주가 가미된 코리안 소주 바,점심 영업안함 · 저녁 1 - 3만원,한식,성수
무쇠김치삼겹 홍대점,4.6,(33),자체 김치공장에서 만든 김치와 국내산 1+등급 냉장육을 사용한 삼겹살 맛집,점심 영업안함 · 저녁 1 - 2만원,돼지고기구이,홍대
언오디너리,4.8,(325),언오디너리(Unordinary)는 창의적인 요리와 다양한 와인과의 페어링을 통해 비정형적 미각의 아름다움을 추구하는 와인다이닝입니다.,점심 영업안함 · 저녁 2 - 5만원,다이닝바,을지로
숨스(SUM’s),4.8,(517),작은 골목에 편안하고 즐거운 공간에서 만들어낸  맛있는 요리와 다양한 술이 있는 요리주점.,점심 영업안함 · 저녁 1 - 4만원,다이닝바,신사
짚화,0.0,0,문래동에서 가장 힙한 볏짚초벌 소곱창 전문점,점심 저녁 동일가 1 - 3만원,"곱창,막창",문래
신사약방,4.7,(110),肉=藥   좋은 재료의 고기와 차별화 된 숙성을 통한 보약이 되는 고기,점심 저녁 동일가 2 - 5만원,"육류,고기요리",신사
세계닭집,4.7,(20),노포 분위기에서 누구나 쉽게 즐길 수 있는 힙한 무드의 닭강정 맛집,점심 저녁 동일가 1 - 2만원,"닭,오리요리",문래
럭키호프,5.0,(7),90년대 레트로 감성을 현대적으로 재해석한 컨템포러리 한국 주점입니다.,점심 영업안함 · 저녁 1 - 2만원,"맥주,호프",용산
울랄라횟집,5.0,(3),스끼다시가 잘 나오는 잠실새내 가성비 횟집,점심 영업안함 · 저녁 1 - 3만원,"회,사시미",잠실새내
목탄,4.8,(4),오사카 도톤부리 작은 골목에 있을법한 야끼바,점심 영업안함 · 저녁 1 - 3만원,야키토리,성수
이자카야 춘 영등포점,4.4,(12),이자카야 춘 영등포점에서 좋은 사람들과 행복한 시간 만드세요.,점심 영업안함 · 저녁 1 - 3만원,이자카야,영등포
윤공,4.5,(51),한식의 깊이와 양식의 다채로움을 재해석한 식당,점심 영업안함 · 저녁 1 - 3만원,요리주점,사당
모츠모츠,5.0,(10),독자적인 정성 가득 레시피의 모츠나베와 일식 요리가 있는 공간,점심 영업안함 · 저녁 1 - 3만원,일식,연남
크리스탈제이드 용산 아이파크몰점,4.3,(43),소롱포와 다양한 상해식 메뉴가 있는 현지식 중식당,점심 저녁 동일가 1 - 5만원,중식,용산
곱창파는고깃집 공덕본점,4.8,(18),"한우 소곱창, 최고급 돼지고기, 한우등심을 한번에 즐길수 있는 공간",점심 영업안함 · 저녁 1 - 3만원,"육류,고기요리",마포
국수찾아닭만리 종로점,0.0,0,,점심 저녁 동일가 1 - 3만원,"닭,오리요리",종로
야키토리 코치,4.7,(92),야키토리는 사랑입니다. 사랑하는 연인과 가족 그리고 친구와 즐기세요... -통닭맨-,점심 영업안함 · 저녁 1 - 3만원,야키토리,영등포
신사고집,4.7,(361),세련된 분위기의 숙성 돼지고기 전문점,점심 저녁 동일가 1 - 3만원,돼지고기구이,신사
신사고집 신논현점,4.6,(232),숙성 한돈 숯불 직화 전문점,점심 저녁 동일가 1 - 3만원,돼지고기구이,강남
도톤보리서울,4.4,(166),일본 요리학교 출신 쉐프님의 수준높고 다채로운 일식을 제공해드리는 공간,점심 영업안함 · 저녁 1 - 3만원,이자카야,신사
파평윤씨,4.7,(42),파평 윤씨가 운영하는 한옥주점 한국식 퓨전요리와 함께 즐거운 음악 즐거운 공간,점심 저녁 동일가 1 - 4만원,한식,마포
신당동 주식,4.7,(42),"누구와 함께하든 성공적인 곳, 나이스한 술자리연인,가족,회식,친구 모두환영",점심 영업안함 · 저녁 3 - 6만원,한식,약수
동래정 신논현직영점,4.6,(70),돼지고기 백탄직화 & 제주식 멜조림 전문점,점심 영업안함 · 저녁 1 - 2만원,돼지고기구이,논현
장군집 양평동본점,5.0,(3),100% 국내산만 취급하는 고깃집,점심 저녁 동일가 1 - 2만원,돼지고기구이,영등포
멍군집,4.8,(68),"두툼한 목살&삼겹살, 가성비 넘치는 고깃집",점심 영업안함 · 저녁 2 - 3만원,돼지고기구이,회기
만원수산 강남본점,4.6,(18),강남역 근처 가성비 좋은 횟집,점심 영업안함 · 저녁 2 - 3만원,"회,사시미",강남
신길리,4.9,(25),17년 지기 두 친구의 정성이 담긴 문래동에 위치한 한식 요리주점,점심 영업안함 · 저녁 1 - 4만원,요리주점,문래
원조나주곰탕,4.6,(138),서울 3대 곰탕집이라는 방화동 곰탕 맛집,점심 저녁 동일가 1 - 3만원,한식,방화
스시&스낵바 논데 (성수점),4.8,(220),"스시 논데 우현일 셰프의 3번째 업장.- 단품 이용시 1인 1주류필수 (무알콜 하이볼 가능) 스시 오마카세 이용시 1인 39,000 원,(하단 정보확인)- 오마카세 할인행사 종료 7월부터 45,000원 코스입니다- 오마카세 이용시에도 콜키지 가능합니다",점심 영업안함 · 저녁 3.9만원 - 4.5만원,기타 오마카세,서울숲
야키토리 고꼬연남,4.8,(9),"맛, 가격, 분위기 3박자를 갖춘 가장 편안한 야키토리집",점심 영업안함 · 저녁 1 - 2만원,야키토리,연남
우월소곱창 신도림본점,4.2,(24),회식하기 좋은 서울 3대 마늘곱창 맛집,점심 영업안함 · 저녁 2 - 5만원,"곱창,막창",신도림
야키니쿠마리,4.1,(26),일본 감성 그대로의 가성비 좋은 야키니쿠 맛집,점심 영업안함 · 저녁 1 - 3만원,소고기구이,사당
고기연,4.8,(32),"육즙 가득 숙성고기에 고품장,쫄순이의 조화 줄서서 먹는 서촌 맛집",점심 영업안함 · 저녁 1 - 2만원,돼지고기구이,서촌
화기애애 본점,4.7,(25),고급스럽지만 저렴한 화로구이 전문점,점심 저녁 동일가 1 - 3만원,"육류,고기요리",건대
이자카야나무 강남역CGV점,4.7,(17),정갈한 음식과 정겨운 술 한잔이 있는 이자카야,점심 영업안함 · 저녁 1 - 3만원,이자카야,강남
하나마토 본점,4.3,(37),일본에 온 듯한 분위기와 음식이 있는 이자카야,점심 영업안함 · 저녁 1 - 2만원,이자카야,신도림
뭉텅 오목교점,0.0,0,"'특수제작 코팅 불판만'을 고집, 경북 안동 농가에서 생산되는 속지방 3CM 이상되는 고기만을 선별하는 맛집",점심 영업안함 · 저녁 1 - 2만원,돼지고기구이,목동
진심왕돈까스 역삼점,3.8,(23),통등심을 사용하여 입안 가득 부드러운 식감을 자랑하는 돈까스 맛집,점심 저녁 동일가 1 - 2만원,일식,강남
멜로우가든 강남점,4.4,(46),다양한 스페셜 메뉴와 멜로우한 분위기로 모임 & 데이트 하기 좋은 다이닝 & 펍,점심 영업안함 · 저녁 1 - 3만원,다이닝바,강남
벽돌해피푸드 합정점,4.3,(8),맛있는 음식과 즐거운 분위기로 행복을 전하는 아메리칸 차이니즈 레스토랑,점심 저녁 동일가 1 - 3만원,중식,합정
우곱집 잠실본점,4.9,(149),"맛과 분위기 모든 게 완벽한 잠실 소곱창,우대갈비맛집",점심 영업안함 · 저녁 1 - 4만원,"육류,고기요리",잠실
서울집시 한남점,4.5,(9),삶을 유랑하며 실험적인 맥주를 만드는 Independent Brewery,점심 영업안함 · 저녁 1 - 5만원,"맥주,호프",한남
우즈웨일,4.8,(126),Wine & Dish. 아늑한 유럽풍의 앤틱힙 종로 감성 와인바,점심 영업안함 · 저녁 1 - 4만원,와인,종로
승남집,4.6,(9),특제소스와 함께 먹으면 일품인 야들야들한 우삼겹 전문점,점심 영업안함 · 저녁 1 - 2만원,소고기구이,영등포
그리고문래,4.8,(41),분위기가 좋은 퓨전한식요리주점,점심 영업안함 · 저녁 1 - 2만원,요리주점,문래
라이언하트,4.8,(111),기분 좋게 한잔 할 수 있는 공간. 아메리칸 다이닝도 함께 즐기실 수 있어요,점심 영업안함 · 저녁 4 - 6만원,"칵테일,위스키",송파
야끼니꾸소량 강서구청점,4.9,(20),소고기를 화로에 구워서 드시는 야끼니꾸 고기집,점심 영업안함 · 저녁 1 - 4만원,이자카야,강서
금주,0.0,0,소소한 이야기 꽃을 피울 수 있는 최적의 술집,점심 영업안함 · 저녁 1 - 3만원,이자카야,강남
하이키(HIKY),4.5,(79),일식베이스 수제요리의 건강한 맛과 트렌디하고 힙한 감성의 캐주얼 다이닝※월~목 캐치테이블로 예약시 사이드 메뉴 1종 서비스※※6/28(금)~7/4(목) 여름 휴무※,점심 영업안함 · 저녁 1 - 3만원,다이닝바,신당
천청돈감,4.7,(9),돼지고기와 한식을 기반으로 정갈한 음식을 만드는 가게,점심 저녁 동일가 1 - 3만원,한식,여의도
사당우물,4.8,(8),감성적이고 편안한 분위기의 모던 전통주 주점,점심 영업안함 · 저녁 1 - 3만원,전통주,사당
당산곶,4.7,(31),다양한 해산물 요리와 우리술을 즐길 수 있는 술집,점심 영업안함 · 저녁 2 - 5만원,"해물,생선요리",영등포
용용선생 선릉점,0.0,0,화산마라전골이 유명한 홍콩 레트로 차이니즈 주점,점심 영업안함 · 저녁 1 - 3만원,중식,선릉
핸드앤몰트 브루랩 용산,4.5,(25),다양한 크래프트 맥주와 한식의 페어링을 느낄 수 있는 펍,점심 영업안함 · 저녁 2 - 3만원,"맥주,호프",신용산
남영동 양문 을지로점,4.2,(81),시그니처 사이드메뉴와 가성비 좋은 생소갈비를 즐기는 곳,점심 저녁 동일가 2 - 6만원,소고기구이,을지로
횃불,4.9,(46),,점심 영업안함 · 저녁 2 - 3만원,소고기구이,구의
문래 로지오뎅,5.0,(3),골목길이 매력있는 문래 창작촌에 위치한 야키토리 & 오뎅바,점심 영업안함 · 저녁 1 - 2만원,야키토리,문래
김숙성 대흥본점,4.8,(54),숲길전망+반려견동반 가능한 교차 숙성 22일 최고급 한돈 숙성전문집,점심 저녁 동일가 2 - 3만원,돼지고기구이,마포
깃뽀,0.0,0,숯불꼬치와 화산전골이 메인메뉴인 테라스 이자카야,점심 영업안함 · 저녁 1 - 3만원,이자카야,잠실새내
화설 연남본점,0.0,0,홍대와 연남에서 가장 트렌디한 소고기집,주말 점심 1 - 3만원  · 저녁 1 - 3만원,소고기구이,연남
이씨네,4.7,(32),설명 일본 현지 감성의 선술집,점심 영업안함 · 저녁 1 - 2만원,이자카야,문래
히츠지야 익선점,4.0,(23),"나카스 포장마차 거리 컨셉의 양갈비, 양고기 무한리필 징기스칸 전문점",점심 영업안함 · 저녁 1 - 5만원,양고기,익선
호요 구디점,4.7,(14),낮술하기 좋은 오꼬노미야끼 맛집 이자카야,점심 영업안함 · 저녁 1 - 3만원,이자카야,구로디지털단지
하오카오스탠,4.7,(64),셀럽들도 자주 방문한 오리엔탈 꼬치와 요리를 소개하는 신당 BBQ핫플  :)'하오카오스탠 성북직영점' 오픈 했습니다!! 본점은 더 크고 쾌적한 곳에서 7월 초에 오픈합니다. 많이 찾아주세요,점심 영업안함 · 저녁 1 - 3만원,중식,신당
이치류 여의도점,4.6,(135),국내 최초 정통 삿포로식 양고기 징기스칸 전문점,점심 영업안함 · 저녁 3 - 4만원,양고기,여의도
우야재,4.7,(10),"다양한 전통주, 와인 정성스러운 요리&남산이 보이는 루프탑",점심 영업안함 · 저녁 1 - 4만원,요리주점,약수
팔각도 영등포점,4.3,(37),sbs 외식하는날에도 나왔던 영등포역 숯불닭갈비 맛집전문가들이 구워주고 입만 바쁘면 되는 최고의 맛집,점심 저녁 동일가 1 - 2만원,"닭,오리요리",영등포
닭장맥주 서울대입구점,4.9,(7),쌀과 견과류로 바삭함과 고소함을 살린 치킨과 다양한 안주가 있는 곳,점심 저녁 동일가 1 - 2만원,"맥주,호프",샤로수길
고우 청담점,4.6,(87),야끼토리 전문 이자카야,점심 영업안함 · 저녁 1 - 4만원,야키토리,청담
양연화로 종로직영점,4.6,(119),종각역 회식 장소로 추천하는 숙성 돼지고기 맛집,점심 저녁 동일가 1 - 6만원,돼지고기구이,종각
토리키치 압구정로데오점,0.0,0,일본식 야키토리(닭꼬치)와 쿠시카츠(꼬치튀김)가 맛있는 캐주얼 이자카야,점심 영업안함 · 저녁 1 - 3만원,기타,
103호심야식당,4.7,(6),퓨전 중식 안주를 즐기는 당산동 핫플 포차,점심 영업안함 · 저녁 1 - 2만원,중식,영등포
일월고기,3.3,(21),두툼한 삼겹살이 맛있는 방이동 먹자골목 고깃집,점심 저녁 동일가 1 - 2만원,돼지고기구이,잠실
야키토리 잔잔 합정점,4.3,(3),분위기 좋은 야키토리 맛집 이자카야,점심 영업안함 · 저녁 1 - 3만원,이자카야,합정
로마옥 도곡,4.5,(67),이탈리안 와인&다이닝,점심 저녁 동일가 1 - 7만원,이탈리아음식,양재
아웃닭 이대점,4.8,(3),이대에서 핫한 치킨하우스 아웃닭,점심 영업안함 · 저녁 1 - 2만원,"닭,오리요리",신촌
연남광안리,5.0,(1),신선하고 두툼한 제철숙성회와 부산식 찌개가 맛있는 연남동 숙성회 맛집,점심 영업안함 · 저녁 2 - 3만원,"회,사시미",연남
해물기와,4.6,(8),클래식 모던감성의 깔끔한 해물주점,점심 저녁 동일가 2 - 6만원,"해물,생선요리",마포
용용선생 이수점,4.2,(11),화산마라전골이 유명한 홍콩 레트로 차이니즈 주점,점심 영업안함 · 저녁 1 - 3만원,중식,이수
바 키안(Bar Kian),5.0,(1),"싱글몰트 위스키와 칵테일, 큐레이션된 LP음악이 있는 클래식 바",점심 영업안함 · 저녁 2 - 6만원,"칵테일,위스키",합정
오이시쿠,0.0,0,홍대입구역 근처에 핫한 핑크 이자카야,점심 영업안함 · 저녁 1 - 3만원,이자카야,홍대
우리한돈정육식당 방이본점,4.1,(14),상다리 부러져 상다리 없는 맛집 (휜 상다리도 있어요)우리한돈 정육식당입니다👉🏻 먹어보면 왜 672시간 숙성인지 알아요👉🏻 상다리 부러져 상다리 없는 푸짐한 상차림,점심 영업안함 · 저녁 1 - 4만원,돼지고기구이,방이
술로름,5.0,(1),다양한 주종과 퓨전 한식을 지향하는 요리주점,점심 영업안함 · 저녁 1 - 3만원,한식,연남
장어굽는 총각들,4.4,(8),합리적인 가격에 즐길 수 있는 장어구이 전문점,점심 저녁 동일가 2 - 3만원,장어요리,면목
남영동 양문 반포직영점,4.4,(40),시그니처 사이드메뉴와 가성비 좋은 생소갈비를 즐기는 곳,점심 저녁 동일가 1 - 3만원,소고기구이,반포
뭉텅 선유도점,4.1,(11),"특수 코팅 불판을 고집, 속지방 3cm 이상되는 고기만 선별하는 맛집",점심 영업안함 · 저녁 1 - 3만원,돼지고기구이,선유도
후문포차,4.9,(12),신논현 가성비 안주맛집,점심 영업안함 · 저녁 1 - 3만원,요리주점,논현
동식탁,5.0,(5),"전통주, 막걸리, 하이볼, 사케동 다양한 술과 요리가 있는 곳",점심 영업안함 · 저녁 1 - 2만원,전통주,용산
대봉집 신사본점,4.3,(11),가로수길 최초 냉삼집 대봉집은 급냉한 국내산 암퇘지만 고집하여 사용하고 있으면 당일 손질한 고기만 사용하고 있습니다.(전체 80석완비),점심 영업안함 · 저녁 1 - 2만원,돼지고기구이,가로수길
제일곱창 연신내직영점,4.8,(4),왕십리에서 제일 맛있는 소곱창집. 하루하루 직접 도축한 최상의 한우곱창,점심 영업안함 · 저녁 2 - 3만원,"곱창,막창",연신내
LP바 제플린,4.3,(4),이색 데이트하기 좋은 바이닐 & 뮤직비디오 엘피바,점심 영업안함 · 저녁 2 - 4만원,"칵테일,위스키",강남
바로전집,4.9,(10),옛날 감성 느끼며 시원한 막걸리 한잔 하는 전집,점심 영업안함 · 저녁 1 - 2만원,요리주점,은평
이자카야나무 서초점 (강남역 3호점),4.3,(22),맛있는 요리와 친절한 서비스로 여러분들을 맞이하겠습니다,점심 영업안함 · 저녁 1 - 3만원,이자카야,강남
이태리키친,4.1,(12),놀라운토요일 출연 가성비 좋은 파스타 맛집,점심 저녁 동일가 1 - 3만원,이탈리아음식,역삼
무쇠김치삼겹 군자점,4.3,(13),잘 익은 김치와 노릇노릇 구워진 삼겹살의 환상 조화,점심 영업안함 · 저녁 1 - 2만원,돼지고기구이,군자
인생파곱창,4.0,(8),,점심 영업안함 · 저녁 1 - 3만원,"곱창,막창",금천
냠냠족발&보쌈강남논현본점,5.0,(3),당일 삶은 앞다리를 사용하는 가성비 좋은 족발 맛집,점심 영업안함 · 저녁 1 - 3만원,"보쌈,족발",강남
쿠히치 압구정점,4.9,(40),안주 맛집 분위기 맛집 이자카야,점심 영업안함 · 저녁 1 - 2만원,이자카야,압구정로데오
이자카야 연정,0.0,0,신선한 사시미와 수제 꼬치구이를 즐길 수 있는 소소한 공간,점심 영업안함 · 저녁 1 - 2만원,이자카야,홍대
더피자보이즈 홍대,0.0,0,저렴하고 토핑 가득 맛좋은 피자와 시원한 맥주를 즐기는 곳,점심 저녁 동일가 2 - 4만원,피자,홍대
다이닝 목로 성수점,4.7,(104),분위기 좋은 안주 맛집으로 유명한 술집,점심 영업안함 · 저녁 2 - 4만원,다이닝바,성수
낭만짚불구이 역삼점,4.3,(6),분위기 좋은 심야식당 컨셉 한식주점,점심 영업안함 · 저녁 1 - 2만원,퓨전음식,강남
모토이시 송파방이점,4.6,(12),숯불을 이용한 화로구이와 함께 즐기는 야키니쿠,점심 영업안함 · 저녁 2 - 5만원,소고기구이,방이
최애수산,5.0,(1),가격과 퀄리티를 모두 잡은 횟집,점심 영업안함 · 저녁 1 - 2만원,"회,사시미",공릉
우아한조개,4.6,(3),도심 속에서 신선한 조개구이를 저렴하게 먹을 수 있는 조개 맛집,점심 영업안함 · 저녁 1 - 3만원,"굴, 조개",시흥
낭만짚불구이 방이점,5.0,(5),방이동에 위치한 분위기 좋은 한식주점,점심 영업안함 · 저녁 1 - 3만원,요리주점,방이
월요일,0.0,0,한적한 골목 속 반전감성이 가득한 공간에서 즐기는 다양한 주류와 맛있는 음식들,점심 영업안함 · 저녁 2 - 4만원,일식,천호
김창훈주막,5.0,(2),"막걸리와 파전, 수육 등 다양한 음식과 우리 술이 있는 술맛 나는 곳",점심 영업안함 · 저녁 2 - 3만원,전통주,건대
금별맥주 도봉점,4.2,(1),사계절 내내 만족이 다른 맛있는 맥주집,점심 영업안함 · 저녁 1 - 3만원,"맥주,호프",도봉
포크댄스(Pork Dance),4.6,(4),"150,000 인분 넘게 구워 본 사장님의 비법으로, 불판 / 냄새 / 연기 없는 '다 구워다 주는' 고깃집. 그릴링 고수들의 고깃집 '포크댄스'",점심 영업안함 · 저녁 1 - 3만원,돼지고기구이,강남
79대포 방이점,5.0,(1),K소울푸드 파전&막걸리를 유니크하게 재해석한 곳,점심 영업안함 · 저녁 1 - 2만원,한식,방이
칵토,4.3,(1),호불호 없는 멕시칸 플래터맛집 칵토,점심 영업안함 · 저녁 1 - 2만원,멕시코음식,사당
부산집 서강대점,4.7,(5),아늑한 분위기의 오뎅바 & 이자카야,점심 영업안함 · 저녁 1 - 3만원,이자카야,마포
호루몬 우직 신당점,4.9,(6),"양대창 소고기를 숯불에 구워 생맥주, 하이볼과 즐기는 야끼니꾸 전문점",점심 영업안함 · 저녁 1 - 3만원,"곱창,막창",신당
화로상회 중화점,4.8,(55),대한민국 최초 참숯화로 직화구이 무한리필,점심 저녁 동일가 1.95만원,돼지고기구이,중랑
마곡관,0.0,0,강서구 핫한 맛집 퓨전포차 마곡관,점심 영업안함 · 저녁 1 - 4만원,요리주점,마곡
하노이맥주밤거리 방이점,4.9,(3),"즐거움에 취한 사람들이 찾아오는 그 곳, 하노이맥주밤거리",점심 영업안함 · 저녁 1 - 3만원,요리주점,방이
상록회관연탄구이 목동점,4.4,(6),레트로 감성 분위기 속 연탄구이로 즐기는 각종 고기와 해산물,점심 영업안함 · 저녁 1 - 2만원,"육류,고기요리",목동
오름집,4.9,(3),,점심 영업안함 · 저녁 1 - 3만원,한식,연신내
코다차야 사당점,5.0,(1),"일식, 양식, 한식을 한번에 즐기는 코다차야",점심 영업안함 · 저녁 1 - 3만원,이자카야,방배
일월껍데기,0.0,0,두툼한 삼겹살과 껍데기가 맛있는 고깃집,점심 저녁 동일가 2 - 4만원,돼지고기구이,방이
탄다 타,4.7,(1),질 좋은 고기를 푸짐하게 드리는 프리미엄 정육식당,점심 저녁 동일가 1 - 4만원,"육류,고기요리",성내
야키니쿠 진범 본점,4.7,(5),기분 좋은 공간 숯불화로 야키니쿠 진범 본점,점심 영업안함 · 저녁 1 - 4만원,"육류,고기요리",마곡
시선 잠실점,0.0,0,감성 충만 인테리어와 다양하고 맛있는 메뉴를 즐길 수 있는 곳,점심 영업안함 · 저녁 1 - 4만원,이자카야,잠실새내
고도,5.0,(4),프리미엄 1등급 국내산 돼지고기를 사용하는 프리미엄 숙성고기 전문점,점심 영업안함 · 저녁 1 - 2만원,돼지고기구이,응암
어린달,4.9,(12),100만뷰 SNS 핫플인 가성비 캐주얼다이닝[시그니처가 유명한 이 곳],점심 영업안함 · 저녁 2 - 3만원,요리주점,성수
김봉남맥주 강남본점,4.8,(2),강남구청역 최초 켈리 생맥주 도입. 살얼음 맥주 맛집,점심 영업안함 · 저녁 1 - 2만원,"맥주,호프",강남구청
문래동냉삼,0.0,0,다양한 소스들과 함께 즐기는 가성비 냉동삼겹살 맛집,점심 저녁 동일가 1 - 2만원,돼지고기구이,문래
이치류 논현역점,4.7,(163),국내 최초 정통 삿포로식 양고기 징기스칸 전문점미쉐린 가이드 8년 연속 선정 (2017~2024년)블루리본 서베이 12년 연속 선정 (2013~2024년),점심 영업안함 · 저녁 2 - 4만원,양고기,논현
현덕육회 석계점,0.0,0,매일 새벽마다 작업한 쫄깃한 생육회와 찰진 뭉티기식 육사시미,점심 영업안함 · 저녁 1 - 3만원,한식,월계
이치류 홍대본점,4.6,(64),국내 최초 정통 삿포로식 양고기 징기스칸 전문점,점심 영업안함 · 저녁 2 - 4만원,양고기,홍대
악당,4.9,(113),*가이세키풍 캐주얼 오마카세*제철 10종 숙성사시미 모리아와세*당일예약은 매장으로 문의해주세요*예약 10분전 입장을 권장합니다.,점심 영업안함 · 저녁 1 - 3만원,가이세키오마카세,건대
야끼니꾸소량 논현점,0.0,0,부드러운 소고기를 화로에 구워 먹는 야끼니꾸 고깃집,점심 영업안함 · 저녁 1 - 4만원,일식,논현
엉터리생고기 홍대점,0.0,0,질 좋은 삼겹살+된장찌개 무한리필 맛집,점심 저녁 동일가 1.58만원,돼지고기구이,홍대
고깃세 홍대직영점,5.0,(5),국내 최초 미박 슬라이스 전문점,점심 영업안함 · 저녁 1 - 2만원,"육류,고기요리",상수
곱 문래본점,4.6,(9),안질기고 부드러운 문래 곱창 맛집,점심 영업안함 · 저녁 1 - 3만원,"곱창,막창",영등포
두두,5.0,(2),막걸리 종류가 다양한 대학로 전통주점,점심 영업안함 · 저녁 1 - 3만원,전통주,혜화
뭉텅 구로디지털단지점,0.0,0,회식 모임 장소로 추천하는 육즙 가득한 주먹고기 뭉텅,점심 영업안함 · 저녁 1 - 3만원,돼지고기구이,구로
청년화로1987,0.0,0,"이베리코, 소고기, 흑돈 홍대고기집 맛집",점심 저녁 동일가 1 - 3만원,"육류,고기요리",연남
닭장맥주 발산점,4.5,(1),강서구 줄서는 맛집 요리주점,점심 영업안함 · 저녁 1 - 2만원,요리주점,마곡
숙성주당,0.0,0,제철 요리와 최고급참치를 일식기반으로 선보입니다!!,점심 영업안함 · 저녁 1 - 3만원,요리주점,
신사고집 압구정점,0.0,0,숙성 한돈 숯불 직화 전문점,주말 점심 1 - 2만원 · 저녁 1 - 2만원,"육류,고기요리",신사
상록회관 연탄구이 신림역점,0.0,0,야장 분위기에서 연탄구이를 즐길 수 있는 상록회관,점심 영업안함 · 저녁 1 - 3만원,신림,
연남어부,0.0,0,내가 고른 횟감을 바로 먹을 수 있는 횟집,점심 영업안함 · 저녁 2 - 5만원,"회,사시미",홍대
쿠시노주방,4.7,(1),일본식 수제 야키토리를 한국인 입맛에 맞게 다양한 요리로 선보이는 선술집,점심 영업안함 · 저녁 1 - 2만원,이자카야,홍대
서울꽃삼 신정네거리직영점,5.0,(1),정성스래 구워주는 숯불화로 숙성고기집,점심 영업안함 · 저녁 1 - 3만원,돼지고기구이,목동
숙성당,5.0,(1),고유의 감칠맛을 느낄수있는 최고의 숙성상태,점심 영업안함 · 저녁 3 - 4만원,일식,문래
카페 레이어드 연남점,4.9,(58),"유럽의 한 가정집의 따스함, 찰나의 스치는 런던과 파리의 빈티지한 무드를 담은 카페",픽업가 5 - 8만원,케이크,연남
진저베어 압구정 현대백화점,4.7,(41),"잠실의 파이 전문 베이커리 카페 진저베어의 2호점 다양한 미트파이와, 스윗파이, 크로와상 메뉴를 맛보실 수 있어요:)",픽업가 1 - 3만원,"카페,디저트",압구정
카페 레이어드 더현대서울점,5.0,(41),"유럽의 한 가정집의 따스함, 찰나의 스치는 런던과 파리의 빈티지한 무드를 담은 카페",픽업가 6 - 9만원,케이크,여의도
멜로드도산 롯데백화점 잠실점,4.7,(43),건강하고 좋은재료를 사용하여 건강하고 맛있고 아름다운 케이크를 만듭니다.,픽업가 5 - 6만원,케이크,잠실
카페 레이어드 안국점,4.5,(11),"유럽의 한 가정집의 따스함, 찰나의 스치는 런던과 파리의 빈티지한 무드를 담은 카페",픽업가 5 - 8만원,케이크,안국
멜로드도산 현대백화점 압구정본점,4.7,(72),건강하고 좋은재료를 사용하여 건강하고 맛있고 아름다운 케이크를 만듭니다,픽업가 5 - 6만원,케이크,압구정
멜로드도산 현대백화점 무역센터점,4.8,(106),건강하고 좋은재료를 사용하여 건강하고 맛있고 아름다운 케이크를 만듭니다,픽업가 5 - 6만원,케이크,삼성
카페 하이웨스트 익선점,4.9,"(1,088)",따스한 햇살과 함께 빈티지한 소품들이 공간 전체와 어우러진 영화 속에 들어온 듯한 공간의 카페,픽업가 5-6 만원,케이크,익선
카페시나몬,4.5,(2),촉촉하고 보드라운 다양한 맛의 시나몬롤과 케이크로 행복감을 전해드립니다.,픽업가 1- 8만원,"카페,디저트",잠실
우나하우스 현대백화점 압구정본점,4.8,(6),"생크림케이크가 달항아리가 되고, 수플레가 구름이 되는 셰프의 상상이 맛있게 담겨진 우나하우스",픽업가 3.9 - 6.2만,케이크,압구정
샘케이크,4.5,(45),"100% 쌀베이킹으로 정직하게, 건강하게!It’s a sweet escape!",픽업가 3 - 8만원,케이크,정릉
젤로샷케이크,4.7,(7),"말랑말랑 귀여운 젤리 케이크, 푸딩 디저트샵",픽업가 3 - 4만원,케이크,망원
멜로드도산 신사 아뜰리에,4.5,(62),건강하고 좋은재료를 사용하여 건강하고 맛있고 아름다운 케이크를 만듭니다.,픽업가 5 - 6만원,케이크,도산공원
펄세이플라워케이크,4.9,(6),플로리스트가 제작하는 생화케이크💗당일픽업이나 캐치테이블에 나와있는 케이크 외 다른 디자인 혹은 2단~5단 케이크 주문은 최소 일주일 전 미리 매장으로 문의주세요인스타그램: perseflowercake카카오채널:펄세이플라워,픽업가 7 - 13만원,케이크,압구정
미니마이즈,5.0,(10),NO밀가루 / NO글루텐 / NO식물성 생크림사탕수수설탕은 최소한으로만 사용하는 것을 목표로 합니다.특별한 날 좋은 재료로 만든 미니마이즈 케이크와 함께하세요💛,픽업가 6 - 8만원,케이크,이태원
디저트라인업,4.6,(10),매일 배달되는 신선한 재료로 매장에서 직접 모든 케이크 및 베이커리를 생산하고 있습니다.,픽업가 3 - 5만원,케이크,하월곡
쥬마뺄 (je m'appelle),4.9,(10),"두배의 행복, 놀람과 기쁨이 함께하는 프랑스 스타일 디저트를 즐길 수 있는 곳",픽업가 2 - 10만원,케이크,홍대
생화케이크프케르,5.0,(4),케이크에 Paris를 담다,픽업가 11 - 33만원,케이크,서대문
노워크저스트플라워,4.8,(28),특별한 날을 더욱 특별하게 만들어주는 논현역 3번 출구프리미엄 생화 케이크**매장으로 문의후 예약시 24시 픽업 가능**당일예약은 최소 2-3시간 전에 가능합니다(딸기케이크는 매장 확인후  30분 -1시간 전에도 가능합니다)@no_work_just_flower,픽업가 5 - 18만원,케이크,논현
케이크 오비브 북촌,0.0,0,꽃을 사유하는 마음으로 감각적인 케이크를 만드는 북촌 푸드 아트 스튜디오 오비브 EAUVIVE 입니다🌹,픽업가 6.8만원,케이크,북촌
케익공방 강남점,5.0,(21),레터링으로 마음을 전할 수 있는 우유생크림 수제케이크,픽업가 4 - 15만원,케이크,강남
리암스 케이커리,0.0,0,도산공원에 위치한 '리암스 케이커리'는 유러피언 감성의 다채롭고 세련된 디자인의 디저트들을 선보이는 고급 수제 케이크 하우스,픽업가 5 -9만원,케이크,도산공원
애니브,4.7,(32),일본에서 배운 기술과 캘리포니아에서 느낀 과자에 대한 생각을 재해석한 디저트,픽업가 2 - 5만원,케이크,연희
우이필드 UIFIELD,4.8,(18),우이필드만의 새로운 시도와 취향을 담은 들판으로 놀러오세요!,픽업가 1 - 3만원,케이크,경리단길
TIME AFTER TIME,4.2,(59),선물하고 싶은 디저트와 일상 속 선물같은 순간을 선사하는 오프라인 플랫폼,픽업가 4 - 5만원,"카페,디저트",성수
골든피스 GOLDEN PIECE,4.8,(87),한국의 전통 과자를 재해석한 프리미엄 약과,픽업가  2 - 6만원,"카페,디저트",한남
아후(AHOO),4.8,(10),특별한 날 선물하기 좋은 케이크와 일상의 소소하고 달콤한 행복을 주는 디저트하우스,픽업가 4 - 8만원,케이크,성수
베리베리베리머치,4.1,(8),"🍓 Berry Berry Very Much! 환상의 베리 정원입니다. 🍬 시그니쳐 라즈베리머치 홀케이크 19,900원 출시!🍓 케이크만큼이나 예쁜 포장으로 특별한 하루를 더 특별하게 만들어드리겠습니다.",픽업가 1 - 6만원,케이크,경리단길
청수당 베이커리,4.3,(29),"🎋청수당 베이커리의 약과 7종 포장 어버이날 선물세트 출시💌약과 7종 어버이날 선물세트 25,000원(가정의 달 한정 200세트) / 일반 20,000원",픽업가 2만원,"카페,디저트",익선
롯데호텔월드 델리카한스,0.0,0,소중한 분들께 드리는 특별한 명품케이크,픽업가 9.8만원,케이크,잠실
텅스페이스 성수,4.7,(10),오브제 스타일의 독창적인 디저트를 선보이는 성수동의 핫 플레이스,픽업가 1 - 7만원,케이크,성수
블루벨벳,0.0,0,고대 유럽에 온 것 같은 분위기를 자아내는 공간에서 따뜻한 파이와 커피를 판매하는 디저트 카페,픽업가 1 - 2만원,"카페,디저트",도산공원
버터컵 베이커리,0.0,0,바쁜 도심 속에 다양한 디저트과 커피를 즐길 수 있는 테라스 디저트 카페,픽업가 1 - 3만원,케이크,을지로
터틀힙 케이크,4.9,(11),"누적판매 20만개, 주문제작 케이크 전문점 터틀힙입니다.",픽업가 9천원 - 5만원,케이크,연남
케익공방 잠실점,4.7,(7),레터링으로 마음을 전할 수 있는 우유생크림 수제케이크,픽업가 4 - 15만원,케이크,석촌
디어무드 더모먼트,5.0,(1),"특별한 순간, 특별한 무드를 선물하세요",픽업가 5 - 10만원,케이크,선릉
위디프,0.0,0,건강한 재료로 만드는 글루텐프리 쌀디저트 전문점,픽업가 3 - 7만원,케이크,영등포
블룸필즈,5.0,(16),아름다운 정원을 담은 플라워 / 생화케이크 샵,픽업가 7.5 - 24만원,케이크,교대
레이네,5.0,(13),수채화 느낌이 매력적인 커스텀케이크,픽업가 2 - 7만원,케이크,이수
온에떼라,4.9,(5),독창적인 무스케익과 쁘띠갸또를 선보이는 파인 디저트 파티세리,픽업가 1 - 5만원,케이크,성수
안다즈 서울 강남 아츠,4.7,(4),"최신 트렌드의 디저트 및 페이스트리, 다양한 음료를 선보이는 라운지 카페",픽업가 6 - 8만원,케이크,압구정
콜렉티보 디타워점,0.0,0,콜렉티보 디타워점에는 맛있는 커피와 달콤한 케이크가 있습니다.,픽업가 3 - 4만원,케이크,광화문
스윗미업,5.0,(2),비비드한 컬러를 사용한 레터링케이크샵,픽업가 3.0 - 5.5만원,케이크,연남
몬드리안 블라인드 스팟,4.6,(4),최상의 맛을 자랑하는 제철 메뉴로만 구성된 화려한 비쥬얼 뿐만 아니라 황홀한 맛을 선사하는 시즌별 델리 케이크를 선보이는 곳,픽업가 4 - 7만원,케이크,이태원
주빌리,0.0,0,"소중한 기념일, 세상 단 하나뿐인 꽃케이크를 선물할 수 있는 곳",픽업가 1 - 18만원,케이크,문정
오와케이크 이대직영점,4.4,(2),100% 동물성 생크림과 생과일을 사용하는 바스크 치즈 케이크 맛집,픽업가 3 - 5만원,케이크,이대
노아베이커리 압구정점,0.0,0,건강을 전하는 노아베이커리,픽업가 3 - 5만원,케이크,압구정
미미미가든_cafe,4.1,(10),"망고빙수, 애프터눈티 세트로 유명힌 베이커리 & 디저트 카페",픽업가 4 - 8만원,케이크,청담
푸푸딩,5.0,(2),정성스럽게 만든 부드러운 신촌 커스타드 푸딩 맛집,픽업가 1 - 2만원,케이크,신촌
패션5,4.2,(8),"대한민국 최고의 원료와 기술, 열정으로 만들어 낸 찬란한 디저트의 향연",픽업가 1 - 8만원,케이크,한남
라니케이크,0.0,0,"14글자로 전하는 당신의 마음, 당일 레터링케이크!",픽업가 2 -  4만원,케이크,양재
블랑제리 더 플라자,5.0,(2),더 플라자 호텔의 모던 프렌치 베이커리&카페,픽업가 5 - 8만원,케이크,시청
레인리포트 브리티시 PICK UP,0.0,0,화이트데이만을 위한 특별한 예약예약기간 : 3월 7일~3월 11일픽업기간 : 3월 13일~3월 17일,픽업가 1만원 미만,"카페,디저트",연남
크렘드슈망,4.6,(3),"생화로 장식된, 맛있고 건강한 케이크. 동물성 생크림과 서울우유버터, 크림치즈와 마스카포네를 사용합니다. 인근에서 꽃집을 별도로 운영중인 대표가 매일 직접 사입해오는 생화로 케이크를 보다 다채롭게 장식해 드려요.",픽업가 5 - 8만원,케이크,논현
골든피스 더현대서울 팝업스토어,0.0,0,한국의 전통 과자를 재해석한 프리미엄 약과,픽업가 5.6만원,"카페,디저트",여의도
콘래드서울 플레임즈,4.2,(12),콘래드 호텔 파티셰의 개성과 자부심이 담겨있는 럭셔리한 시그니처 케이크들을 경험 해 보세요.,픽업가 6 - 8만원,케이크,여의도
얀 쿠브레 여의도점,0.0,0,"파리가 사랑하는 여우,  프랑스에서 가장 핫한 디저트 브랜드",픽업가 3 - 7만원,케이크,여의도
르와지르,0.0,0,휘낭시에 전문점,픽업가 1만원 미만,"카페,디저트",건대
잇더케이크,0.0,0,세상에 하나 뿐인 케이크로 더욱 특별한 하루를 보내세요.,픽업가 4 - 12.5만원,케이크,방배
얀 쿠브레 동교점,5.0,(1),"파리가 사랑하는 여우,  프랑스에서 가장 핫한 디저트 브랜드",픽업가 3 - 5만원,케이크,홍대
반반 케이크(vanvan cake),0.0,0,계절의 다채로운 맛과 색을 디자인하는 맞춤형 케이크,픽업가 5 - 7만원,케이크,양재
오도브 비건케이크,5.0,(7),비건쌀케이크로 유명한 글루텐프리 디저트카페,픽업가 5 - 7만원,케이크,오금
JW 메리어트 호텔 서울 파티세리 (Patisserie),0.0,0,정교한 최고급 케이크 메뉴를 만나볼 수 있는 페이스트리 부티크,케이크 6 - 11만원,"카페,디저트",반포
키킥 서울 구의,0.0,0,까눌레 전문점 키킥 서울,픽업가 1.2만원,"카페,디저트",구의
푸드떼_Pick Up,0.0,0,롯데 본점에서 푸드떼 설 선물세트 현장 구매 가능합니다.,픽업가 4 - 7만원,"카페,디저트",북촌
타르틴베이커리 도산점,5.0,(1),"ALL DAY 브런치델리, 디너와 베이커리를 함께 할 수 있는 공간",픽업가 2 -5 만원,케이크,도산공원
어글리퍼피,0.0,0,"유럽풍의 가정식 패스츄리, 디저트",픽업가 3만원,"카페,디저트",압구정로데오
서울 베이킹 컴퍼니 / JW 메리어트 동대문 스퀘어 서울,4.8,(1),"LL층에 위치한 서울 베이킹 컴퍼니는 매일 아침 갓 구운 신선한 페이스트리와 그윽한 향의 커피, 특별한 날을 위한 케이크, 초콜릿은 물론 세계 각국의 프리미엄 와인 및 치즈 등 엄선된 아이템을 제공합니다.",픽업가 7 - 9만원,케이크,동대문
까치화방 강남,0.0,0,"[Every sweet moment, luck begins!] 모든 순간에 달콤함과 행운이 스며드는 곳 cake & flower cafe",픽업가 2-9만원,케이크,강남
난로 인사이트 2024,4.3,(5),미식의 미래: 한식(HANSIK)을 말하다,점심 가격변동 · 저녁 가격변동,기타,
노티드 잠실롯데월드몰,3.9,(48),"노티드는 다양한 도넛과 케이크를 함께 즐길 수 있는 프리미엄 디저트 카페로, 시그니처인 크림이 가득한 도넛과 귀여운 패키징으로 방문해주시는 모든 고객님들께 행복을 선사합니다.",픽업가 2 - 4만원,"카페,디저트",잠실
노티드 여의도 IFC카페,4.1,(7),우유생크림 도넛이 시그니처인 프리미엄 디저트 카페,픽업가 2 - 4만원,케이크,여의도
카페 하이웨스트 익선점 (당일픽업),4.8,(103),따스한 햇살과 함께 빈티지한 소품들이 공간 전체와 어우러진 영화 속에 들어온듯한 공간의 카페,픽업가 1만원 미만,"카페,디저트",익선
유이케이크,4.9,(11),v 100% 국산쌀가루 v 100% 동물성생크림 v 서울우유버터 v 글루텐프리제품사용  🎈최상의 재료로 최고의 정성을 담아 만들어 더 맛있고 예쁜 쌀빵케이크🎂,픽업가  3 - 7만원,케이크,상왕십리
리틀바잇모어(LBM)_cakes,0.0,0,"직접 제조하는 재료의 디저트와 케이크로, 여러분들이 매일 먹는 작은 즐거움을 선사합니다. 맛있고 건강한 재료를 사용하여,여러분들의 일상을 더욱 특별하게 만들어드릴게요.",픽업가 2 - 60만원,케이크,서울숲
카페 레이어드 연남점 (당일 픽업),4.8,(28),"유럽의 한 가정집의 따스함, 찰나의 스치는 런던과 파리의 빈티지한 무드를 담은 카페",디저트 1만원 미만,"카페,디저트",연남
노티드 안국,4.6,(22),우유생크림 도넛이 시그니처인 프리미엄 디저트 카페,픽업가 2 - 4만원,케이크,안국
노티드 청담,4.7,(63),우유생크림 도넛이 시그니처인 프리미엄 디저트 카페,픽업가 2 - 4만원,케이크,도산공원
노티드 신세계백화점 강남점,0.0,0,우유생크림 도넛이 시그니처인 프리미엄 디저트 카페,픽업가 2 - 4만원,케이크,반포
레인리포트,4.8,(10),,픽업가 3.8만원,케이크,이태원
노티드 강남 카카오,4.4,(32),우유생크림 도넛이 시그니처인 프리미엄 디저트 카페,픽업가 2 - 4만원,케이크,강남
노티드 홍대AK플라자,0.0,0,우유생크림 도넛이 시그니처인 프리미엄 디저트 카페,픽업가 2 - 4만원,케이크,홍대
노티드 현대백화점 무역센터,0.0,0,우유생크림 도넛이 시그니처인 프리미엄 디저트 카페,픽업가 2 - 4만원,케이크,삼성
챱챱케이크,4.5,(5),주문제작 레터링 케이크 No.1 챱챱케이크,픽업가 1 - 2만원,케이크,교대
노티드 삼성,4.7,(27),우유생크림 도넛이 시그니처인 프리미엄 디저트 카페,픽업가 2 - 4만원,케이크,삼성
파이인더샵,4.9,(13),매일 직접 만드는 수제 버터바 파이가 맛있는 디저트 카페,픽업가 6 - 7만원,케이크,연남
앙시끄엠,5.0,(3),"프랑스 브와롱 앰버서더, 꼬르동 블루 출신 파티시에가 운영하는 프리미엄 디저트 샵",픽업가 2 - 5만원,케이크,합정
카페 레이어드 안국점 (당일픽업),0.0,0,"유럽의 한 가정집의 따스함, 찰나의 스치는 런던과 파리의 빈티지한 무드를 담은 카페",픽업가 2.4만원,케이크,북촌
